epoch,step,sys/eta_seconds,sys/steps_per_sec_live,train/diffusion_loss,train/diffusion_noise_loss,train/diffusion_recon_loss,train/loss,train/mae,train/route_balance_loss,train/route_entropy,train/route_usage_coarse,train/route_usage_fine,train/route_usage_mid,train/scalar_loss,train/stable,val/diffusion_loss,val/diffusion_noise_loss,val/diffusion_recon_loss,val/gist_cosine,val/gist_retrieval_top1,val/loss,val/mae,val/route_balance_loss,val/route_entropy,val/route_usage_coarse,val/route_usage_fine,val/route_usage_mid,val/scalar_loss,val/stable
0,19,,,1.1940608024597168,0.9946022033691406,0.9972929954528809,0.33466285467147827,0.2608036994934082,0.0575401708483696,0.44850584864616394,0.8801892995834351,0.052296124398708344,0.06751454621553421,0.03499683737754822,1.0,,,,,,,,,,,,,,
0,39,,,1.1097311973571777,0.9395632743835449,0.8508397340774536,0.27898457646369934,0.0320587158203125,0.03544726222753525,0.5968904495239258,0.8126607537269592,0.05645701661705971,0.13088220357894897,0.0008428366854786873,1.0,,,,,,,,,,,,,,
0,59,,,0.9763692021369934,0.8494076728820801,0.6348075866699219,0.24496454000473022,0.03018951416015625,0.006081407889723778,0.9156296253204346,0.5080657005310059,0.08263112604618073,0.40930312871932983,0.0007506106048822403,1.0,,,,,,,,,,,,,,
0,79,,,0.8714821338653564,0.7594315409660339,0.560252845287323,0.21853969991207123,0.0288238525390625,0.0009557277662679553,0.9212799072265625,0.5915881395339966,0.11752638220787048,0.29088547825813293,0.0006500459276139736,1.0,,,,,,,,,,,,,,
0,99,,,0.7867112755775452,0.6849783062934875,0.5086649060249329,0.19731095433235168,0.02786731719970703,1.949677425727714e-05,0.9726492166519165,0.548054575920105,0.14583396911621094,0.3061114549636841,0.000632748706266284,1.0,,,,,,,,,,,,,,
0,119,,,0.7291414141654968,0.6392897367477417,0.4492585062980652,0.182835191488266,0.027036666870117188,9.538260201225057e-06,0.9763668775558472,0.5506649017333984,0.15340597927570343,0.2959291338920593,0.00054964330047369,1.0,,,,,,,,,,,,,,
0,139,,,0.6877745985984802,0.6039532423019409,0.419106662273407,0.17253054678440094,0.02613544464111328,1.8225185272058297e-07,0.974867045879364,0.5499317049980164,0.1505536437034607,0.29951465129852295,0.0005868885200470686,1.0,,,,,,,,,,,,,,
0,159,,,0.6614052057266235,0.5798296332359314,0.4078778326511383,0.16589659452438354,0.02608013153076172,9.995055734179914e-07,0.9731786251068115,0.5514070987701416,0.1494159996509552,0.2991768717765808,0.0005452658515423536,1.0,,,,,,,,,,,,,,
0,179,,,0.622791588306427,0.5500195026397705,0.3638603687286377,0.15631091594696045,0.02639484405517578,7.415855485248812e-09,0.9745428562164307,0.5499222874641418,0.15012004971504211,0.29995763301849365,0.0006130186375230551,1.0,,,,,,,,,,,,,,
,200,1420.8312301255212,21.338213404361618,,,,,,,,,,,,,,,,,,,,,,,,,,
0,199,,,0.5795810222625732,0.5096827149391174,0.34949159622192383,0.1453639417886734,0.0239715576171875,1.8782973398856484e-08,0.9746435880661011,0.5498487949371338,0.1501806080341339,0.2999705970287323,0.0004686829634010792,1.0,,,,,,,,,,,,,,
0,219,,,0.5566898584365845,0.48762091994285583,0.3453448414802551,0.1397436112165451,0.027067184448242188,6.659750795279251e-08,0.9739435911178589,0.550322413444519,0.1496906876564026,0.29998689889907837,0.0005711442790925503,1.0,,,,,,,,,,,,,,
0,239,,,0.5308105945587158,0.4689602255821228,0.3092517852783203,0.1331278681755066,0.022481918334960938,2.5594249564164784e-06,0.9725350141525269,0.5522167682647705,0.1492835283279419,0.2984997034072876,0.00042517203837633133,1.0,,,,,,,,,,,,,,
0,259,,,0.5170779228210449,0.45856451988220215,0.29256701469421387,0.12973323464393616,0.02303028106689453,1.9638741832750384e-07,0.9736501574516296,0.5505783557891846,0.1495017409324646,0.2999199330806732,0.00046375510282814503,1.0,,,,,,,,,,,,,,
0,279,,,0.47961750626564026,0.4216248393058777,0.2899633049964905,0.1202966719865799,0.021782875061035156,1.222008677359554e-06,0.9735287427902222,0.5513619184494019,0.14998376369476318,0.2986542880535126,0.0003922723699361086,1.0,,,,,,,,,,,,,,
0,299,,,0.487410306930542,0.4350987374782562,0.26155778765678406,0.12220731377601624,0.02104949951171875,6.881186891405378e-07,0.973075270652771,0.5511327981948853,0.14916948974132538,0.2996976971626282,0.00035472679883241653,1.0,,,,,,,,,,,,,,
0,319,,,0.44541096687316895,0.3955584466457367,0.24926254153251648,0.11185891926288605,0.026422500610351562,2.393210536411061e-07,0.973597526550293,0.5506833791732788,0.1495649218559265,0.2997516691684723,0.000506172887980938,1.0,,,,,,,,,,,,,,
0,339,,,0.4199989438056946,0.3725854456424713,0.2370675504207611,0.10543669760227203,0.024234771728515625,4.688148237619316e-06,0.9717774391174316,0.5530070066452026,0.1489972174167633,0.29799580574035645,0.0004368666559457779,1.0,,,,,,,,,,,,,,
0,359,,,0.3988175392150879,0.351638525724411,0.235895037651062,0.10014346987009048,0.024079322814941406,3.3955254252759914e-07,0.9740542769432068,0.5496718287467957,0.149509459733963,0.3008187413215637,0.00043908110819756985,1.0,,,,,,,,,,,,,,
0,379,,,0.3817700445652008,0.3377748727798462,0.21997590363025665,0.09579747915267944,0.021350860595703125,7.45069428376155e-07,0.972893238067627,0.5511941909790039,0.1491837501525879,0.2996220290660858,0.00035494985058903694,1.0,,,,,,,,,,,,,,
,400,1332.4551321914796,22.603387740692728,,,,,,,,,,,,,,,,,,,,,,,,,,
0,399,,,0.36784306168556213,0.32424020767211914,0.2180142104625702,0.0923098623752594,0.020295143127441406,1.2693877806668752e-06,0.975132942199707,0.5485564470291138,0.15013772249221802,0.301305890083313,0.00034907390363514423,1.0,,,,,,,,,,,,,,
0,419,,,0.3552113175392151,0.3148854970932007,0.20162908732891083,0.08912497013807297,0.018741607666015625,4.6146496401888726e-07,0.9732433557510376,0.5509604811668396,0.1495370715856552,0.299502432346344,0.0003221309743821621,1.0,,,,,,,,,,,,,,
0,439,,,0.35878080129623413,0.3198752999305725,0.1945274919271469,0.09015697240829468,0.022612571716308594,5.656724511027278e-07,0.973240077495575,0.5510165691375732,0.14976269006729126,0.2992207109928131,0.00046176393516361713,1.0,,,,,,,,,,,,,,
1,459,,,0.3158978819847107,0.27894172072410583,0.1847807615995407,0.07954474538564682,0.029144287109375,1.1339274124111398e-06,0.9745670557022095,0.5488351583480835,0.1497558057308197,0.3014090061187744,0.0005702548660337925,1.0,,,,,,,,,,,,,,
1,479,,,0.31334707140922546,0.27805858850479126,0.1764424443244934,0.07893745601177216,0.029654502868652344,6.147862222860567e-06,0.9758815765380859,0.5469809770584106,0.14996489882469177,0.30305415391921997,0.0006005645263940096,1.0,,,,,,,,,,,,,,
1,499,,,0.3043125569820404,0.26968061923980713,0.17315968871116638,0.07653162628412247,0.02537250518798828,2.53643037240181e-07,0.9733863472938538,0.5506841540336609,0.14982947707176208,0.2994863986968994,0.00045347982086241245,1.0,,,,,,,,,,,,,,
1,519,,,0.2832471430301666,0.24958890676498413,0.16829116642475128,0.07115653902292252,0.021170616149902344,6.532862073527212e-08,0.9739051461219788,0.5502223372459412,0.15013566613197327,0.29964202642440796,0.00034474884159862995,1.0,,,,,,,,,,,,,,
1,539,,,0.2855248749256134,0.25400078296661377,0.15762044489383698,0.07175063341856003,0.020832061767578125,1.7199777158083407e-09,0.9738131761550903,0.5500586628913879,0.14997079968452454,0.2999705672264099,0.0003694114275276661,1.0,,,,,,,,,,,,,,
1,559,,,0.2829419672489166,0.2522154450416565,0.15363264083862305,0.07110750675201416,0.02093505859375,1.6589050346738077e-06,0.9746612310409546,0.5484507083892822,0.14994511008262634,0.30160418152809143,0.00037197815254330635,1.0,,,,,,,,,,,,,,
1,579,,,0.2679367959499359,0.23909182846546173,0.14422482252120972,0.06731021404266357,0.020720481872558594,1.7157603338091576e-07,0.9738163948059082,0.5497860312461853,0.1496347337961197,0.3005792498588562,0.0003260087687522173,1.0,,,,,,,,,,,,,,
,600,1276.5878315069833,23.4359119377493,,,,,,,,,,,,,,,,,,,,,,,,,,
1,599,,,0.263043612241745,0.23425361514091492,0.1439499855041504,0.06608814746141434,0.020043373107910156,1.5809299611646566e-06,0.9727096557617188,0.5516356229782104,0.14978626370429993,0.29857808351516724,0.00032720924355089664,1.0,,,,,,,,,,,,,,
1,619,,,0.257239431142807,0.23013828694820404,0.13550573587417603,0.06462329626083374,0.018975257873535156,4.6966924571734125e-08,0.9734234809875488,0.5501008629798889,0.1496989130973816,0.3002001941204071,0.0003134345170110464,1.0,,,,,,,,,,,,,,
1,639,,,0.24150583148002625,0.2153944969177246,0.13055665791034698,0.060674089938402176,0.0193634033203125,4.552522909762047e-07,0.9730871915817261,0.5509228110313416,0.1497487723827362,0.29932838678359985,0.0002976246178150177,1.0,,,,,,,,,,,,,,
1,659,,,0.22961647808551788,0.20426976680755615,0.12673352658748627,0.05777132138609886,0.022414207458496094,3.403917389732669e-06,0.9719273447990417,0.5524512529373169,0.14954861998558044,0.29800015687942505,0.0003671350423246622,1.0,,,,,,,,,,,,,,
1,679,,,0.2396988570690155,0.21517641842365265,0.12261222302913666,0.06057881563901901,0.03148651123046875,5.422337380878162e-06,0.9715479016304016,0.553033709526062,0.14959266781806946,0.2973736524581909,0.0006539933383464813,1.0,,,,,,,,,,,,,,
1,699,,,0.2563762068748474,0.23321154713630676,0.11582323908805847,0.06434180587530136,0.0177154541015625,1.0766521882032976e-05,0.9703661203384399,0.5544471740722656,0.14892396330833435,0.2966288924217224,0.0002475390210747719,1.0,,,,,,,,,,,,,,
1,719,,,0.22857588529586792,0.20512770116329193,0.11724090576171875,0.057536426931619644,0.02121257781982422,4.4228590923012234e-06,0.9718037843704224,0.5526812076568604,0.14977416396141052,0.2975446581840515,0.000392368296161294,1.0,,,,,,,,,,,,,,
1,739,,,0.23846964538097382,0.21663671731948853,0.10916467010974884,0.05992508307099342,0.018743515014648438,1.84584258988707e-08,0.9734139442443848,0.5500394105911255,0.14981740713119507,0.30014312267303467,0.00030767079442739487,1.0,,,,,,,,,,,,,,
1,759,,,0.22171352803707123,0.19985376298427582,0.10929879546165466,0.0557139627635479,0.018527984619140625,3.3210835681529716e-06,0.9717551469802856,0.5524654984474182,0.14941734075546265,0.29811716079711914,0.0002855127677321434,1.0,,,,,,,,,,,,,,
1,779,,,0.21649815142154694,0.19571518898010254,0.1039147824048996,0.054430555552244186,0.020090103149414062,6.64005710859783e-07,0.9744699001312256,0.5488712787628174,0.15036317706108093,0.3007655739784241,0.00030600372701883316,1.0,,,,,,,,,,,,,,
,800,1238.942993323815,23.986575782855883,,,,,,,,,,,,,,,,,,,,,,,,,,
1,799,,,0.22734661400318146,0.20720326900482178,0.10071669518947601,0.057192254811525345,0.019829750061035156,7.713979357504286e-07,0.97376948595047,0.5491363406181335,0.14965873956680298,0.3012049198150635,0.00035558477975428104,1.0,,,,,,,,,,,,,,
1,819,,,0.21305423974990845,0.19403210282325745,0.0951106995344162,0.053587570786476135,0.01974964141845703,1.1267948138993233e-06,0.9744904041290283,0.5485806465148926,0.15028631687164307,0.30113306641578674,0.00032398966141045094,1.0,,,,,,,,,,,,,,
1,839,,,0.19971837103366852,0.18070441484451294,0.09506979584693909,0.05024927854537964,0.020041465759277344,1.703398424979241e-06,0.9745447039604187,0.5482999086380005,0.15022769570350647,0.30147242546081543,0.00031965202651917934,1.0,,,,,,,,,,,,,,
1,859,,,0.19295935332775116,0.17482201755046844,0.09068664908409119,0.04862796515226364,0.020721435546875,1.9127116956951795e-06,0.9721183776855469,0.5518455505371094,0.1496380716562271,0.2985163927078247,0.0003880895674228668,1.0,,,,,,,,,,,,,,
1,879,,,0.19100500643253326,0.17340651154518127,0.08799247443675995,0.048094820231199265,0.021890640258789062,1.5225125480355928e-06,0.9750826358795166,0.5482592582702637,0.15076488256454468,0.30097585916519165,0.00034353649243712425,1.0,,,,,,,,,,,,,,
1,899,,,0.1971152424812317,0.17983806133270264,0.08638591319322586,0.049860283732414246,0.02960681915283203,1.7319711105301394e-06,0.9741312265396118,0.5484609007835388,0.14986327290534973,0.30167582631111145,0.0005814374890178442,1.0,,,,,,,,,,,,,,
2,919,,,0.20418250560760498,0.18802720308303833,0.08077649027109146,0.051327306777238846,0.01896381378173828,4.048137896006665e-07,0.9727277755737305,0.5508828163146973,0.14970919489860535,0.299407958984375,0.00028167269192636013,1.0,,,,,,,,,,,,,,
2,939,,,0.18643811345100403,0.17009927332401276,0.08169418573379517,0.046998441219329834,0.02324962615966797,4.260829882696271e-06,0.9752453565597534,0.5472815036773682,0.1504380851984024,0.3022804260253906,0.0003888269420713186,1.0,,,,,,,,,,,,,,
2,959,,,0.18306399881839752,0.16731740534305573,0.07873298227787018,0.04609301686286926,0.018874168395996094,3.182457930961391e-06,0.9750261902809143,0.5476264953613281,0.1504461169242859,0.301927387714386,0.0003269549924880266,1.0,,,,,,,,,,,,,,
2,979,,,0.1764034926891327,0.16108521819114685,0.076591357588768,0.04445011913776398,0.019710540771484375,3.1164931897365022e-06,0.9746888875961304,0.5477038621902466,0.15029925107955933,0.3019969165325165,0.0003491826355457306,1.0,,,,,,,,,,,,,,
,1000,1205.4262908332041,24.487602621971043,,,,,,,,,,,,,,,,,,,,,,,,,,
2,999,,,0.19552259147167206,0.1804381012916565,0.07542246580123901,0.0491902120411396,0.018584251403808594,4.5111678446119186e-06,0.9754661321640015,0.5471472144126892,0.15061219036579132,0.30224061012268066,0.0003094740677624941,1.0,,,,,,,,,,,,,,
2,999,,,,,,,,,,,,,,,0.18613100051879883,0.17130209505558014,0.07414452731609344,0.9192626476287842,0.010163204744458199,0.04687602072954178,0.021927764639258385,1.2901443369628396e-05,0.9749616384506226,0.5478230118751526,0.15049618482589722,0.30168086290359497,0.0003430170763749629,1.0
2,1019,,,0.17954951524734497,0.16494587063789368,0.07301822304725647,0.045200247317552567,0.01886272430419922,2.729192942751979e-07,0.9726547002792358,0.5507174134254456,0.14979416131973267,0.2994884252548218,0.0003128636162728071,1.0,,,,,,,,,,,,,,
2,1039,,,0.19015535712242126,0.17571938037872314,0.0721798837184906,0.04784020036458969,0.01823139190673828,2.930699338321574e-06,0.9715542793273926,0.5522565841674805,0.14963126182556152,0.298112154006958,0.00030130124650895596,1.0,,,,,,,,,,,,,,
2,1059,,,0.19084599614143372,0.17715613543987274,0.06844931840896606,0.04796093702316284,0.01689434051513672,1.0696322533476632e-05,0.9701841473579407,0.5543145537376404,0.14928598701953888,0.29639947414398193,0.0002492230851203203,1.0,,,,,,,,,,,,,,
2,1079,,,0.17767463624477386,0.16461661458015442,0.06529013067483902,0.04477306455373764,0.021697998046875,2.61402277601519e-07,0.9732217192649841,0.5503242611885071,0.15039756894111633,0.299278199672699,0.0003544008359313011,1.0,,,,,,,,,,,,,,
2,1099,,,0.17551441490650177,0.16252443194389343,0.06494993716478348,0.044163547456264496,0.01958179473876953,6.716192729072645e-06,0.975204586982727,0.5467207431793213,0.15022213757038116,0.30305707454681396,0.0002848103176802397,1.0,,,,,,,,,,,,,,
2,1119,,,0.16333122551441193,0.1505928337574005,0.06369198858737946,0.04114356264472008,0.020566940307617188,2.7095001087218407e-07,0.9735504388809204,0.5493197441101074,0.15009644627571106,0.30058377981185913,0.00031075067818164825,1.0,,,,,,,,,,,,,,
2,1139,,,0.1682683825492859,0.155867338180542,0.062005214393138885,0.04248839616775513,0.021337509155273438,1.0904774399023154e-06,0.9741668701171875,0.5485252737998962,0.15066972374916077,0.3008050322532654,0.00042128004133701324,1.0,,,,,,,,,,,,,,
2,1159,,,0.1792723536491394,0.1673596352338791,0.05956362932920456,0.04523620754480362,0.024967193603515625,6.32304704595299e-07,0.9740888476371765,0.5489649772644043,0.15013664960861206,0.30089831352233887,0.000418106559664011,1.0,,,,,,,,,,,,,,
2,1179,,,0.15939393639564514,0.1472960263490677,0.06048958748579025,0.040200695395469666,0.021467208862304688,1.6582565649514436e-06,0.9716188311576843,0.551723062992096,0.1496489942073822,0.29862791299819946,0.0003521791659295559,1.0,,,,,,,,,,,,,,
,1200,1265.3828661776618,23.16927214967024,,,,,,,,,,,,,,,,,,,,,,,,,,
2,1199,,,0.15622885525226593,0.1445387452840805,0.05845053493976593,0.03935661539435387,0.019832611083984375,6.671459686913295e-07,0.9729540348052979,0.5507491827011108,0.15038679540157318,0.2988639771938324,0.0002993880771100521,1.0,,,,,,,,,,,,,,
2,1219,,,0.17660386860370636,0.16556386649608612,0.05520002916455269,0.044443726539611816,0.018030166625976562,1.368717676086817e-06,0.9720678329467773,0.5515171885490417,0.1498129665851593,0.29866984486579895,0.0002927319146692753,1.0,,,,,,,,,,,,,,
2,1239,,,0.16627104580402374,0.15555435419082642,0.053583480417728424,0.04188688471913338,0.01851654052734375,1.721501575957518e-06,0.9716485142707825,0.5517466068267822,0.14966917037963867,0.2985842227935791,0.0003190874122083187,1.0,,,,,,,,,,,,,,
2,1259,,,0.14509980380535126,0.13432127237319946,0.05389265716075897,0.036548953503370285,0.018622398376464844,4.164645361015573e-06,0.9712463617324829,0.5525944828987122,0.1497974693775177,0.29760801792144775,0.00027391896583139896,1.0,,,,,,,,,,,,,,
2,1279,,,0.16293132305145264,0.15256035327911377,0.05185488611459732,0.04101422801613808,0.019394874572753906,4.519814865489025e-06,0.9707181453704834,0.552911639213562,0.1491934061050415,0.2978949546813965,0.0002813052851706743,1.0,,,,,,,,,,,,,,
2,1299,,,0.16654066741466522,0.15632347762584686,0.0510859414935112,0.041950806975364685,0.01981067657470703,3.5924194889958017e-06,0.9751362204551697,0.5473350286483765,0.1510833501815796,0.30158162117004395,0.00031556817702949047,1.0,,,,,,,,,,,,,,
2,1319,,,0.15297944843769073,0.14285606145858765,0.05061690881848335,0.03858193755149841,0.019901275634765625,3.9949640040504164e-08,0.9729970693588257,0.5497235059738159,0.15008732676506042,0.30018913745880127,0.00033707544207572937,1.0,,,,,,,,,,,,,,
2,1339,,,0.14980299770832062,0.14023669064044952,0.04783152788877487,0.03776586055755615,0.01865673065185547,9.034060894919094e-06,0.9695855379104614,0.5541286468505859,0.14881132543087006,0.2970600128173828,0.0003149320837110281,1.0,,,,,,,,,,,,,,
2,1359,,,0.1502329707145691,0.14100712537765503,0.0461292564868927,0.03785570338368416,0.02001667022705078,3.854725605378917e-07,0.9738072156906128,0.5491335391998291,0.15055623650550842,0.30031025409698486,0.0002974516246467829,1.0,,,,,,,,,,,,,,
3,1379,,,0.16367360949516296,0.15427160263061523,0.04701003059744835,0.041279762983322144,0.022505760192871094,6.990430847508833e-06,0.9749302268028259,0.546657383441925,0.1502200961112976,0.30312246084213257,0.0003612202126532793,1.0,,,,,,,,,,,,,,
,1400,1224.9173972361987,23.771398843464404,,,,,,,,,,,,,,,,,,,,,,,,,,
3,1399,,,0.1536049097776413,0.14459896087646484,0.04502974450588226,0.03869481012225151,0.018459320068359375,2.1040154507545594e-08,0.9725894927978516,0.5501652359962463,0.15002267062664032,0.29981210827827454,0.0002935826778411865,1.0,,,,,,,,,,,,,,
3,1419,,,0.1603555977344513,0.1513131558895111,0.04521223157644272,0.04042961820960045,0.02037334442138672,1.7353544535581023e-05,0.9766741991043091,0.5444146990776062,0.1511698067188263,0.3044154942035675,0.0003403730224817991,1.0,,,,,,,,,,,,,,
3,1439,,,0.15778815746307373,0.1491355448961258,0.04326309263706207,0.03983074799180031,0.019515037536621094,6.845674533906276e-07,0.9736111164093018,0.5488390922546387,0.15045377612113953,0.3007071614265442,0.00038369488902390003,1.0,,,,,,,,,,,,,,
3,1459,,,0.14698435366153717,0.13872253894805908,0.041309088468551636,0.037120990455150604,0.02365398406982422,1.5842419088585302e-05,0.9763864874839783,0.5448338985443115,0.15064723789691925,0.30451881885528564,0.0003745842259377241,1.0,,,,,,,,,,,,,,
3,1479,,,0.15678122639656067,0.14852583408355713,0.041276972740888596,0.03948112204670906,0.01859760284423828,4.3443384356578463e-07,0.9720388650894165,0.5508648157119751,0.14986875653266907,0.29926639795303345,0.00028580822981894016,1.0,,,,,,,,,,,,,,
3,1499,,,0.13626573979854584,0.12802931666374207,0.04118211939930916,0.03446614742279053,0.02027130126953125,4.621756488631945e-06,0.9707015752792358,0.5527869462966919,0.14965884387493134,0.29755422472953796,0.00039961840957403183,1.0,,,,,,,,,,,,,,
3,1519,,,0.1461179405450821,0.13826340436935425,0.03927268087863922,0.0367431715130806,0.01696491241455078,6.36055438008043e-06,0.9709284901618958,0.5532287359237671,0.14969798922538757,0.29707327485084534,0.00021355901844799519,1.0,,,,,,,,,,,,,,
3,1539,,,0.14485323429107666,0.1371326744556427,0.038602814078330994,0.036465007811784744,0.017175674438476562,5.608724677585997e-06,0.9703359007835388,0.553248941898346,0.1490800678730011,0.29767099022865295,0.00025158701464533806,1.0,,,,,,,,,,,,,,
3,1559,,,0.15171842277050018,0.14400316774845123,0.03857624903321266,0.03826594725251198,0.019598960876464844,2.4868759282981046e-06,0.9743473529815674,0.5477782487869263,0.15094296634197235,0.3012787699699402,0.0003362910356372595,1.0,,,,,,,,,,,,,,
3,1579,,,0.15300673246383667,0.14588961005210876,0.03558557853102684,0.038577739149332047,0.01843738555908203,5.970723577775061e-06,0.9694905877113342,0.5534398555755615,0.14856600761413574,0.2979941964149475,0.0003259370569139719,1.0,,,,,,,,,,,,,,
,1600,1193.4223692760188,24.231152980267076,,,,,,,,,,,,,,,,,,,,,,,,,,
3,1599,,,0.13292519748210907,0.12571388483047485,0.03605654090642929,0.0334855355322361,0.018012046813964844,3.026740955647256e-07,0.9734741449356079,0.5492219924926758,0.1503959596157074,0.30038201808929443,0.00025423080660402775,1.0,,,,,,,,,,,,,,
3,1619,,,0.1318516731262207,0.12487442791461945,0.0348861888051033,0.03327237442135811,0.018296241760253906,4.565830295177875e-06,0.9705384373664856,0.552849292755127,0.14944711327552795,0.2977036237716675,0.00030936370603740215,1.0,,,,,,,,,,,,,,
3,1639,,,0.15298719704151154,0.14612938463687897,0.03428908437490463,0.03847775235772133,0.017297744750976562,2.692539453619247e-07,0.9721990823745728,0.5507147312164307,0.14978674054145813,0.2994985580444336,0.00023094797506928444,1.0,,,,,,,,,,,,,,
3,1659,,,0.1395576000213623,0.13279128074645996,0.03383159637451172,0.03525089845061302,0.01927947998046875,3.0183105081960093e-06,0.9712945222854614,0.5521048307418823,0.1500452160835266,0.29784998297691345,0.0003614397719502449,1.0,,,,,,,,,,,,,,
3,1679,,,0.12883296608924866,0.12216798961162567,0.03332488238811493,0.032587140798568726,0.020186424255371094,3.791610197367845e-06,0.9746565818786621,0.5473009943962097,0.15087628364562988,0.3018227219581604,0.00037882267497479916,1.0,,,,,,,,,,,,,,
3,1699,,,0.14307142794132233,0.1364419013261795,0.0331476628780365,0.03646154701709747,0.03277778625488281,3.6869605537503958e-06,0.9741817116737366,0.54744553565979,0.15047942101955414,0.30207502841949463,0.0006936173886060715,1.0,,,,,,,,,,,,,,
3,1719,,,0.1367190182209015,0.13040384650230408,0.03157582879066467,0.034459084272384644,0.018865585327148438,1.3579951385622735e-08,0.9727834463119507,0.5501294136047363,0.1498469114303589,0.30002361536026,0.00027933064848184586,1.0,,,,,,,,,,,,,,
3,1739,,,0.1313856542110443,0.12502138316631317,0.03182137757539749,0.033187489956617355,0.019329071044921875,4.619318588083843e-06,0.9739645719528198,0.5472777485847473,0.15019023418426514,0.30253201723098755,0.00034098513424396515,1.0,,,,,,,,,,,,,,
3,1759,,,0.13362862169742584,0.12738347053527832,0.031225770711898804,0.03374307602643967,0.02109527587890625,1.2723246982204728e-05,0.9761245250701904,0.5451235175132751,0.15132024884223938,0.3035562038421631,0.00033566588535904884,1.0,,,,,,,,,,,,,,
3,1779,,,0.1344151347875595,0.12843996286392212,0.02987588942050934,0.03390250355005264,0.018731117248535156,2.9114676181052346e-06,0.9727182388305664,0.5482298135757446,0.14946484565734863,0.30230531096458435,0.000298662343993783,1.0,,,,,,,,,,,,,,
,1800,1177.0099928311445,24.399113155294955,,,,,,,,,,,,,,,,,,,,,,,,,,
3,1799,,,0.12913142144680023,0.12318733334541321,0.029720429331064224,0.032646093517541885,0.02279949188232422,6.121635465206055e-07,0.972561776638031,0.5505003929138184,0.15060442686080933,0.29889512062072754,0.0003632248844951391,1.0,,,,,,,,,,,,,,
3,1819,,,0.14223173260688782,0.13665513694286346,0.027882970869541168,0.03590044751763344,0.021307945251464844,2.6534202334005386e-05,0.9763214588165283,0.5434238910675049,0.1505737602710724,0.30600234866142273,0.0003419837448745966,1.0,,,,,,,,,,,,,,
4,1839,,,0.12191469222307205,0.11613459140062332,0.0289005059748888,0.030774425715208054,0.018487930297851562,7.298418580603538e-08,0.972632646560669,0.5497561097145081,0.15037661790847778,0.2998672425746918,0.00029575079679489136,1.0,,,,,,,,,,,,,,
4,1859,,,0.13619300723075867,0.13044992089271545,0.02871539816260338,0.034365467727184296,0.02008819580078125,1.2834889275836758e-06,0.9735676050186157,0.5484029650688171,0.15068762004375458,0.30090945959091187,0.0003171907737851143,1.0,,,,,,,,,,,,,,
4,1879,,,0.1255996823310852,0.12002946436405182,0.02785111963748932,0.03174519166350365,0.01923656463623047,6.320328793663066e-06,0.9732064008712769,0.5471643209457397,0.14956046640872955,0.3032751679420471,0.00034514511935412884,1.0,,,,,,,,,,,,,,
4,1899,,,0.1258906126022339,0.12055036425590515,0.02670123055577278,0.031810808926820755,0.018678665161132812,5.957123789812613e-07,0.9725245237350464,0.548931360244751,0.1503417193889618,0.30072689056396484,0.000338143203407526,1.0,,,,,,,,,,,,,,
4,1919,,,0.13447336852550507,0.12918952107429504,0.02641921676695347,0.03386455774307251,0.01665782928466797,3.1183908504317515e-06,0.971306324005127,0.5521457195281982,0.15003371238708496,0.2978205680847168,0.0002461525145918131,1.0,,,,,,,,,,,,,,
4,1939,,,0.1270938664674759,0.12208102643489838,0.025064215064048767,0.032018132507801056,0.01737213134765625,1.010496134767891e-06,0.9728375673294067,0.5489373803138733,0.14971348643302917,0.3013491630554199,0.00024464400485157967,1.0,,,,,,,,,,,,,,
4,1959,,,0.11932725459337234,0.11429783701896667,0.0251470934599638,0.030248209834098816,0.021059036254882812,5.811119990539737e-06,0.9699857234954834,0.5529798269271851,0.14994437992572784,0.2970758080482483,0.00041628070175647736,1.0,,,,,,,,,,,,,,
4,1979,,,0.1305243819952011,0.12566758692264557,0.024283993989229202,0.03291478753089905,0.019664764404296875,3.294632620054472e-07,0.9723821878433228,0.5494096279144287,0.149812713265419,0.3007776737213135,0.0002836841158568859,1.0,,,,,,,,,,,,,,
,2000,1154.4049632312958,24.703635992845392,,,,,,,,,,,,,,,,,,,,,,,,,,
4,1999,,,0.10831962525844574,0.10327982902526855,0.025198962539434433,0.02748801000416279,0.023529052734375,2.072962888632901e-05,0.9761507511138916,0.5439281463623047,0.15118011832237244,0.3048917055130005,0.0004076897166669369,1.0,,,,,,,,,,,,,,
4,1999,,,,,,,,,,,,,,,0.1213039830327034,0.11642833054065704,0.024378273636102676,0.9503790140151978,0.003684470895677805,0.030617812648415565,0.01778160035610199,3.203547021257691e-05,0.9688228368759155,0.5545874834060669,0.1493023931980133,0.29611003398895264,0.0002911702322307974,1.0
4,2019,,,0.12961721420288086,0.12480421364307404,0.024065008386969566,0.03273928537964821,0.018896102905273438,1.2402105085129733e-06,0.9714487195014954,0.5510672330856323,0.15046939253807068,0.2984633445739746,0.00033495668321847916,1.0,,,,,,,,,,,,,,
4,2039,,,0.1288934201002121,0.12425210326910019,0.023206602782011032,0.03248497471213341,0.01752471923828125,1.6210456124099437e-06,0.9704968929290771,0.5517877340316772,0.14892011880874634,0.2992921769618988,0.00026158615946769714,1.0,,,,,,,,,,,,,,
4,2059,,,0.12908720970153809,0.12453407049179077,0.02276572957634926,0.03255472332239151,0.018721580505371094,6.314709821708675e-07,0.9710015654563904,0.5510485768318176,0.1498257964849472,0.299125611782074,0.00028290809132158756,1.0,,,,,,,,,,,,,,
4,2079,,,0.10236965119838715,0.09774845838546753,0.02310597524046898,0.02597208507359028,0.020509719848632812,4.1788948692556005e-06,0.9731911420822144,0.5476435422897339,0.14972785115242004,0.30262863636016846,0.00037958845496177673,1.0,,,,,,,,,,,,,,
4,2099,,,0.10569646954536438,0.10104687511920929,0.02324797958135605,0.0267315823584795,0.018179893493652344,1.3316146407760243e-07,0.9722355604171753,0.5497010350227356,0.15051376819610596,0.29978519678115845,0.00030746241100132465,1.0,,,,,,,,,,,,,,
4,2119,,,0.1265358328819275,0.12230290472507477,0.021164650097489357,0.03206291049718857,0.02468109130859375,2.4045548343565315e-06,0.9732881784439087,0.5478386878967285,0.15075907111167908,0.30140221118927,0.00042890384793281555,1.0,,,,,,,,,,,,,,
4,2139,,,0.12578926980495453,0.12161341309547424,0.020879264920949936,0.031724486500024796,0.018955230712890625,6.224990556802368e-06,0.9691641926765442,0.5534495115280151,0.1489180624485016,0.29763245582580566,0.0002770456485450268,1.0,,,,,,,,,,,,,,
4,2159,,,0.11202686280012131,0.10794513672590256,0.0204086322337389,0.02841757796704769,0.02123546600341797,5.380635457186145e-07,0.9731684923171997,0.5492874979972839,0.151009202003479,0.29970329999923706,0.00041085085831582546,1.0,,,,,,,,,,,,,,
4,2179,,,0.11847197264432907,0.11439471691846848,0.02038627862930298,0.02984972484409809,0.016623497009277344,3.2838065635587554e-06,0.9735632538795471,0.5476652979850769,0.15025222301483154,0.30208253860473633,0.00023166579194366932,1.0,,,,,,,,,,,,,,
,2200,1184.505812062934,23.907016505627276,,,,,,,,,,,,,,,,,,,,,,,,,,
4,2199,,,0.11994536221027374,0.11586509644985199,0.020401328802108765,0.030248058959841728,0.017370223999023438,1.5918610074550088e-07,0.9713760614395142,0.5500942468643188,0.14947107434272766,0.3004346489906311,0.000261716078966856,1.0,,,,,,,,,,,,,,
4,2219,,,0.11391372233629227,0.11007674038410187,0.01918492279946804,0.028721317648887634,0.01662445068359375,3.197870682924986e-05,0.9675853848457336,0.5570037364959717,0.14984165132045746,0.29315465688705444,0.00024224724620580673,1.0,,,,,,,,,,,,,,
4,2239,,,0.12346623837947845,0.11957456916570663,0.019458357244729996,0.03123493492603302,0.02013397216796875,9.1825231720577e-06,0.9686757922172546,0.5541138052940369,0.14898288249969482,0.2969032824039459,0.0003681918606162071,1.0,,,,,,,,,,,,,,
4,2259,,,0.12011156976222992,0.11635278165340424,0.01879393681883812,0.030290216207504272,0.017354965209960938,4.649508582588169e-07,0.9710384011268616,0.5509642958641052,0.14951854944229126,0.29951709508895874,0.00026231491938233376,1.0,,,,,,,,,,,,,,
4,2279,,,0.12308593839406967,0.11938554048538208,0.01850198023021221,0.031063519418239594,0.01993846893310547,5.677058197761653e-06,0.9746179580688477,0.5466786623001099,0.1511686146259308,0.30215272307395935,0.00029192143119871616,1.0,,,,,,,,,,,,,,
5,2299,,,0.11572764813899994,0.11216633766889572,0.01780654489994049,0.029246551916003227,0.019201278686523438,7.402457413263619e-06,0.9734371304512024,0.5463959574699402,0.1506350040435791,0.3029690086841583,0.00031449273228645325,1.0,,,,,,,,,,,,,,
5,2319,,,0.11529688537120819,0.11167559772729874,0.01810641959309578,0.029128238558769226,0.01935577392578125,7.860826372052543e-06,0.9738458395004272,0.5463032722473145,0.15060661733150482,0.30309009552001953,0.00030386075377464294,1.0,,,,,,,,,,,,,,
5,2339,,,0.11142046004533768,0.10800357162952423,0.01708444021642208,0.028110453858971596,0.01753711700439453,8.696635632077232e-06,0.9684309363365173,0.5540084838867188,0.14899282157421112,0.2969987392425537,0.0002551653888076544,1.0,,,,,,,,,,,,,,
5,2359,,,0.11205657571554184,0.10864037275314331,0.017081014811992645,0.028291551396250725,0.019338607788085938,1.2577231245813891e-05,0.9750895500183105,0.5452434420585632,0.15100088715553284,0.30375567078590393,0.0002771560102701187,1.0,,,,,,,,,,,,,,
5,2379,,,0.1069691851735115,0.10349923372268677,0.017349746078252792,0.02703879214823246,0.020059585571289062,1.4405211913981475e-05,0.975721001625061,0.5448132753372192,0.15139693021774292,0.30378973484039307,0.00029620807617902756,1.0,,,,,,,,,,,,,,
,2400,1167.35739316598,24.086882187589023,,,,,,,,,,,,,,,,,,,,,,,,,,
5,2399,,,0.10688523948192596,0.10370732843875885,0.015889566391706467,0.027032578364014626,0.019430160522460938,2.7228975341131445e-06,0.9699289798736572,0.5521811842918396,0.14962787926197052,0.2981909513473511,0.00031121401116251945,1.0,,,,,,,,,,,,,,
5,2419,,,0.1163017675280571,0.11322756856679916,0.01537100225687027,0.029320964589715004,0.01710796356201172,6.809194097456839e-09,0.9718100428581238,0.5501145124435425,0.14992326498031616,0.29996222257614136,0.0002455220092087984,1.0,,,,,,,,,,,,,,
5,2439,,,0.11270999163389206,0.10957971215248108,0.0156514011323452,0.028464192524552345,0.018808364868164062,2.6136051019420847e-05,0.975485622882843,0.5434631109237671,0.15059342980384827,0.30594348907470703,0.00028617167845368385,1.0,,,,,,,,,,,,,,
5,2459,,,0.10335113108158112,0.10031744837760925,0.015168425627052784,0.026058556511998177,0.016239166259765625,2.1000798255954578e-07,0.9723514914512634,0.5501855611801147,0.15044496953487396,0.2993694543838501,0.00022076955065131187,1.0,,,,,,,,,,,,,,
5,2479,,,0.11790599673986435,0.11488327383995056,0.015113628469407558,0.02974221482872963,0.017421722412109375,2.170498737541493e-05,0.9674198627471924,0.5561350584030151,0.14901292324066162,0.29485201835632324,0.00026528211310505867,1.0,,,,,,,,,,,,,,
5,2499,,,0.11516248434782028,0.11226247251033783,0.014500053599476814,0.029070556163787842,0.01985454559326172,2.352612864342518e-05,0.9676045179367065,0.5563392639160156,0.14909961819648743,0.29456111788749695,0.0002794640604406595,1.0,,,,,,,,,,,,,,
5,2519,,,0.10515813529491425,0.10229142010211945,0.014333563856780529,0.02653733268380165,0.018204689025878906,7.894083751125436e-07,0.9722829461097717,0.5491344928741455,0.1496439129114151,0.3012216091156006,0.0002477832604199648,1.0,,,,,,,,,,,,,,
5,2539,,,0.10201509296894073,0.0991915687918663,0.014117619022727013,0.025774702429771423,0.018552780151367188,3.2985499274218455e-06,0.972252607345581,0.5482267737388611,0.14927741885185242,0.3024958372116089,0.0002708630636334419,1.0,,,,,,,,,,,,,,
5,2559,,,0.09583362191915512,0.09309488534927368,0.013693670742213726,0.024221712723374367,0.018341064453125,5.836086529598106e-07,0.9723941683769226,0.5489352345466614,0.15037396550178528,0.30069082975387573,0.00026329513639211655,1.0,,,,,,,,,,,,,,
5,2579,,,0.11000391095876694,0.1073281317949295,0.01337890513241291,0.027761951088905334,0.018349647521972656,1.4249190826376434e-05,0.9687188863754272,0.5547090768814087,0.1498231440782547,0.2954677939414978,0.0002606885973364115,1.0,,,,,,,,,,,,,,
,2600,1151.2855571919647,24.249413905697914,,,,,,,,,,,,,,,,,,,,,,,,,,
5,2599,,,0.1065346747636795,0.103920117020607,0.013072802685201168,0.027010271325707436,0.019433975219726562,2.699149945328827e-06,0.9682409167289734,0.5523223876953125,0.1487785130739212,0.2988991141319275,0.0003765495494008064,1.0,,,,,,,,,,,,,,
5,2619,,,0.09758435189723969,0.09494167566299438,0.013213394209742546,0.024682005867362022,0.019310951232910156,1.496048025728669e-05,0.9678254127502441,0.5549911260604858,0.14944279193878174,0.2955660820007324,0.0002856191713362932,1.0,,,,,,,,,,,,,,
5,2639,,,0.09076301753520966,0.08817815780639648,0.012924294918775558,0.023002052679657936,0.019987106323242188,5.232466719462536e-06,0.9734668731689453,0.5468749403953552,0.15083853900432587,0.3022865355014801,0.0003111935220658779,1.0,,,,,,,,,,,,,,
5,2659,,,0.10855318605899811,0.10602828115224838,0.01262451522052288,0.02747446484863758,0.0218048095703125,2.6743819034891203e-06,0.9693192839622498,0.5521801710128784,0.1495782434940338,0.2982415556907654,0.0003361157141625881,1.0,,,,,,,,,,,,,,
5,2679,,,0.11612235754728317,0.11352698504924774,0.01297684945166111,0.029370877891778946,0.01904010772705078,9.330485113423492e-07,0.9717352390289307,0.548686146736145,0.15033309161663055,0.300980806350708,0.0003402705769985914,1.0,,,,,,,,,,,,,,
5,2699,,,0.09319829195737839,0.09081925451755524,0.011895203962922096,0.02364182285964489,0.01913738250732422,4.9390359890821856e-06,0.973796010017395,0.5469732284545898,0.15078026056289673,0.3022465407848358,0.0003421513829380274,1.0,,,,,,,,,,,,,,
5,2719,,,0.10810443013906479,0.10564097762107849,0.012317266315221786,0.027284566313028336,0.016943931579589844,9.755577821124461e-07,0.9722437858581543,0.5489552021026611,0.1497195065021515,0.3013252913951874,0.0002584389876574278,1.0,,,,,,,,,,,,,,
5,2739,,,0.09968879073858261,0.09733405709266663,0.011773680336773396,0.02519269287586212,0.018914222717285156,1.2846035701841174e-07,0.9715728759765625,0.5496487617492676,0.14985913038253784,0.3004921078681946,0.0002704926300793886,1.0,,,,,,,,,,,,,,
6,2759,,,0.10231010615825653,0.09991157054901123,0.011992678046226501,0.025881173089146614,0.01936626434326172,1.3684255463886075e-05,0.9753715991973877,0.5449271202087402,0.15142923593521118,0.3036436140537262,0.0003033729735761881,1.0,,,,,,,,,,,,,,
6,2779,,,0.09530305117368698,0.09312959760427475,0.010867254808545113,0.024074850603938103,0.016933441162109375,2.9921100576757453e-05,0.9655853509902954,0.5573378205299377,0.14845216274261475,0.2942100167274475,0.00024848850443959236,1.0,,,,,,,,,,,,,,
,2800,1132.0400979007495,24.484998412512194,,,,,,,,,,,,,,,,,,,,,,,,,,
6,2799,,,0.0975121483206749,0.0952398031949997,0.011361734941601753,0.02472713775932789,0.021976470947265625,3.7240952224237844e-06,0.973164439201355,0.5473864078521729,0.15062636137008667,0.3019872307777405,0.0003490261733531952,1.0,,,,,,,,,,,,,,
6,2819,,,0.1089271530508995,0.10671141743659973,0.01107867807149887,0.027508210390806198,0.018489837646484375,1.2447362678358331e-06,0.9697480201721191,0.5515700578689575,0.14907976984977722,0.29935014247894287,0.0002763969823718071,1.0,,,,,,,,,,,,,,
6,2839,,,0.10170984268188477,0.09960617125034332,0.010518372058868408,0.02578415907919407,0.019277572631835938,6.293750629993156e-06,0.9681183695793152,0.5533779263496399,0.14925061166286469,0.29737144708633423,0.0003565717488527298,1.0,,,,,,,,,,,,,,
6,2859,,,0.09888677299022675,0.09658622741699219,0.011502743698656559,0.025026453658938408,0.018373489379882812,1.2860630249633687e-06,0.9716489315032959,0.548443615436554,0.15044301748275757,0.3011133670806885,0.00030473386868834496,1.0,,,,,,,,,,,,,,
6,2879,,,0.10380137711763382,0.10182304680347443,0.00989166833460331,0.026333024725317955,0.02363872528076172,1.8051570805255324e-05,0.974571704864502,0.5444296598434448,0.1508343517780304,0.30473601818084717,0.00038231885991990566,1.0,,,,,,,,,,,,,,
6,2899,,,0.09653099626302719,0.09455706924200058,0.009869630448520184,0.024615149945020676,0.023070335388183594,7.64305514167063e-06,0.9727269411087036,0.5464597940444946,0.15033316612243652,0.30320703983306885,0.0004822483751922846,1.0,,,,,,,,,,,,,,
6,2919,,,0.10007330775260925,0.09817256778478622,0.009503699839115143,0.02531755529344082,0.019655227661132812,1.0381107813373092e-06,0.9724158048629761,0.5485702753067017,0.15055964887142181,0.30087006092071533,0.0002992069348692894,1.0,,,,,,,,,,,,,,
6,2939,,,0.1023002490401268,0.10047507286071777,0.009125896729528904,0.025844382122159004,0.018924713134765625,1.462383636408049e-07,0.9719845056533813,0.54963618516922,0.1505284309387207,0.29983535408973694,0.0002693166024982929,1.0,,,,,,,,,,,,,,
6,2959,,,0.09719539433717728,0.09538641571998596,0.009044909849762917,0.02454262599349022,0.01783466339111328,2.3395345749577245e-07,0.972002387046814,0.5493171215057373,0.15030699968338013,0.30037587881088257,0.00024377205409109592,1.0,,,,,,,,,,,,,,
6,2979,,,0.0980815589427948,0.09621577709913254,0.009328894317150116,0.024807868525385857,0.017800331115722656,3.583553734642919e-06,0.9678979516029358,0.5525007843971252,0.14792202413082123,0.29957717657089233,0.0002874063793569803,1.0,,,,,,,,,,,,,,
,3000,1114.3891106092942,24.693349690894312,,,,,,,,,,,,,,,,,,,,,,,,,,
6,2999,,,0.0972488597035408,0.09542293846607208,0.009129604324698448,0.02457346022129059,0.018509864807128906,2.4712564936635317e-06,0.9685487747192383,0.552032470703125,0.14820358157157898,0.29976391792297363,0.0002611961681395769,1.0,,,,,,,,,,,,,,
6,2999,,,,,,,,,,,,,,,0.09581741690635681,0.09402027726173401,0.008985723368823528,0.9655037522315979,0.0024727992713451385,0.02426258474588394,0.01818385161459446,4.7651687054894865e-05,0.9652219414710999,0.5561181306838989,0.14709971845149994,0.2967822551727295,0.00030727701960131526,1.0
6,3019,,,0.0874151885509491,0.08570356667041779,0.008558094501495361,0.022106416523456573,0.017412185668945312,5.3368275132470444e-08,0.970623254776001,0.550157368183136,0.14967335760593414,0.3001692593097687,0.0002526175230741501,1.0,,,,,,,,,,,,,,
6,3039,,,0.09463972598314285,0.09292516112327576,0.008572816848754883,0.023921197280287743,0.018692970275878906,7.708320481469855e-06,0.9681975841522217,0.5536214709281921,0.14950311183929443,0.2968754172325134,0.0002611123491078615,1.0,,,,,,,,,,,,,,
6,3059,,,0.09754545986652374,0.09582801163196564,0.008587226271629333,0.024698061868548393,0.018074989318847656,4.042753062094562e-06,0.9712219834327698,0.5505215525627136,0.15215998888015747,0.2973184585571289,0.0003116156440228224,1.0,,,,,,,,,,,,,,
6,3079,,,0.0909048393368721,0.08924269676208496,0.008310696110129356,0.023048754781484604,0.019287109375,2.099611720041139e-06,0.9706358909606934,0.5509446263313293,0.15110254287719727,0.2979528307914734,0.00032250257208943367,1.0,,,,,,,,,,,,,,
6,3099,,,0.09166157245635986,0.08984468132257462,0.009084446355700493,0.023218808695673943,0.018671035766601562,8.277700544567779e-06,0.9734326601028442,0.5460509657859802,0.15112583339214325,0.3028232455253601,0.0003032502718269825,1.0,,,,,,,,,,,,,,
6,3119,,,0.08279142528772354,0.08128907531499863,0.007511736825108528,0.021020432934165,0.017965316772460938,1.1229514711885713e-05,0.9664120674133301,0.5546756982803345,0.14833132922649384,0.2969930171966553,0.00032235169783234596,1.0,,,,,,,,,,,,,,
6,3139,,,0.09391888976097107,0.09231871366500854,0.008000892587006092,0.023897863924503326,0.024560928344726562,3.271360583312344e-06,0.9677704572677612,0.5517688989639282,0.14751547574996948,0.30071571469306946,0.0004180753603577614,1.0,,,,,,,,,,,,,,
6,3159,,,0.08915793895721436,0.08763940632343292,0.007592671550810337,0.022601094096899033,0.01859760284423828,7.596065188408829e-06,0.9672156572341919,0.5538718700408936,0.14845210313796997,0.2976760268211365,0.00031145685352385044,1.0,,,,,,,,,,,,,,
6,3179,,,0.09421692788600922,0.09272719919681549,0.007448636926710606,0.02387668378651142,0.018930435180664062,1.630939777896856e-06,0.9719122648239136,0.5482470989227295,0.1512531340122223,0.3004997968673706,0.0003224187530577183,1.0,,,,,,,,,,,,,,
,3200,1128.0885334911504,24.216184447383448,,,,,,,,,,,,,,,,,,,,,,,,,,
6,3199,,,0.09165050089359283,0.09007960557937622,0.00785447284579277,0.023196768015623093,0.017975807189941406,4.904568868369097e-06,0.9720368981361389,0.5472131967544556,0.15015563368797302,0.3026311993598938,0.00028404430486261845,1.0,,,,,,,,,,,,,,
7,3219,,,0.09692462533712387,0.09549728035926819,0.007136721163988113,0.024602171033620834,0.022787094116210938,1.1965973499172833e-05,0.974940299987793,0.5451465845108032,0.15189550817012787,0.3029579222202301,0.00037077581509947777,1.0,,,,,,,,,,,,,,
7,3239,,,0.09590566903352737,0.09456230700016022,0.006716807838529348,0.024208219721913338,0.01604461669921875,2.937041926998063e-06,0.9697481989860535,0.5522781610488892,0.14957721531391144,0.2981446385383606,0.00023174332454800606,1.0,,,,,,,,,,,,,,
7,3259,,,0.08698613941669464,0.0855267122387886,0.007297147065401077,0.022009996697306633,0.017522811889648438,6.8539303121895045e-09,0.9706811308860779,0.5499536991119385,0.14993000030517578,0.30011627078056335,0.0002634613774716854,1.0,,,,,,,,,,,,,,
7,3279,,,0.08867394179105759,0.08734279870986938,0.006655699573457241,0.02249838039278984,0.01928234100341797,2.7897453946934547e-06,0.9716476798057556,0.5476911067962646,0.1507226824760437,0.30158618092536926,0.00032983976416289806,1.0,,,,,,,,,,,,,,
7,3299,,,0.09810817241668701,0.09680420160293579,0.0065198615193367004,0.02480650693178177,0.018392562866210938,9.75807779468596e-07,0.9719138145446777,0.5486135482788086,0.1505449116230011,0.3008415699005127,0.00027944426983594894,1.0,,,,,,,,,,,,,,
7,3319,,,0.09020502865314484,0.08890503644943237,0.006499957293272018,0.02287217229604721,0.01894664764404297,5.012815563532058e-06,0.967934250831604,0.5530738830566406,0.1491207778453827,0.2978053092956543,0.00032081478275358677,1.0,,,,,,,,,,,,,,
7,3339,,,0.09159453213214874,0.09024077653884888,0.006768771912902594,0.023196645081043243,0.017730712890625,8.968740985437762e-07,0.9689639210700989,0.5513323545455933,0.14921575784683228,0.29945188760757446,0.00029799435287714005,1.0,,,,,,,,,,,,,,
7,3359,,,0.09379306435585022,0.09249977767467499,0.006466416642069817,0.023726435378193855,0.018327713012695312,6.437167030526325e-07,0.9696533679962158,0.5511204600334167,0.14959463477134705,0.2992848753929138,0.00027815578505396843,1.0,,,,,,,,,,,,,,
7,3379,,,0.08585436642169952,0.08461959660053253,0.006173856556415558,0.021741025149822235,0.017049789428710938,9.142322596744634e-06,0.9679542779922485,0.5540441274642944,0.14918091893196106,0.2967749238014221,0.0002772505395114422,1.0,,,,,,,,,,,,,,
,3400,1111.4690177685213,24.398340904224554,,,,,,,,,,,,,,,,,,,,,,,,,,
7,3399,,,0.09387039393186569,0.0926724523305893,0.0059896972961723804,0.023730356246232986,0.018128395080566406,4.1783177948673256e-06,0.9732319116592407,0.5471093058586121,0.15146490931510925,0.3014257848262787,0.0002626741770654917,1.0,,,,,,,,,,,,,,
7,3419,,,0.0878162533044815,0.08665637671947479,0.00579938804730773,0.0221981443464756,0.016340255737304688,1.6545160178793594e-05,0.9677772521972656,0.5550456643104553,0.14986956119537354,0.29508474469184875,0.00024375086650252342,1.0,,,,,,,,,,,,,,
7,3439,,,0.08383592963218689,0.08270328491926193,0.005663221701979637,0.021242763847112656,0.01974010467529297,7.293089652193885e-07,0.9716504812240601,0.5488361716270447,0.1503024697303772,0.3008613586425781,0.00028376723639667034,1.0,,,,,,,,,,,,,,
7,3459,,,0.0888468325138092,0.08773031085729599,0.005582624115049839,0.022541949525475502,0.017972946166992188,1.5304867702070624e-05,0.9669090509414673,0.5550526976585388,0.14942553639411926,0.29552173614501953,0.0003299354575574398,1.0,,,,,,,,,,,,,,
7,3479,,,0.08487950265407562,0.0838288888335228,0.005253061652183533,0.021472666412591934,0.017724037170410156,5.202252850722289e-06,0.968227744102478,0.5529689788818359,0.14960744976997375,0.2974236011505127,0.0002526866737753153,1.0,,,,,,,,,,,,,,
7,3499,,,0.08681231737136841,0.08569315075874329,0.005595831200480461,0.022027989849448204,0.01920318603515625,9.353685527457856e-06,0.9722237586975098,0.5459915399551392,0.1505972445011139,0.30341124534606934,0.0003247233107686043,1.0,,,,,,,,,,,,,,
7,3519,,,0.08335045725107193,0.08225011825561523,0.005501698236912489,0.021182166412472725,0.01940441131591797,1.0986600500473287e-05,0.9724123477935791,0.5457281470298767,0.15046459436416626,0.30380725860595703,0.00034433300606906414,1.0,,,,,,,,,,,,,,
7,3539,,,0.07765448093414307,0.07661713659763336,0.005186740309000015,0.01975214295089245,0.018751144409179688,7.102052040863782e-05,0.9616307020187378,0.561362624168396,0.1474330723285675,0.2912043631076813,0.0003371015191078186,1.0,,,,,,,,,,,,,,
7,3559,,,0.09149450063705444,0.09048134088516235,0.0050658006221055984,0.023272709921002388,0.02407073974609375,1.9608369257184677e-06,0.9715286493301392,0.5483320355415344,0.14990946650505066,0.30175846815109253,0.0003990461118519306,1.0,,,,,,,,,,,,,,
7,3579,,,0.08175253868103027,0.08074548095464706,0.0050352755934000015,0.020679404959082603,0.01718616485595703,5.277598575048614e-06,0.9680789113044739,0.5532150268554688,0.1487976610660553,0.29798734188079834,0.00024116388522088528,1.0,,,,,,,,,,,,,,
,3600,1095.5996491725234,24.569193701668702,,,,,,,,,,,,,,,,,,,,,,,,,,
7,3599,,,0.0916312113404274,0.09059901535511017,0.005160979926586151,0.023260802030563354,0.019659996032714844,1.5201840142253786e-06,0.9714980125427246,0.5482563972473145,0.15088534355163574,0.3008582293987274,0.00035296822898089886,1.0,,,,,,,,,,,,,,
7,3619,,,0.08211272209882736,0.08118193596601486,0.0046539162285625935,0.02079949341714382,0.01761150360107422,4.06623215098989e-08,0.970529317855835,0.5497172474861145,0.15010930597782135,0.30017346143722534,0.0002713112626224756,1.0,,,,,,,,,,,,,,
7,3639,,,0.09260468930006027,0.09167319536209106,0.004657471086829901,0.02343383990228176,0.018462181091308594,6.575279257958755e-06,0.9727585911750793,0.5465435981750488,0.15077798068523407,0.3026784062385559,0.0002825369592756033,1.0,,,,,,,,,,,,,,
7,3659,,,0.08386284112930298,0.08296510577201843,0.004488678649067879,0.021365806460380554,0.02372455596923828,2.109895103785675e-05,0.9737831354141235,0.5438569784164429,0.15124237537384033,0.3049006760120392,0.0003996749874204397,1.0,,,,,,,,,,,,,,
8,3679,,,0.09475107491016388,0.09386907517910004,0.004410002380609512,0.023987943306565285,0.018914222717285156,5.253929771242838e-07,0.9683054685592651,0.5508967638015747,0.14912155270576477,0.2999817132949829,0.00030016317032277584,1.0,,,,,,,,,,,,,,
8,3699,,,0.09904815256595612,0.0981922596693039,0.004279453307390213,0.025096848607063293,0.021561622619628906,3.757437661988661e-05,0.976725697517395,0.5416468381881714,0.15216907858848572,0.3061840832233429,0.0003340591210871935,1.0,,,,,,,,,,,,,,
8,3719,,,0.09841769188642502,0.09757061302661896,0.004235409200191498,0.024906164035201073,0.01782989501953125,2.137207275154651e-06,0.9682417511940002,0.552027702331543,0.14933562278747559,0.29863667488098145,0.0003016982227563858,1.0,,,,,,,,,,,,,,
8,3739,,,0.08751081675291061,0.08666159957647324,0.00424609612673521,0.022158406674861908,0.01880931854248047,1.0689132977859117e-05,0.9743857383728027,0.5453765392303467,0.15227258205413818,0.30235081911087036,0.00028048804961144924,1.0,,,,,,,,,,,,,,
8,3759,,,0.07983341813087463,0.07899942994117737,0.004169938154518604,0.02020871452987194,0.01800537109375,1.8348835510550998e-05,0.9758361577987671,0.5439823865890503,0.1524049937725067,0.3036125898361206,0.00024999259039759636,1.0,,,,,,,,,,,,,,
8,3779,,,0.08131983876228333,0.08051171898841858,0.004040588159114122,0.02062857337296009,0.019489288330078125,6.208515969774453e-06,0.9730097651481628,0.5465269088745117,0.15122079849243164,0.30225229263305664,0.0002984898164868355,1.0,,,,,,,,,,,,,,
,3800,1081.6053396539148,24.702170949478724,,,,,,,,,,,,,,,,,,,,,,,,,,
8,3799,,,0.08200155943632126,0.08114765584468842,0.004269518423825502,0.02073710598051548,0.016809463500976562,1.5576474652334582e-06,0.9691796898841858,0.5514651536941528,0.15011975169181824,0.29841509461402893,0.0002366849221289158,1.0,,,,,,,,,,,,,,
8,3819,,,0.07851345837116241,0.0777544230222702,0.003795166965574026,0.019932808354496956,0.01943683624267578,4.391562924865866e-06,0.9727455973625183,0.5471718311309814,0.15218119323253632,0.30064693093299866,0.00030435645021498203,1.0,,,,,,,,,,,,,,
8,3839,,,0.08240073919296265,0.08159274607896805,0.004039964638650417,0.020873982459306717,0.016943931579589844,6.817626854171976e-07,0.9705960750579834,0.5501928925514221,0.15090090036392212,0.2989061772823334,0.0002737839240580797,1.0,,,,,,,,,,,,,,
8,3859,,,0.08705046772956848,0.0863107293844223,0.0036986754275858402,0.022170303389430046,0.02050495147705078,1.4751017261005472e-05,0.964026689529419,0.5553442239761353,0.14816805720329285,0.2964876890182495,0.00040739099495112896,1.0,,,,,,,,,,,,,,
8,3879,,,0.0932265967130661,0.09250015020370483,0.0036322353407740593,0.02367819845676422,0.022530555725097656,2.961107838928001e-06,0.9707741141319275,0.5478478670120239,0.150092214345932,0.3020598888397217,0.0003714894410222769,1.0,,,,,,,,,,,,,,
8,3899,,,0.08936765044927597,0.0886741429567337,0.00346755376085639,0.022623104974627495,0.018123626708984375,4.278954747860553e-06,0.9669802188873291,0.5529252886772156,0.14851704239845276,0.2985576391220093,0.0002811066806316376,1.0,,,,,,,,,,,,,,
8,3919,,,0.07922960817813873,0.07854432612657547,0.0034264191053807735,0.020184220746159554,0.022996902465820312,7.531885785283521e-06,0.9723372459411621,0.5463818311691284,0.15059271454811096,0.30302542448043823,0.0003766682930290699,1.0,,,,,,,,,,,,,,
8,3939,,,0.08073984831571579,0.08005554974079132,0.0034214952029287815,0.020486634224653244,0.018509864807128906,6.76827903589583e-06,0.9734518527984619,0.5463259816169739,0.15166789293289185,0.3020061254501343,0.000301537336781621,1.0,,,,,,,,,,,,,,
8,3959,,,0.08058219403028488,0.07986736297607422,0.003574170172214508,0.020407659932971,0.018944740295410156,3.089345682383282e-06,0.972909688949585,0.5475371479988098,0.15094032883644104,0.30152255296707153,0.0002620492596179247,1.0,,,,,,,,,,,,,,
8,3979,,,0.08583059161901474,0.08517813682556152,0.003262288635596633,0.0217344518750906,0.018385887145996094,1.1484316019050311e-05,0.966293454170227,0.5544257164001465,0.1493796855211258,0.29619458317756653,0.0002765741664916277,1.0,,,,,,,,,,,,,,
,4000,1067.802598096589,24.834178196671978,,,,,,,,,,,,,,,,,,,,,,,,,,
8,3999,,,0.07850323617458344,0.07787367701530457,0.0031478034798055887,0.019858138635754585,0.016918182373046875,2.7755375413107686e-05,0.9656088948249817,0.5570878982543945,0.14844456315040588,0.2944675087928772,0.00023177405819296837,1.0,,,,,,,,,,,,,,
8,3999,,,,,,,,,,,,,,,0.08603528141975403,0.08537798374891281,0.003286577994003892,0.9728425741195679,0.002126607345417142,0.02187351882457733,0.019811347126960754,5.919632167206146e-05,0.9646619558334351,0.5565091967582703,0.1480625420808792,0.29542824625968933,0.00036351068411022425,1.0
8,4019,,,0.08686869591474533,0.08622688055038452,0.0032090761233121157,0.021970536559820175,0.01784992218017578,4.050786083098501e-05,0.9629769325256348,0.5587781667709351,0.1473342627286911,0.2938876152038574,0.00025255163200199604,1.0,,,,,,,,,,,,,,
8,4039,,,0.0888362005352974,0.08770804107189178,0.005640794523060322,0.022481556981801987,0.018378257751464844,3.3877702662721276e-05,0.9636161923408508,0.557880699634552,0.14811816811561584,0.29400113224983215,0.00027182907797396183,1.0,,,,,,,,,,,,,,
8,4059,,,0.07770919799804688,0.0770781934261322,0.0031550079584121704,0.019731802865862846,0.01787853240966797,4.925915391140734e-07,0.9694986343383789,0.5497627258300781,0.1492840051651001,0.30095332860946655,0.0003044933546334505,1.0,,,,,,,,,,,,,,
8,4079,,,0.08632944524288177,0.08574501425027847,0.002922163810580969,0.021900780498981476,0.018518447875976562,9.202026376442518e-06,0.9721174240112305,0.545886218547821,0.15100295841693878,0.3031107783317566,0.00031823525205254555,1.0,,,,,,,,,,,,,,
8,4099,,,0.07944779098033905,0.07884978502988815,0.002990034408867359,0.02013194002211094,0.019529342651367188,1.8238981738250004e-06,0.972295880317688,0.5492882132530212,0.15189078450202942,0.29882103204727173,0.00026995595544576645,1.0,,,,,,,,,,,,,,
8,4119,,,0.07358283549547195,0.07302196323871613,0.002804358024150133,0.018608849495649338,0.016135215759277344,8.110248018056154e-06,0.9743375778198242,0.5459792613983154,0.15180885791778564,0.3022118806838989,0.00021297787316143513,1.0,,,,,,,,,,,,,,
9,4139,,,0.08274979144334793,0.08218543976545334,0.0028217555955052376,0.020966434851288795,0.01903533935546875,3.39998587151058e-06,0.9711285829544067,0.5476210713386536,0.15026453137397766,0.3021143972873688,0.0002789185382425785,1.0,,,,,,,,,,,,,,
9,4159,,,0.07776664942502975,0.07722502201795578,0.002708123065531254,0.019730348140001297,0.0185089111328125,8.883798727765679e-07,0.9693183898925781,0.5495145320892334,0.14916762709617615,0.30131781101226807,0.00028866762295365334,1.0,,,,,,,,,,,,,,
9,4179,,,0.08496186137199402,0.08445703983306885,0.0025240920949727297,0.02156255953013897,0.01821422576904297,5.687519660568796e-06,0.9659914970397949,0.5532922744750977,0.1477198600769043,0.29898783564567566,0.00032197986729443073,1.0,,,,,,,,,,,,,,
,4200,1073.9187786806754,24.506508799792144,,,,,,,,,,,,,,,,,,,,,,,,,,
9,4199,,,0.07686541229486465,0.07633432745933533,0.0026554083451628685,0.01955864578485489,0.018573760986328125,6.068597485864302e-06,0.9658506512641907,0.5534836053848267,0.14829465746879578,0.29822176694869995,0.00034217070788145065,1.0,,,,,,,,,,,,,,
9,4219,,,0.08859334886074066,0.08810344338417053,0.0024495339021086693,0.02246120572090149,0.020732879638671875,4.9884431064128876e-05,0.977213978767395,0.5403904318809509,0.1524449586868286,0.30716460943222046,0.00031187012791633606,1.0,,,,,,,,,,,,,,
9,4239,,,0.08568210899829865,0.08517923951148987,0.002514330670237541,0.02176661789417267,0.019288063049316406,3.6830222143180436e-06,0.9680918455123901,0.5524993538856506,0.14966657757759094,0.2978340983390808,0.00034601730294525623,1.0,,,,,,,,,,,,,,
9,4259,,,0.09044373035430908,0.08994197845458984,0.002508763922378421,0.02287479117512703,0.01820087432861328,2.1916879632044584e-05,0.9645313024520874,0.5563929080963135,0.148294597864151,0.29531246423721313,0.0002634201664477587,1.0,,,,,,,,,,,,,,
9,4279,,,0.07604645192623138,0.07555787265300751,0.0024429012555629015,0.019308004528284073,0.018815994262695312,1.4295073924586177e-05,0.9730597734451294,0.544812798500061,0.1514701247215271,0.30371710658073425,0.00029610563069581985,1.0,,,,,,,,,,,,,,
9,4299,,,0.07655926048755646,0.07608301937580109,0.0023812148720026016,0.019423119723796844,0.017884254455566406,5.731710928102984e-08,0.9682902693748474,0.5503226518630981,0.1497497856616974,0.29992759227752686,0.00028330343775451183,1.0,,,,,,,,,,,,,,
9,4319,,,0.08111055195331573,0.08065215498209,0.0022919971961528063,0.0205151978880167,0.016948699951171875,6.010518518451136e-06,0.9716854095458984,0.546968400478363,0.1500588059425354,0.30297279357910156,0.00023744022473692894,1.0,,,,,,,,,,,,,,
9,4339,,,0.08288365602493286,0.08238489925861359,0.0024937742855399847,0.021031100302934647,0.018472671508789062,8.76613171385543e-07,0.96794593334198,0.5513062477111816,0.14915920794010162,0.29953455924987793,0.0003101695328950882,1.0,,,,,,,,,,,,,,
9,4359,,,0.0773325189948082,0.07688071578741074,0.0022590323351323605,0.01959287002682686,0.017249107360839844,2.236486761830747e-05,0.9638833403587341,0.5566421747207642,0.1473560482263565,0.2960017919540405,0.0002592934761196375,1.0,,,,,,,,,,,,,,
9,4379,,,0.08309261500835419,0.08266612887382507,0.002132439985871315,0.021150218322873116,0.019412994384765625,2.834093538695015e-05,0.9719407558441162,0.5436335802078247,0.14970284700393677,0.3066635727882385,0.00037649739533662796,1.0,,,,,,,,,,,,,,
,4400,1062.490699665409,24.58186223015869,,,,,,,,,,,,,,,,,,,,,,,,,,
9,4399,,,0.09918713569641113,0.0987618938088417,0.0021261912770569324,0.02509325183928013,0.02002716064453125,3.7428194445965346e-06,0.9666085243225098,0.5496917963027954,0.1477997601032257,0.30250847339630127,0.00029639387503266335,1.0,,,,,,,,,,,,,,
9,4419,,,0.08409582078456879,0.08367567509412766,0.002100721001625061,0.021325604990124702,0.01887035369873047,4.5885339204687625e-05,0.9755526781082153,0.5407877564430237,0.1523303985595703,0.306881844997406,0.0003007317427545786,1.0,,,,,,,,,,,,,,
9,4439,,,0.08310800790786743,0.08270759880542755,0.002002042718231678,0.021035321056842804,0.017110824584960938,1.1494087175378809e-06,0.9681081771850586,0.5515135526657104,0.14932075142860413,0.2991657257080078,0.00025829533115029335,1.0,,,,,,,,,,,,,,
9,4459,,,0.08191636949777603,0.08151190727949142,0.0020222931634634733,0.020782914012670517,0.01878833770751953,1.4872918654873502e-05,0.9736102819442749,0.5445520281791687,0.15250247716903687,0.30294549465179443,0.0003035233821719885,1.0,,,,,,,,,,,,,,
9,4479,,,0.08347567915916443,0.08307571709156036,0.001999802188947797,0.021175945177674294,0.017961502075195312,2.329147491764161e-06,0.9685075879096985,0.5517386198043823,0.1502382457256317,0.29802316427230835,0.00030697789043188095,1.0,,,,,,,,,,,,,,
9,4499,,,0.08182821422815323,0.08145004510879517,0.0018908623605966568,0.02074696309864521,0.01778697967529297,1.927931407408323e-06,0.9674056768417358,0.5518746376037598,0.14956888556480408,0.29855650663375854,0.0002898706588894129,1.0,,,,,,,,,,,,,,
9,4519,,,0.078081876039505,0.07771340012550354,0.0018423813162371516,0.019793953746557236,0.018044471740722656,2.4948727514129132e-05,0.9738858938217163,0.5434566140174866,0.1509670615196228,0.30557629466056824,0.00027298578061163425,1.0,,,,,,,,,,,,,,
9,4539,,,0.09603498876094818,0.09567132592201233,0.0018183260690420866,0.024244770407676697,0.017726898193359375,8.051300937950145e-06,0.9674341678619385,0.5537198781967163,0.14944341778755188,0.2968366742134094,0.00023586256429553032,1.0,,,,,,,,,,,,,,
9,4559,,,0.07707595825195312,0.07671399414539337,0.001809813198633492,0.019525382667779922,0.017087936401367188,6.757004484825302e-07,0.9688250422477722,0.5509809255599976,0.15004979074001312,0.2989692687988281,0.0002563786692917347,1.0,,,,,,,,,,,,,,
9,4579,,,0.08700621128082275,0.08665907382965088,0.0017356929602101445,0.022030184045433998,0.017850875854492188,1.0852052582777105e-05,0.9728385210037231,0.5454875826835632,0.1512528955936432,0.3032595217227936,0.0002784142270684242,1.0,,,,,,,,,,,,,,
,4600,1049.1431573962357,24.703968964848716,,,,,,,,,,,,,,,,,,,,,,,,,,
10,4599,,,0.09183089435100555,0.09150011837482452,0.0016538635827600956,0.02325265482068062,0.018158912658691406,1.5131520740396809e-05,0.9645833373069763,0.5553075075149536,0.1485992670059204,0.296093225479126,0.00029462925158441067,1.0,,,,,,,,,,,,,,
10,4619,,,0.07304349541664124,0.07268849015235901,0.0017750283004716039,0.018500536680221558,0.016279220581054688,2.6716606953414157e-06,0.970322847366333,0.5506812930107117,0.1515723168849945,0.2977464199066162,0.0002396092750132084,1.0,,,,,,,,,,,,,,
10,4639,,,0.0926138386130333,0.09229832887649536,0.0015775542706251144,0.02340601570904255,0.017335891723632812,3.918536322089494e-07,0.9700822830200195,0.5496234893798828,0.15088212490081787,0.2994943857192993,0.00025254907086491585,1.0,,,,,,,,,,,,,,
10,4659,,,0.08551961183547974,0.0851939469575882,0.0016283367294818163,0.02172974869608879,0.01939105987548828,1.4562560863851104e-06,0.9678198099136353,0.5514717102050781,0.15001243352890015,0.29851585626602173,0.00034981570206582546,1.0,,,,,,,,,,,,,,
10,4679,,,0.08056465536355972,0.08027087152004242,0.001468914793804288,0.020396307110786438,0.016660690307617188,2.8617439511435805e-06,0.9662985801696777,0.5523036122322083,0.1482890546321869,0.29940730333328247,0.0002550859935581684,1.0,,,,,,,,,,,,,,
10,4699,,,0.07465731352567673,0.0743461549282074,0.001555797178298235,0.018933860585093498,0.018683433532714844,1.3622402548207901e-05,0.9748795628547668,0.5447806715965271,0.15266087651252747,0.30255842208862305,0.00026926049031317234,1.0,,,,,,,,,,,,,,
10,4719,,,0.08965456485748291,0.08935138583183289,0.001515895244665444,0.022725041955709457,0.01832866668701172,1.6404571567818493e-07,0.9701383113861084,0.5495657324790955,0.15054059028625488,0.29989367723464966,0.00031139678321778774,1.0,,,,,,,,,,,,,,
10,4739,,,0.0695614144206047,0.06927502155303955,0.0014319515321403742,0.017647352069616318,0.0177459716796875,7.54068082642334e-07,0.9686535596847534,0.5511242151260376,0.14986595511436462,0.29900985956192017,0.00025698356330394745,1.0,,,,,,,,,,,,,,
10,4759,,,0.0903041884303093,0.08999019861221313,0.0015699537470936775,0.022882381454110146,0.019476890563964844,4.5349930587690324e-05,0.9757729172706604,0.5407706499099731,0.15258024632930756,0.3066491484642029,0.0003054270055145025,1.0,,,,,,,,,,,,,,
10,4779,,,0.08550432324409485,0.08522319793701172,0.0014056324725970626,0.02164422906935215,0.018871307373046875,5.706269348593196e-06,0.9727527499198914,0.5466371774673462,0.151960551738739,0.3014023005962372,0.0002680346369743347,1.0,,,,,,,,,,,,,,
,4800,1036.4957730425053,24.812450440109355,,,,,,,,,,,,,,,,,,,,,,,,,,
10,4799,,,0.09065747261047363,0.09037888050079346,0.0013929554261267185,0.02291424199938774,0.017225265502929688,9.874328497971874e-06,0.9655541181564331,0.5543780326843262,0.14847144484519958,0.29715055227279663,0.0002496754750609398,1.0,,,,,,,,,,,,,,
10,4819,,,0.08865537494421005,0.08837886899709702,0.0013825169298797846,0.022448044270277023,0.01869487762451172,9.522947948426008e-06,0.9654382467269897,0.5543594360351562,0.14764443039894104,0.2979961335659027,0.000284010311588645,1.0,,,,,,,,,,,,,,
10,4839,,,0.08634870499372482,0.08608655631542206,0.0013107561971992254,0.02184569649398327,0.018164634704589844,6.4175874285865575e-06,0.9709140658378601,0.546743631362915,0.15033450722694397,0.3029218018054962,0.0002583919558674097,1.0,,,,,,,,,,,,,,
10,4859,,,0.07873226702213287,0.07846660912036896,0.0013283080188557506,0.01994214579463005,0.017014503479003906,5.751436674472643e-06,0.9662399888038635,0.5532304048538208,0.14927957952022552,0.29749006032943726,0.0002589633222669363,1.0,,,,,,,,,,,,,,
10,4879,,,0.07923606783151627,0.07898688316345215,0.0012459394056349993,0.020111851394176483,0.018186569213867188,3.779817052418366e-05,0.9631515741348267,0.5580015182495117,0.14894533157348633,0.29305320978164673,0.0003020777367055416,1.0,,,,,,,,,,,,,,
10,4899,,,0.07304244488477707,0.07279239594936371,0.0012502353638410568,0.01854863204061985,0.018364906311035156,2.1055486286059022e-05,0.9648074507713318,0.5558512210845947,0.14950454235076904,0.29464423656463623,0.00028759916312992573,1.0,,,,,,,,,,,,,,
10,4919,,,0.07940889149904251,0.07916323095560074,0.0012283166870474815,0.020167671144008636,0.018499374389648438,2.359257450734731e-06,0.9682018160820007,0.5515240430831909,0.15057846903800964,0.2978975176811218,0.00031540123745799065,1.0,,,,,,,,,,,,,,
10,4939,,,0.07568109780550003,0.07542332261800766,0.0012888844357803464,0.01918916031718254,0.01711273193359375,9.989760656026192e-06,0.9669252634048462,0.5539535284042358,0.14982935786247253,0.2962171733379364,0.00026868609711527824,1.0,,,,,,,,,,,,,,
10,4959,,,0.08643417805433273,0.08619461208581924,0.0011978417169302702,0.021865328773856163,0.018442153930664062,6.537161880260101e-06,0.9656437635421753,0.5535517930984497,0.14763736724853516,0.29881078004837036,0.0002566543407738209,1.0,,,,,,,,,,,,,,
10,4979,,,0.07408608496189117,0.07385850697755814,0.001137885032221675,0.018805934116244316,0.01815032958984375,3.106526128249243e-05,0.9763361215591431,0.5421180129051208,0.15400078892707825,0.3038811981678009,0.0002837921492755413,1.0,,,,,,,,,,,,,,
,5000,1024.5139419622055,24.907420928920224,,,,,,,,,,,,,,,,,,,,,,,,,,
10,4999,,,0.08299145847558975,0.08275553584098816,0.0011796267936006188,0.020975502207875252,0.016628265380859375,3.4372831123619108e-06,0.9724668860435486,0.5473793745040894,0.15138238668441772,0.30123820900917053,0.00022756867110729218,1.0,,,,,,,,,,,,,,
10,4999,,,,,,,,,,,,,,,0.08033647388219833,0.08010730147361755,0.001145825139246881,0.9779601097106934,0.0020524233113974333,0.020340869203209877,0.01735524646937847,4.628944589057937e-05,0.9706866145133972,0.5483573079109192,0.15093667805194855,0.30070608854293823,0.00025583329261280596,1.0
10,5019,,,0.08213173598051071,0.08191618323326111,0.0010777728166431189,0.020820386707782745,0.018144607543945312,2.4055207177298144e-05,0.9745804071426392,0.5431420803070068,0.15252923965454102,0.30432868003845215,0.00028697121888399124,1.0,,,,,,,,,,,,,,
10,5039,,,0.06991688907146454,0.06970596313476562,0.001054626889526844,0.01781993918120861,0.020926475524902344,2.6162658741668565e-06,0.9705869555473328,0.5478054285049438,0.15053841471672058,0.3016561269760132,0.00034066406078636646,1.0,,,,,,,,,,,,,,
11,5059,,,0.07667095959186554,0.07647183537483215,0.0009956038556993008,0.019391249865293503,0.015722274780273438,3.3707143302308396e-05,0.9646235704421997,0.5576375722885132,0.14879110455513,0.2935713529586792,0.0002228356897830963,1.0,,,,,,,,,,,,,,
11,5079,,,0.08000095933675766,0.07976867258548737,0.001161418855190277,0.020244598388671875,0.017670631408691406,9.925402991939336e-06,0.9656765460968018,0.5544008016586304,0.14840194582939148,0.29719725251197815,0.00024415994994342327,1.0,,,,,,,,,,,,,,
11,5099,,,0.08796179294586182,0.0877656564116478,0.0009806903544813395,0.022329173982143402,0.021920204162597656,3.0427254387177527e-05,0.9756578803062439,0.5422543287277222,0.15307024121284485,0.30467545986175537,0.00033811735920608044,1.0,,,,,,,,,,,,,,
11,5119,,,0.08220040798187256,0.08197720348834991,0.0011160101275891066,0.020912202075123787,0.02228069305419922,7.770265074213967e-05,0.9775869846343994,0.53777015209198,0.15402266383171082,0.30820712447166443,0.0003605454694479704,1.0,,,,,,,,,,,,,,
11,5139,,,0.07935715466737747,0.07916736602783203,0.0009489365620538592,0.020111650228500366,0.018744468688964844,7.176017788879108e-06,0.9677104949951172,0.553290069103241,0.1499815285205841,0.2967284321784973,0.0002722183708101511,1.0,,,,,,,,,,,,,,
11,5159,,,0.08059822767972946,0.08040851354598999,0.0009485697373747826,0.020430253818631172,0.01775646209716797,1.928756319102831e-06,0.9703563451766968,0.5480731129646301,0.15063410997390747,0.3012927770614624,0.00028065801598131657,1.0,,,,,,,,,,,,,,
11,5179,,,0.07474295794963837,0.07455118000507355,0.0009588813409209251,0.018983684480190277,0.01802825927734375,2.1155603917577537e-06,0.9673038721084595,0.5516510605812073,0.15023696422576904,0.29811200499534607,0.00029790308326482773,1.0,,,,,,,,,,,,,,
,5200,1026.9747192414077,24.652992450195434,,,,,,,,,,,,,,,,,,,,,,,,,,
11,5199,,,0.07524815201759338,0.07506696879863739,0.0009059167350642383,0.01912650652229786,0.01850605010986328,1.1327143511152826e-05,0.9640361070632935,0.5547435283660889,0.1472892165184021,0.29796725511550903,0.0003142415080219507,1.0,,,,,,,,,,,,,,
11,5219,,,0.0806322917342186,0.08041955530643463,0.0010636819060891867,0.020458761602640152,0.01842784881591797,2.4415136067545973e-05,0.9720710515975952,0.5436933636665344,0.1505471169948578,0.3057595491409302,0.00030020088888704777,1.0,,,,,,,,,,,,,,
11,5239,,,0.08908174186944962,0.08889597654342651,0.0009288426954299212,0.02252282202243805,0.017328262329101562,8.847748176776804e-06,0.9676240682601929,0.5532611608505249,0.15067055821418762,0.2960682809352875,0.0002522105351090431,1.0,,,,,,,,,,,,,,
11,5259,,,0.08855243027210236,0.08839105814695358,0.0008068645256571472,0.02235834114253521,0.016000747680664062,5.101084639136388e-07,0.970329225063324,0.5494473576545715,0.1510085165500641,0.29954415559768677,0.0002202228643000126,1.0,,,,,,,,,,,,,,
11,5279,,,0.07501870393753052,0.07485874742269516,0.0007997986394912004,0.019002320244908333,0.01672649383544922,3.155860395054333e-05,0.9613037705421448,0.5579371452331543,0.14632970094680786,0.29573309421539307,0.0002470125909894705,1.0,,,,,,,,,,,,,,
11,5299,,,0.08597815036773682,0.08581294119358063,0.0008260480826720595,0.021784955635666847,0.01978778839111328,1.4176030163071118e-06,0.970705509185791,0.5483170747756958,0.150888592004776,0.3007943332195282,0.0002903903368860483,1.0,,,,,,,,,,,,,,
11,5319,,,0.07916907966136932,0.07901923358440399,0.0007492283475585282,0.020003527402877808,0.016305923461914062,3.367974204593338e-05,0.9624062776565552,0.558157742023468,0.14670100808143616,0.2951412796974182,0.00021058320999145508,1.0,,,,,,,,,,,,,,
11,5339,,,0.08630537241697311,0.0861465185880661,0.0007942577358335257,0.021861683577299118,0.018138885498046875,1.9438577510300092e-05,0.9711841344833374,0.544477105140686,0.15025514364242554,0.30526766180992126,0.0002849525772035122,1.0,,,,,,,,,,,,,,
11,5359,,,0.07146420329809189,0.07130694389343262,0.0007863058126531541,0.01813277043402195,0.01865386962890625,1.1952690215366601e-07,0.9688975811004639,0.5499906539916992,0.14958132803440094,0.30042803287506104,0.00026671774685382843,1.0,,,,,,,,,,,,,,
11,5379,,,0.08471372723579407,0.08456699550151825,0.0007336563430726528,0.021424340084195137,0.017339706420898438,3.9678825487499125e-06,0.970921516418457,0.5474520325660706,0.1502334624528885,0.30231451988220215,0.00024582957848906517,1.0,,,,,,,,,,,,,,
,5400,1014.1564584487841,24.767381591613148,,,,,,,,,,,,,,,,,,,,,,,,,,
11,5399,,,0.07295181602239609,0.07279989123344421,0.00075961381662637,0.018571248278021812,0.0187835693359375,4.730588443635497e-06,0.9706891775131226,0.5470603108406067,0.1506858915090561,0.302253782749176,0.00033319974318146706,1.0,,,,,,,,,,,,,,
11,5419,,,0.07281188666820526,0.07267183065414429,0.0007002796046435833,0.018531160429120064,0.02026653289794922,8.346343747689389e-06,0.9704682230949402,0.5460691452026367,0.15100055932998657,0.30293023586273193,0.00032802182249724865,1.0,,,,,,,,,,,,,,
11,5439,,,0.07674109935760498,0.07659123837947845,0.0007492924341931939,0.01943589560687542,0.018052101135253906,1.4438413700190722e-06,0.9673384428024292,0.5516723990440369,0.149424746632576,0.29890286922454834,0.00025059119798243046,1.0,,,,,,,,,,,,,,
11,5459,,,0.07243312150239944,0.07230012118816376,0.0006650123978033662,0.018384622409939766,0.017560958862304688,7.044825878210759e-08,0.9691365957260132,0.5496354103088379,0.15025964379310608,0.30010488629341125,0.00027634110301733017,1.0,,,,,,,,,,,,,,
11,5479,,,0.07760266214609146,0.07746796309947968,0.0006735126953572035,0.01971382647752762,0.01916027069091797,2.7759069780586287e-06,0.9694947004318237,0.5509737730026245,0.15137127041816711,0.29765498638153076,0.00031310576014220715,1.0,,,,,,,,,,,,,,
11,5499,,,0.0803547203540802,0.08022245764732361,0.0006613098667003214,0.020361898466944695,0.017530441284179688,5.465251888381317e-05,0.958946704864502,0.56035977602005,0.14603883028030396,0.2936014235019684,0.0002721245400607586,1.0,,,,,,,,,,,,,,
12,5519,,,0.07821639627218246,0.07808677852153778,0.0006481005693785846,0.019833410158753395,0.017625808715820312,8.322687676809437e-07,0.9676707983016968,0.5497274398803711,0.1490442007780075,0.301228404045105,0.00027929525822401047,1.0,,,,,,,,,,,,,,
12,5539,,,0.0726458802819252,0.07251602411270142,0.0006492920219898224,0.018506675958633423,0.021963119506835938,1.4080111213843338e-05,0.9731141328811646,0.5446934700012207,0.15267980098724365,0.30262672901153564,0.000344923697412014,1.0,,,,,,,,,,,,,,
12,5559,,,0.08046972006559372,0.08033011853694916,0.0006980095058679581,0.02043987065553665,0.02019023895263672,4.596172402671073e-06,0.9690568447113037,0.5474375486373901,0.14987778663635254,0.3026846647262573,0.00032234913669526577,1.0,,,,,,,,,,,,,,
12,5579,,,0.08683989197015762,0.0867106169462204,0.000646359461825341,0.021962611004710197,0.017553329467773438,5.433972091850592e-06,0.9715447425842285,0.5467326641082764,0.1520136296749115,0.30125367641448975,0.0002525285817682743,1.0,,,,,,,,,,,,,,
,5600,1002.5178168970446,24.85541860704806,,,,,,,,,,,,,,,,,,,,,,,,,,
12,5599,,,0.07574273645877838,0.0756181851029396,0.0006227435660548508,0.019237933680415154,0.01927947998046875,3.2124962672241963e-06,0.9702361226081848,0.5475085973739624,0.15084150433540344,0.30164992809295654,0.0003021853044629097,1.0,,,,,,,,,,,,,,
12,5619,,,0.0740436464548111,0.0739283561706543,0.0005764644593000412,0.018830273300409317,0.019708633422851562,1.8720156731433235e-05,0.9732572436332703,0.5438944697380066,0.15270334482192993,0.3034021854400635,0.00031898822635412216,1.0,,,,,,,,,,,,,,
12,5639,,,0.07280436158180237,0.07269677519798279,0.0005379447247833014,0.018436316400766373,0.016763687133789062,4.6677278078277595e-06,0.9667645692825317,0.5527795553207397,0.14970894157886505,0.2975115180015564,0.0002351328730583191,1.0,,,,,,,,,,,,,,
12,5659,,,0.08302280306816101,0.08291906118392944,0.0005186995840631425,0.02104363404214382,0.018904685974121094,6.890872464282438e-05,0.9783564805984497,0.5383180975914001,0.15483450889587402,0.30684739351272583,0.0002865556161850691,1.0,,,,,,,,,,,,,,
12,5679,,,0.08414828032255173,0.08404342830181122,0.0005242603947408497,0.021326689049601555,0.017424583435058594,9.850976312009152e-06,0.9691933393478394,0.5466452240943909,0.14916035532951355,0.30419445037841797,0.0002894222270697355,1.0,,,,,,,,,,,,,,
12,5699,,,0.08607608824968338,0.08597326278686523,0.0005141247529536486,0.021793147549033165,0.017705917358398438,5.993518698232947e-06,0.9644515514373779,0.5534510612487793,0.1480337530374527,0.2985152006149292,0.00027400488033890724,1.0,,,,,,,,,,,,,,
12,5719,,,0.07731397449970245,0.07720863074064255,0.0005267099477350712,0.019630061462521553,0.01824188232421875,1.632913495086541e-06,0.9698506593704224,0.5482293367385864,0.15119822323322296,0.3005724847316742,0.0003015352413058281,1.0,,,,,,,,,,,,,,
12,5739,,,0.0763201117515564,0.07622040808200836,0.0004985085688531399,0.019424382597208023,0.019036293029785156,9.245068940799683e-05,0.9563623666763306,0.5632899403572083,0.14584676921367645,0.2908632457256317,0.00034250575117766857,1.0,,,,,,,,,,,,,,
12,5759,,,0.08002064377069473,0.07992608845233917,0.00047277507837861776,0.02028288133442402,0.01771259307861328,1.1352337423886638e-05,0.9659285545349121,0.5540319085121155,0.15018323063850403,0.2957848906517029,0.0002774938475340605,1.0,,,,,,,,,,,,,,
12,5779,,,0.07379449158906937,0.07370014488697052,0.0004717384581454098,0.018720101565122604,0.01720428466796875,1.8384116629022174e-06,0.9693179130554199,0.5482765436172485,0.15013374388217926,0.3015896677970886,0.00027144188061356544,1.0,,,,,,,,,,,,,,
,5800,993.0320425364373,24.891442512634754,,,,,,,,,,,,,,,,,,,,,,,,,,
12,5799,,,0.08782028406858444,0.08772677183151245,0.0004675519303418696,0.02228543721139431,0.020595550537109375,2.18869809032185e-06,0.9655681252479553,0.551954984664917,0.1496678590774536,0.2983770966529846,0.00033032288774847984,1.0,,,,,,,,,,,,,,
12,5819,,,0.07415620982646942,0.0740635022521019,0.00046354468213394284,0.01886139065027237,0.018209457397460938,1.784121195669286e-05,0.9642570614814758,0.5549823045730591,0.15036264061927795,0.2946550250053406,0.0003219814971089363,1.0,,,,,,,,,,,,,,
12,5839,,,0.07646337896585464,0.07637490332126617,0.0004423869540914893,0.019399041309952736,0.0173492431640625,2.4846141968737356e-05,0.9649051427841187,0.5558447241783142,0.1504906713962555,0.2936646342277527,0.00028269924223423004,1.0,,,,,,,,,,,,,,
12,5859,,,0.0681171640753746,0.06802397966384888,0.00046591987484134734,0.017320720478892326,0.019304275512695312,9.211284123011865e-06,0.9700596332550049,0.546214759349823,0.15014025568962097,0.3036450147628784,0.00029124459251761436,1.0,,,,,,,,,,,,,,
12,5879,,,0.08311004936695099,0.08302228897809982,0.00043880712473765016,0.021022625267505646,0.0174713134765625,1.926370714500081e-06,0.9709258079528809,0.5480576753616333,0.15121616423130035,0.3007262349128723,0.0002450738102197647,1.0,,,,,,,,,,,,,,
12,5899,,,0.07353658974170685,0.07344312965869904,0.00046731048496440053,0.01867634430527687,0.018785476684570312,4.985279701941181e-06,0.9713555574417114,0.5473026037216187,0.1527702957391739,0.2999270558357239,0.00029209721833467484,1.0,,,,,,,,,,,,,,
12,5919,,,0.08038828521966934,0.08030512183904648,0.00041581224650144577,0.020395049825310707,0.01866436004638672,4.512172381510027e-06,0.9646005630493164,0.5515154600143433,0.14699597656726837,0.3014885485172272,0.00029788888059556484,1.0,,,,,,,,,,,,,,
12,5939,,,0.07963062077760696,0.07953792810440063,0.0004634468932636082,0.020215215161442757,0.018558502197265625,0.00010116924386238679,0.9774129986763,0.5363138914108276,0.15348570048809052,0.31020039319992065,0.0003055366687476635,1.0,,,,,,,,,,,,,,
12,5959,,,0.07219738513231277,0.07210813462734222,0.0004462430370040238,0.018304141238331795,0.016986846923828125,0.0001604891731403768,0.9532065391540527,0.567511260509491,0.1445232331752777,0.2879655361175537,0.0002515846863389015,1.0,,,,,,,,,,,,,,
13,5979,,,0.08302941918373108,0.0829562321305275,0.00036593363620340824,0.021040726453065872,0.019550323486328125,5.913824861636385e-05,0.9785019159317017,0.5391641855239868,0.1562219262123108,0.3046138286590576,0.00028218887746334076,1.0,,,,,,,,,,,,,,
,6000,981.7972025184918,24.97257064606294,,,,,,,,,,,,,,,,,,,,,,,,,,
13,5999,,,0.07416599988937378,0.07409054040908813,0.0003772916679736227,0.01890682242810726,0.022626876831054688,3.0510147553286515e-05,0.9707841873168945,0.5438034534454346,0.14897915720939636,0.30721741914749146,0.0003647119738161564,1.0,,,,,,,,,,,,,,
13,5999,,,,,,,,,,,,,,,0.07688124477863312,0.07680397480726242,0.0003863528836518526,0.9823832511901855,0.001879327348433435,0.01948864944279194,0.01732461526989937,9.47773878579028e-05,0.9587357640266418,0.5589893460273743,0.14491592347621918,0.296094685792923,0.0002664448693394661,1.0
13,6019,,,0.07722625136375427,0.07714903354644775,0.0003861068107653409,0.0195971317589283,0.01749134063720703,2.5180406737490557e-05,0.9625616073608398,0.5569301247596741,0.14785811305046082,0.2952117919921875,0.0002900657709687948,1.0,,,,,,,,,,,,,,
13,6039,,,0.06997449696063995,0.06990230083465576,0.0003609950072132051,0.017735237255692482,0.01708221435546875,4.0548569813836366e-05,0.9618896245956421,0.5584990978240967,0.14832860231399536,0.29317229986190796,0.0002408018335700035,1.0,,,,,,,,,,,,,,
13,6059,,,0.07766710221767426,0.07759357243776321,0.000367664557415992,0.01982099562883377,0.0238189697265625,4.037751932628453e-05,0.9714920520782471,0.5418729782104492,0.15074239671230316,0.3073846399784088,0.0004034130834043026,1.0,,,,,,,,,,,,,,
13,6079,,,0.08110904693603516,0.08104109764099121,0.0003397506370674819,0.02077765017747879,0.023138999938964844,4.8032321501523256e-05,0.9573078155517578,0.559777021408081,0.14570778608322144,0.29451513290405273,0.000499428017064929,1.0,,,,,,,,,,,,,,
13,6099,,,0.08151117712259293,0.08144330978393555,0.00033934495877474546,0.020615724846720695,0.016290664672851562,1.5454517779289745e-05,0.96466064453125,0.554999828338623,0.14960558712482452,0.2953945994377136,0.00023762229830026627,1.0,,,,,,,,,,,,,,
13,6119,,,0.0772961974143982,0.07722709327936172,0.0003455037367530167,0.019615210592746735,0.020017623901367188,5.2636314649134874e-06,0.9705498218536377,0.5467692017555237,0.1513567566871643,0.301874041557312,0.00029105599969625473,1.0,,,,,,,,,,,,,,
13,6139,,,0.08796115219593048,0.08789721131324768,0.0003197086916770786,0.022257506847381592,0.018441200256347656,8.093845593748483e-08,0.9687477946281433,0.5496004819869995,0.15015840530395508,0.30024105310440063,0.0002672176342457533,1.0,,,,,,,,,,,,,,
13,6159,,,0.07254081964492798,0.07247629761695862,0.0003226056578569114,0.018428629264235497,0.017960548400878906,6.828750883869361e-06,0.9656868577003479,0.5532191395759583,0.14996236562728882,0.29681849479675293,0.00029328721575438976,1.0,,,,,,,,,,,,,,
13,6179,,,0.0875612273812294,0.08750094473361969,0.00030141801107674837,0.02215917594730854,0.01719951629638672,2.0839272565353895e-06,0.9655564427375793,0.5518758296966553,0.1483643352985382,0.2997598648071289,0.00026882742531597614,1.0,,,,,,,,,,,,,,
,6200,984.2060334108892,24.708241134961273,,,,,,,,,,,,,,,,,,,,,,,,,,
13,6199,,,0.08553237468004227,0.08546730875968933,0.0003253186878282577,0.02172170951962471,0.020841598510742188,2.627028698043432e-05,0.9687272906303406,0.5438895225524902,0.1496785283088684,0.30643191933631897,0.00033809104934334755,1.0,,,,,,,,,,,,,,
13,6219,,,0.06778614223003387,0.06772758066654205,0.00029279349837452173,0.01718938909471035,0.017258644104003906,1.8250306084155454e-06,0.9691282510757446,0.5501427054405212,0.15157857537269592,0.29827871918678284,0.00024281791411340237,1.0,,,,,,,,,,,,,,
13,6239,,,0.07902718335390091,0.07897225022315979,0.00027465313905850053,0.02012869529426098,0.023349761962890625,1.4636942751167226e-06,0.9677771329879761,0.5483068227767944,0.15063351392745972,0.30105966329574585,0.00037187105044722557,1.0,,,,,,,,,,,,,,
13,6259,,,0.07288483530282974,0.0728224366903305,0.00031199981458485126,0.018518513068556786,0.0179290771484375,2.476168447174132e-06,0.9696784615516663,0.54932701587677,0.1521734893321991,0.2984994947910309,0.00029725534841418266,1.0,,,,,,,,,,,,,,
13,6279,,,0.08001834154129028,0.0799630656838417,0.0002763895899988711,0.02030796743929386,0.018476486206054688,2.2041620013624197e-06,0.9690159559249878,0.548617959022522,0.15205985307693481,0.2993221879005432,0.00030333735048770905,1.0,,,,,,,,,,,,,,
13,6299,,,0.07353387773036957,0.07347962260246277,0.00027126623899675906,0.018687164410948753,0.019138336181640625,2.8373015084071085e-06,0.9646515846252441,0.5503014326095581,0.14780287444591522,0.30189570784568787,0.00030363909900188446,1.0,,,,,,,,,,,,,,
13,6319,,,0.07551508396863937,0.07545919716358185,0.00027943600434809923,0.019166378304362297,0.018260955810546875,8.570175396016566e-07,0.967560887336731,0.5500186681747437,0.15112435817718506,0.2988569736480713,0.0002875900827348232,1.0,,,,,,,,,,,,,,
13,6339,,,0.0761939138174057,0.07614128291606903,0.00026314935530535877,0.019308624789118767,0.017038345336914062,9.98731024992594e-07,0.9686006307601929,0.5485931038856506,0.15058672428131104,0.30082011222839355,0.0002601267769932747,1.0,,,,,,,,,,,,,,
13,6359,,,0.079318568110466,0.07927140593528748,0.00023580255219712853,0.02014589123427868,0.02031993865966797,3.7805389183631632e-06,0.9651437997817993,0.5527164936065674,0.1490110605955124,0.2982724905014038,0.0003161730710417032,1.0,,,,,,,,,,,,,,
13,6379,,,0.07568962872028351,0.07563987374305725,0.0002487852761987597,0.019200216978788376,0.017617225646972656,3.3612802781135542e-06,0.9681462645530701,0.5504390001296997,0.15199348330497742,0.2975674867630005,0.0002777425106614828,1.0,,,,,,,,,,,,,,
,6400,972.7938955189239,24.792507550774232,,,,,,,,,,,,,,,,,,,,,,,,,,
13,6399,,,0.0700003057718277,0.0699508935213089,0.00024704280076548457,0.01777390018105507,0.019186973571777344,1.1924115824513137e-05,0.9715784788131714,0.5452944040298462,0.15122169256210327,0.30348384380340576,0.0002735855523496866,1.0,,,,,,,,,,,,,,
13,6419,,,0.06693612039089203,0.06688980013132095,0.00023159707779996097,0.01700098253786564,0.018121719360351562,3.055221532122232e-05,0.9581204652786255,0.5576578378677368,0.14481221139431,0.2975299656391144,0.0002663414925336838,1.0,,,,,,,,,,,,,,
14,6439,,,0.07594282180070877,0.07589450478553772,0.00024159187159966677,0.019246244803071022,0.017685890197753906,6.362531621562084e-06,0.967860221862793,0.5515427589416504,0.15201404690742493,0.2964431643486023,0.0002604119945317507,1.0,,,,,,,,,,,,,,
14,6459,,,0.07953571528196335,0.0794878676533699,0.00023924908600747585,0.020202841609716415,0.01873493194580078,2.8278000172576867e-05,0.95762038230896,0.5572928786277771,0.1447637379169464,0.2979434132575989,0.00031834724359214306,1.0,,,,,,,,,,,,,,
14,6479,,,0.08417361974716187,0.08412841707468033,0.0002260106848552823,0.021319296211004257,0.017640113830566406,5.746919123339467e-05,0.9606425166130066,0.56012362241745,0.1479940414428711,0.29188236594200134,0.00027474225498735905,1.0,,,,,,,,,,,,,,
14,6499,,,0.07377887517213821,0.07373762875795364,0.0002062237763311714,0.018786264583468437,0.018907546997070312,1.4601733710151166e-05,0.971030592918396,0.5446405410766602,0.15327945351600647,0.30208003520965576,0.000341254286468029,1.0,,,,,,,,,,,,,,
14,6519,,,0.08419828116893768,0.08415605872869492,0.00021109373483341187,0.021314729005098343,0.01801013946533203,4.11411929235328e-06,0.9637442827224731,0.55267333984375,0.1477627158164978,0.2995638847351074,0.000265076057985425,1.0,,,,,,,,,,,,,,
14,6539,,,0.07224702090024948,0.07220753282308578,0.00019744009478017688,0.018352238461375237,0.01877880096435547,7.047182862152113e-06,0.9694589972496033,0.5462656617164612,0.15153279900550842,0.3022015392780304,0.0002903419081121683,1.0,,,,,,,,,,,,,,
14,6559,,,0.0848393365740776,0.08479395508766174,0.00022692358470521867,0.021436981856822968,0.01618480682373047,1.0870111282201833e-06,0.9684571027755737,0.5502504706382751,0.15113312005996704,0.2986164093017578,0.00022712512873113155,1.0,,,,,,,,,,,,,,
14,6579,,,0.07358982414007187,0.07355024665594101,0.0001978910731850192,0.018633032217621803,0.017355918884277344,2.630550397952902e-06,0.9679052829742432,0.5492849946022034,0.14847005903720856,0.3022449314594269,0.00023552426137030125,1.0,,,,,,,,,,,,,,
,6600,961.3643681397668,24.87922456111116,,,,,,,,,,,,,,,,,,,,,,,,,,
14,6599,,,0.07361095398664474,0.07357069104909897,0.00020131561905145645,0.018729237839579582,0.019853591918945312,1.0516039765207097e-05,0.9697616100311279,0.5454156398773193,0.15218332409858704,0.30240100622177124,0.0003262893296778202,1.0,,,,,,,,,,,,,,
14,6619,,,0.07234548032283783,0.07230421155691147,0.00020632849191315472,0.018375612795352936,0.018218994140625,2.6244224500260316e-05,0.9612147808074951,0.557222306728363,0.14688394963741302,0.29589375853538513,0.00028871791437268257,1.0,,,,,,,,,,,,,,
14,6639,,,0.07574190944433212,0.0757020115852356,0.00019949002307839692,0.019216325134038925,0.018073081970214844,1.0557187124504708e-05,0.9699881076812744,0.5459986925125122,0.15004414319992065,0.30395716428756714,0.0002806370612233877,1.0,,,,,,,,,,,,,,
14,6659,,,0.07967003434896469,0.0796271562576294,0.0002143761230399832,0.020216770470142365,0.019227027893066406,2.684496394067537e-05,0.9738763570785522,0.5427641272544861,0.15461748838424683,0.3026183545589447,0.00029872474260628223,1.0,,,,,,,,,,,,,,
14,6679,,,0.07163694500923157,0.0716024711728096,0.00017236902203876525,0.018178032711148262,0.018876075744628906,2.1860616925550858e-06,0.9671289920806885,0.5487380027770996,0.14918717741966248,0.3020748198032379,0.0002687524538487196,1.0,,,,,,,,,,,,,,
14,6699,,,0.07838036119937897,0.07834586501121521,0.0001724745670799166,0.01987708918750286,0.018171310424804688,1.0243291399092413e-05,0.9691950678825378,0.5454816222190857,0.15202870965003967,0.30248966813087463,0.0002817944623529911,1.0,,,,,,,,,,,,,,
14,6719,,,0.07709042727947235,0.07705627381801605,0.0001707604678813368,0.019590061157941818,0.019968032836914062,2.2389046989701455e-06,0.9678692817687988,0.5479635000228882,0.15052035450935364,0.3015161156654358,0.00031741010025143623,1.0,,,,,,,,,,,,,,
14,6739,,,0.07564929127693176,0.07561801373958588,0.00015637111209798604,0.0191999189555645,0.018434524536132812,1.2700346587735112e-06,0.9667844772338867,0.5484553575515747,0.1504322588443756,0.3011123538017273,0.000287570059299469,1.0,,,,,,,,,,,,,,
14,6759,,,0.08243577927350998,0.08239965885877609,0.00018060425645671785,0.020814666524529457,0.015608787536621094,0.00015091965906322002,0.9542368650436401,0.5668114423751831,0.14539042115211487,0.28779810667037964,0.00020270398817956448,1.0,,,,,,,,,,,,,,
14,6779,,,0.07945140451192856,0.07941824197769165,0.00016581726958975196,0.02013252303004265,0.016999244689941406,3.1837566893955227e-06,0.966534435749054,0.5519858002662659,0.1503554880619049,0.2976587414741516,0.0002696074079722166,1.0,,,,,,,,,,,,,,
,6800,950.1593839868923,24.9621278279426,,,,,,,,,,,,,,,,,,,,,,,,,,
14,6799,,,0.07984951883554459,0.07982072979211807,0.00014393501623999327,0.020235320553183556,0.018097877502441406,5.6205972214229405e-06,0.9627406001091003,0.5529781579971313,0.14717718958854675,0.2998446226119995,0.00027282931841909885,1.0,,,,,,,,,,,,,,
14,6819,,,0.0675065740942955,0.06747656315565109,0.0001500712096458301,0.017134537920355797,0.01853656768798828,1.2703244465228636e-06,0.9670606851577759,0.5487766861915588,0.15149658918380737,0.2997267246246338,0.0002578690182417631,1.0,,,,,,,,,,,,,,
14,6839,,,0.07604333758354187,0.07600893080234528,0.00017203993047587574,0.019250838086009026,0.016696929931640625,1.760127634042874e-05,0.9624963402748108,0.5558078289031982,0.14814668893814087,0.2960454821586609,0.0002396516501903534,1.0,,,,,,,,,,,,,,
14,6859,,,0.0739436149597168,0.07391457259654999,0.0001452180731575936,0.018809648230671883,0.01856231689453125,1.580665775691159e-05,0.9642458558082581,0.5545365214347839,0.1506083756685257,0.29485511779785156,0.00032342877238988876,1.0,,,,,,,,,,,,,,
14,6879,,,0.08007005602121353,0.0800405964255333,0.00014730551629327238,0.020300891250371933,0.017732620239257812,3.0566839086532127e-06,0.9658173322677612,0.5521407127380371,0.15000107884407043,0.29785817861557007,0.0002833167091012001,1.0,,,,,,,,,,,,,,
15,6899,,,0.07352736592292786,0.0734986960887909,0.00014333183935377747,0.01868102326989174,0.01755237579345703,4.245564196025953e-05,0.9562557339668274,0.558329701423645,0.14242258667945862,0.29924774169921875,0.0002983331214636564,1.0,,,,,,,,,,,,,,
15,6919,,,0.07176902145147324,0.0717371478676796,0.0001593754132045433,0.01819683611392975,0.017782211303710938,5.868487278348766e-05,0.9777349233627319,0.5392617583274841,0.15661200881004333,0.3041262626647949,0.0002534063532948494,1.0,,,,,,,,,,,,,,
15,6939,,,0.07852184027433395,0.07849383354187012,0.0001400274340994656,0.01993662305176258,0.018131256103515625,3.324608405819163e-05,0.9577328562736511,0.5578728914260864,0.1442244052886963,0.29790276288986206,0.00030549755319952965,1.0,,,,,,,,,,,,,,
15,6959,,,0.07560332864522934,0.07557747513055801,0.00012925855116918683,0.019155528396368027,0.017950057983398438,3.173141885781661e-05,0.9750285744667053,0.5420599579811096,0.15340963006019592,0.30453038215637207,0.000254062470048666,1.0,,,,,,,,,,,,,,
15,6979,,,0.07472497224807739,0.07469812035560608,0.00013426630175672472,0.018943840637803078,0.017164230346679688,2.218062218162231e-05,0.9651250243186951,0.5541273355484009,0.15246346592903137,0.29340922832489014,0.00026215333491563797,1.0,,,,,,,,,,,,,,
,7000,939.7393315759837,25.02608884163579,,,,,,,,,,,,,,,,,,,,,,,,,,
15,6999,,,0.06923870742321014,0.0692131370306015,0.00012786539446096867,0.017565805464982986,0.01706695556640625,5.008942935091909e-06,0.9638746976852417,0.552914023399353,0.1474730521440506,0.2996128797531128,0.00025602802634239197,1.0,,,,,,,,,,,,,,
15,6999,,,,,,,,,,,,,,,0.07505054771900177,0.07502400875091553,0.00013257184764370322,0.9864493608474731,0.002077151322737336,0.01903066597878933,0.017324265092611313,7.639175601070747e-05,0.9610660672187805,0.553669273853302,0.14523060619831085,0.3011001944541931,0.0002665054053068161,1.0
15,7019,,,0.06604307889938354,0.06601891666650772,0.00012082065950380638,0.016859348863363266,0.02201080322265625,1.0639312222338049e-06,0.965512752532959,0.5514411330223083,0.14908386766910553,0.2994749844074249,0.0003485577180981636,1.0,,,,,,,,,,,,,,
15,7039,,,0.06471323221921921,0.06468966603279114,0.00011782701767515391,0.016574205830693245,0.02016162872314453,1.831450902045617e-07,0.9653679728507996,0.5495007038116455,0.14995348453521729,0.300545871257782,0.0003958942834287882,1.0,,,,,,,,,,,,,,
15,7059,,,0.07969097793102264,0.07966628670692444,0.0001234550290973857,0.02026480622589588,0.02104663848876953,1.2410971976350993e-05,0.9620660543441772,0.5546256303787231,0.14928999543190002,0.29608434438705444,0.0003418142441660166,1.0,,,,,,,,,,,,,,
15,7079,,,0.07328590005636215,0.07325953990221024,0.00013181852409616113,0.01858537457883358,0.01815032958984375,2.7375956051400863e-05,0.9614289402961731,0.5571327805519104,0.14813846349716187,0.29472875595092773,0.0002633528783917427,1.0,,,,,,,,,,,,,,
15,7099,,,0.09218821674585342,0.09216374158859253,0.00012237447663210332,0.023296859115362167,0.017683982849121094,5.869819688086864e-06,0.966741144657135,0.5479031205177307,0.1487017273902893,0.30339515209198,0.00024968828074634075,1.0,,,,,,,,,,,,,,
15,7119,,,0.0772341638803482,0.07721193134784698,0.0001111613237299025,0.01958342082798481,0.018080711364746094,1.5754754713270813e-05,0.9655123949050903,0.5533463954925537,0.15222981572151184,0.29442381858825684,0.0002745653036981821,1.0,,,,,,,,,,,,,,
15,7139,,,0.07487159967422485,0.07485025376081467,0.00010674539225874469,0.018941204994916916,0.01605224609375,2.687925189093221e-06,0.9649505615234375,0.5517421960830688,0.14780396223068237,0.3004538416862488,0.00022325105965137482,1.0,,,,,,,,,,,,,,
15,7159,,,0.07642236351966858,0.07640167325735092,0.00010343375470256433,0.019411003217101097,0.01827239990234375,7.131955499062315e-06,0.9664092659950256,0.5469960570335388,0.14951950311660767,0.3034844398498535,0.00030527031049132347,1.0,,,,,,,,,,,,,,
15,7179,,,0.0769127830862999,0.07689230144023895,0.00010239281982649118,0.019488640129566193,0.01776885986328125,1.1645945505733835e-06,0.9673173427581787,0.5497254729270935,0.1514374017715454,0.2988371253013611,0.0002604215405881405,1.0,,,,,,,,,,,,,,
,7200,939.0785325593894,24.830724153014668,,,,,,,,,,,,,,,,,,,,,,,,,,
15,7199,,,0.06852421909570694,0.0685025155544281,0.0001085276817320846,0.0174130629748106,0.017669677734375,3.767469934246037e-06,0.9665154218673706,0.5508381128311157,0.15184465050697327,0.297317236661911,0.0002819322980940342,1.0,,,,,,,,,,,,,,
15,7219,,,0.07250803709030151,0.07248538732528687,0.00011325905506964773,0.018473178148269653,0.0218353271484375,5.841904112457996e-06,0.9624460339546204,0.5534179210662842,0.1483268141746521,0.2982552945613861,0.00034605152904987335,1.0,,,,,,,,,,,,,,
15,7239,,,0.08883923292160034,0.0888194888830185,9.871635120362043e-05,0.022493578493595123,0.01791095733642578,1.4237393770599738e-05,0.9617105722427368,0.555332601070404,0.14750252664089203,0.29716482758522034,0.00028348551131784916,1.0,,,,,,,,,,,,,,
15,7259,,,0.08847290277481079,0.08845384418964386,9.53047929215245e-05,0.022391848266124725,0.017981529235839844,5.566118488786742e-06,0.9681876301765442,0.5469195246696472,0.15043020248413086,0.3026502728462219,0.000273511977866292,1.0,,,,,,,,,,,,,,
15,7279,,,0.06680910289287567,0.06678884476423264,0.00010129288421012461,0.017000548541545868,0.018182754516601562,9.046671948453877e-06,0.9614048004150391,0.5540740489959717,0.14690391719341278,0.29902201890945435,0.000298092607408762,1.0,,,,,,,,,,,,,,
15,7299,,,0.06407351791858673,0.06405538320541382,9.066281927516684e-05,0.016257815062999725,0.017427444458007812,2.1115261006343644e-07,0.9674155712127686,0.5496758222579956,0.15064984560012817,0.2996743321418762,0.00023943046107888222,1.0,,,,,,,,,,,,,,
15,7319,,,0.07946673035621643,0.07944725453853607,9.73746064119041e-05,0.02011169120669365,0.016511917114257812,2.467926242388785e-05,0.9600948095321655,0.5570195913314819,0.1462397575378418,0.2967405915260315,0.00024451548233628273,1.0,,,,,,,,,,,,,,
15,7339,,,0.07692381739616394,0.07690572738647461,9.044192120200023e-05,0.01952502503991127,0.018707275390625,5.111391146783717e-06,0.9632457494735718,0.5531861782073975,0.14817604422569275,0.2986377775669098,0.00029396824538707733,1.0,,,,,,,,,,,,,,
16,7359,,,0.0734572559595108,0.07343927025794983,8.99175793165341e-05,0.018678992986679077,0.021343231201171875,1.5788475138833746e-05,0.9731626510620117,0.5450371503829956,0.15476402640342712,0.30019885301589966,0.000314363744109869,1.0,,,,,,,,,,,,,,
16,7379,,,0.07459630817174911,0.0745798796415329,8.214119588956237e-05,0.01892881840467453,0.01782703399658203,2.9366815397224855e-06,0.9643936157226562,0.5507972836494446,0.147619366645813,0.30158334970474243,0.00027968245558440685,1.0,,,,,,,,,,,,,,
,7400,927.4015218253166,24.927714108662478,,,,,,,,,,,,,,,,,,,,,,,,,,
16,7399,,,0.07153630256652832,0.07151971012353897,8.297267777379602e-05,0.01816600002348423,0.017526626586914062,6.199500603543129e-06,0.9683804512023926,0.546600341796875,0.15090534090995789,0.30249422788619995,0.0002818009816110134,1.0,,,,,,,,,,,,,,
16,7419,,,0.06776917725801468,0.06775274127721786,8.217012509703636e-05,0.017215006053447723,0.018036842346191406,3.7940706533845514e-05,0.9709760546684265,0.5418490767478943,0.15141411125659943,0.3067368268966675,0.000271953409537673,1.0,,,,,,,,,,,,,,
16,7439,,,0.08200880140066147,0.08199051022529602,9.146412776317447e-05,0.020766176283359528,0.017989158630371094,6.478086561401142e-06,0.9702397584915161,0.5469443798065186,0.15317538380622864,0.2998802363872528,0.00026384717784821987,1.0,,,,,,,,,,,,,,
16,7459,,,0.06598068028688431,0.0659622997045517,9.189932461595163e-05,0.01675792597234249,0.017075538635253906,5.312263056111988e-06,0.9686510562896729,0.5467711687088013,0.15122796595096588,0.30200088024139404,0.000262650428339839,1.0,,,,,,,,,,,,,,
16,7479,,,0.06663575768470764,0.06662096828222275,7.392873521894217e-05,0.01691238209605217,0.016951560974121094,1.5050952697492903e-06,0.9643532037734985,0.5517145395278931,0.1489126980304718,0.29937276244163513,0.00025341170839965343,1.0,,,,,,,,,,,,,,
16,7499,,,0.07550501078367233,0.0754898339509964,7.588295557070524e-05,0.01921730302274227,0.021341323852539062,1.2033582606818527e-05,0.9693505167961121,0.545186460018158,0.1515866219997406,0.30322694778442383,0.00034081004559993744,1.0,,,,,,,,,,,,,,
16,7519,,,0.08254977315664291,0.08253428339958191,7.745088805677369e-05,0.020919809117913246,0.017119407653808594,8.563600204070099e-06,0.9697827696800232,0.5458699464797974,0.15183623135089874,0.3022938370704651,0.0002821937669068575,1.0,,,,,,,,,,,,,,
16,7539,,,0.07366954535245895,0.07365436851978302,7.587358413729817e-05,0.01877523586153984,0.020369529724121094,4.300879481888842e-06,0.9635849595069885,0.5478417277336121,0.14935928583145142,0.30279892683029175,0.00035776407457888126,1.0,,,,,,,,,,,,,,
16,7559,,,0.07357893884181976,0.07356484234333038,7.047748658806086e-05,0.018655715510249138,0.01769256591796875,1.5367811556643574e-06,0.9670976996421814,0.5495121479034424,0.15170224010944366,0.29878562688827515,0.00026094960048794746,1.0,,,,,,,,,,,,,,
16,7579,,,0.07584048062562943,0.07582573592662811,7.373365224339068e-05,0.01918695494532585,0.017235755920410156,9.182562644127756e-05,0.9778196215629578,0.5367445349693298,0.15418696403503418,0.30906856060028076,0.0002249979879707098,1.0,,,,,,,,,,,,,,
,7600,917.4439101995686,24.98027372050976,,,,,,,,,,,,,,,,,,,,,,,,,,
16,7599,,,0.08191897720098495,0.0819038599729538,7.558587094536051e-05,0.020771387964487076,0.018424034118652344,3.001298637173022e-06,0.9670517444610596,0.5475543737411499,0.15109550952911377,0.30135005712509155,0.00029158382676541805,1.0,,,,,,,,,,,,,,
16,7619,,,0.06880753487348557,0.0687953308224678,6.100947939557955e-05,0.01744435541331768,0.016864776611328125,3.7012476241216063e-05,0.9588127732276917,0.5585322380065918,0.1466926634311676,0.2947750687599182,0.00024173082783818245,1.0,,,,,,,,,,,,,,
16,7639,,,0.0734553337097168,0.07344283908605576,6.247038254514337e-05,0.01867886632680893,0.018804550170898438,2.7443693397799507e-06,0.9624133110046387,0.5520443916320801,0.14798688888549805,0.2999687194824219,0.0003149784170091152,1.0,,,,,,,,,,,,,,
16,7659,,,0.08598829060792923,0.08597487211227417,6.710862362524495e-05,0.02176543138921261,0.01784992218017578,8.490303298458457e-05,0.955940842628479,0.5621941089630127,0.1478818953037262,0.2899239659309387,0.00026666070334613323,1.0,,,,,,,,,,,,,,
16,7679,,,0.08182850480079651,0.0818159356713295,6.284112168941647e-05,0.020771244540810585,0.019385337829589844,0.00015820999396964908,0.9773380756378174,0.5328336954116821,0.15454530715942383,0.31262093782424927,0.0003109534736722708,1.0,,,,,,,,,,,,,,
16,7699,,,0.06628840416669846,0.06627684086561203,5.7818710047286004e-05,0.016845369711518288,0.01888561248779297,1.7088377717300318e-05,0.9728990793228149,0.5442587733268738,0.15382519364356995,0.30191606283187866,0.00027292617596685886,1.0,,,,,,,,,,,,,,
16,7719,,,0.08214978873729706,0.0821378156542778,5.9847432567039505e-05,0.020816892385482788,0.018535614013671875,8.741102647036314e-06,0.9610170722007751,0.5528082251548767,0.14591313898563385,0.30127859115600586,0.00027926964685320854,1.0,,,,,,,,,,,,,,
16,7739,,,0.0805516391992569,0.08053822815418243,6.706354906782508e-05,0.020380618050694466,0.017327308654785156,0.00014522267156280577,0.9515703916549683,0.5668087601661682,0.1440313756465912,0.2891598343849182,0.00023980322293937206,1.0,,,,,,,,,,,,,,
16,7759,,,0.0698716938495636,0.06986032426357269,5.6844583014026284e-05,0.01775883324444294,0.01760387420654297,1.3023115570831578e-05,0.9702435731887817,0.5448967814445496,0.1525028944015503,0.3026003837585449,0.00029064971022307873,1.0,,,,,,,,,,,,,,
16,7779,,,0.07828399538993835,0.07826963067054749,7.183396519394591e-05,0.019925082102417946,0.020936012268066406,1.8340268070460297e-05,0.9701392650604248,0.5440170764923096,0.1538061499595642,0.302176833152771,0.0003537160810083151,1.0,,,,,,,,,,,,,,
,7800,907.3812885559021,25.036883927985457,,,,,,,,,,,,,,,,,,,,,,,,,,
16,7799,,,0.07136503607034683,0.07135435193777084,5.3430499974638224e-05,0.0181246530264616,0.018517494201660156,5.3161427786108106e-05,0.9703505039215088,0.5412593483924866,0.14963296055793762,0.3091077208518982,0.00028233067132532597,1.0,,,,,,,,,,,,,,
17,7819,,,0.07835426926612854,0.07834312319755554,5.5741336836945266e-05,0.019856683909893036,0.017869949340820312,1.7409040083293803e-05,0.9618592262268066,0.5552351474761963,0.149740070104599,0.2950247824192047,0.0002677678130567074,1.0,,,,,,,,,,,,,,
17,7839,,,0.07514671981334686,0.07513296604156494,6.876876432215795e-05,0.019060319289565086,0.018349647521972656,9.605686500435695e-06,0.9681460857391357,0.5463300943374634,0.14975953102111816,0.30391037464141846,0.00027344771660864353,1.0,,,,,,,,,,,,,,
17,7859,,,0.0729476660490036,0.07293778657913208,4.939174687024206e-05,0.018531957641243935,0.0173187255859375,1.4091171578911599e-05,0.970740795135498,0.5461925268173218,0.1551074981689453,0.2986999750137329,0.0002947594039142132,1.0,,,,,,,,,,,,,,
17,7879,,,0.07897394150495529,0.07896307855844498,5.432337275124155e-05,0.020023107528686523,0.018873214721679688,4.9579874030314386e-05,0.9542897939682007,0.5594744086265564,0.14260827004909515,0.29791730642318726,0.00027863122522830963,1.0,,,,,,,,,,,,,,
17,7899,,,0.07907532155513763,0.07906423509120941,5.5442971643060446e-05,0.020057113841176033,0.018424034118652344,8.136498763633426e-06,0.9643487930297852,0.5529221892356873,0.15094727277755737,0.296130508184433,0.000288121635094285,1.0,,,,,,,,,,,,,,
17,7919,,,0.07114536315202713,0.07113514840602875,5.106366006657481e-05,0.018046967685222626,0.017806053161621094,1.9216373402741738e-05,0.9703977704048157,0.5439490675926208,0.15185752511024475,0.3041934370994568,0.00026024249382317066,1.0,,,,,,,,,,,,,,
17,7939,,,0.07966463267803192,0.0796530693769455,5.7812292652670294e-05,0.020196888595819473,0.019003868103027344,1.799921847123187e-05,0.9709651470184326,0.5440017580986023,0.15311971306800842,0.30287855863571167,0.0002803707029670477,1.0,,,,,,,,,,,,,,
17,7959,,,0.07115853577852249,0.0711483433842659,5.095429878565483e-05,0.01804209314286709,0.01691150665283203,9.122045594267547e-05,0.9525287747383118,0.5635039806365967,0.14349862933158875,0.29299741983413696,0.00025063403882086277,1.0,,,,,,,,,,,,,,
17,7979,,,0.07447553426027298,0.07446502149105072,5.258116652839817e-05,0.018914150074124336,0.01874256134033203,6.346737791318446e-05,0.9689920544624329,0.540547251701355,0.14941735565662384,0.3100353479385376,0.0002939978148788214,1.0,,,,,,,,,,,,,,
,8000,897.6016755505103,25.08685156607961,,,,,,,,,,,,,,,,,,,,,,,,,,
17,7999,,,0.0751098170876503,0.07510025799274445,4.77926223538816e-05,0.01907072402536869,0.020265579223632812,1.7980752090807073e-05,0.9729135036468506,0.545360803604126,0.15561041235923767,0.29902875423431396,0.00029291026294231415,1.0,,,,,,,,,,,,,,
17,7999,,,,,,,,,,,,,,,0.07484766840934753,0.07483769953250885,4.9824000598164275e-05,0.9897406101226807,0.0019782392773777246,0.018974052742123604,0.017286350950598717,9.799546387512237e-05,0.9653894901275635,0.5537416934967041,0.15335261821746826,0.2929058074951172,0.0002601781452540308,1.0
17,8019,,,0.0657258927822113,0.0657169371843338,4.476085814530961e-05,0.016736380755901337,0.01964855194091797,1.2758968296111561e-05,0.9595500230789185,0.5550513863563538,0.14750611782073975,0.2974424660205841,0.00030465261079370975,1.0,,,,,,,,,,,,,,
17,8039,,,0.08092597126960754,0.08091562986373901,5.168865027371794e-05,0.02053855173289776,0.018901824951171875,2.3281925678020343e-05,0.9565333127975464,0.5565805435180664,0.145145982503891,0.298273503780365,0.00030659325420856476,1.0,,,,,,,,,,,,,,
17,8059,,,0.07889057695865631,0.07888100296258926,4.785980490851216e-05,0.019944703206419945,0.015989303588867188,0.00011266111687291414,0.9562304615974426,0.5641191005706787,0.1473540961742401,0.28852683305740356,0.00021980516612529755,1.0,,,,,,,,,,,,,,
17,8079,,,0.07118178904056549,0.07117106020450592,5.366039840737358e-05,0.01807495579123497,0.01816558837890625,1.9676267584145535e-06,0.9629582166671753,0.5517115592956543,0.14827567338943481,0.3000127971172333,0.00027946848422288895,1.0,,,,,,,,,,,,,,
17,8099,,,0.07673421502113342,0.07672566175460815,4.2755535105243325e-05,0.019460802897810936,0.018731117248535156,8.996425094665028e-06,0.968393087387085,0.545768141746521,0.15186461806297302,0.302367240190506,0.00027707009576261044,1.0,,,,,,,,,,,,,,
17,8119,,,0.0710126981139183,0.07100357115268707,4.564081973512657e-05,0.017996933311223984,0.017441749572753906,3.5118459891236853e-06,0.9692091941833496,0.5481017231941223,0.15255075693130493,0.29934754967689514,0.00024368870072066784,1.0,,,,,,,,,,,,,,
17,8139,,,0.07284588366746902,0.07283742725849152,4.22982411691919e-05,0.018495991826057434,0.01764965057373047,2.7625010261544958e-05,0.9575566649436951,0.5572131872177124,0.14483939111232758,0.29794740676879883,0.0002839688677340746,1.0,,,,,,,,,,,,,,
17,8159,,,0.07209701836109161,0.07208890467882156,4.0576014725957066e-05,0.01829981803894043,0.018001556396484375,2.312243623237009e-06,0.9607981443405151,0.5517196655273438,0.14802193641662598,0.3002583980560303,0.0002755178138613701,1.0,,,,,,,,,,,,,,
17,8179,,,0.07604783028364182,0.07603983581066132,3.997058229288086e-05,0.019282395020127296,0.017536163330078125,8.552752660762053e-06,0.967671275138855,0.5496286153793335,0.15375298261642456,0.29661837220191956,0.0002702656202018261,1.0,,,,,,,,,,,,,,
,8200,896.2673385408486,24.90105244305165,,,,,,,,,,,,,,,,,,,,,,,,,,
17,8199,,,0.07095331698656082,0.07094579935073853,3.75992531189695e-05,0.018003683537244797,0.017805099487304688,1.1023787010344677e-05,0.9592692255973816,0.5541735887527466,0.14604999125003815,0.2997764050960541,0.0002651340328156948,1.0,,,,,,,,,,,,,,
17,8219,,,0.07496756315231323,0.07495858520269394,4.490473656915128e-05,0.01901615783572197,0.01869678497314453,1.2369866453809664e-05,0.9695040583610535,0.5451864004135132,0.15349158644676208,0.30132198333740234,0.00027402001433074474,1.0,,,,,,,,,,,,,,
17,8239,,,0.07201483845710754,0.07200796157121658,3.438457861193456e-05,0.018262561410665512,0.018027305603027344,2.5442821424803697e-05,0.9726076126098633,0.5428703427314758,0.15376532077789307,0.3033643364906311,0.0002583435270935297,1.0,,,,,,,,,,,,,,
17,8259,,,0.07590135931968689,0.07589322328567505,4.0694365452509373e-05,0.01928548887372017,0.0188751220703125,2.7566280550672673e-05,0.9661872386932373,0.5444369912147522,0.1485225111246109,0.3070405125617981,0.0003095977008342743,1.0,,,,,,,,,,,,,,
18,8279,,,0.07729010283946991,0.0772818922996521,4.1041450458578765e-05,0.019613463431596756,0.0198974609375,3.366689270478673e-05,0.973991334438324,0.543937087059021,0.15782010555267334,0.29824283719062805,0.00029026344418525696,1.0,,,,,,,,,,,,,,
18,8299,,,0.07757151871919632,0.07756267488002777,4.42104137619026e-05,0.019668277353048325,0.017480850219726562,3.2750328955444274e-06,0.9635408520698547,0.5497527122497559,0.14791756868362427,0.3023296892642975,0.0002753320150077343,1.0,,,,,,,,,,,,,,
18,8319,,,0.07501967996358871,0.07501155138015747,4.063620144734159e-05,0.01901477389037609,0.01774120330810547,4.8759909986983985e-05,0.9567692279815674,0.5596786141395569,0.14685869216918945,0.29346269369125366,0.0002588795032352209,1.0,,,,,,,,,,,,,,
18,8339,,,0.07670443505048752,0.07669706642627716,3.684702096506953e-05,0.01942705735564232,0.01708221435546875,1.2902941307402216e-05,0.9592175483703613,0.5548779964447021,0.14633288979530334,0.2987890839576721,0.00025068968534469604,1.0,,,,,,,,,,,,,,
18,8359,,,0.07384997606277466,0.07384292781352997,3.522488987073302e-05,0.0187304075807333,0.01755237579345703,6.969358764763456e-06,0.9674279689788818,0.5498144626617432,0.1533220410346985,0.29686349630355835,0.00026777363382279873,1.0,,,,,,,,,,,,,,
18,8379,,,0.07176654785871506,0.07176055014133453,2.998761374328751e-05,0.018216682597994804,0.018263816833496094,4.0393308154307306e-05,0.9722488522529602,0.5411003828048706,0.15336017310619354,0.30553948879241943,0.00027423794381320477,1.0,,,,,,,,,,,,,,
,8400,887.222822290341,24.9294759380772,,,,,,,,,,,,,,,,,,,,,,,,,,
18,8399,,,0.07766586542129517,0.07765927910804749,3.2947558793239295e-05,0.01975894905626774,0.020997047424316406,2.7129019144922495e-05,0.9667208194732666,0.5437734723091125,0.14970503747463226,0.30652153491973877,0.00034193950705230236,1.0,,,,,,,,,,,,,,
18,8419,,,0.06988238543272018,0.06987565755844116,3.3644311770331115e-05,0.01772330515086651,0.018050193786621094,1.9901230189134367e-05,0.9600009918212891,0.5563080310821533,0.14675521850585938,0.29693669080734253,0.0002523099537938833,1.0,,,,,,,,,,,,,,
18,8439,,,0.0759928748011589,0.07598727941513062,2.797288470901549e-05,0.019287435337901115,0.018477439880371094,9.399478585692123e-06,0.9623348116874695,0.5534478425979614,0.15055280923843384,0.29599934816360474,0.00028902781195938587,1.0,,,,,,,,,,,,,,
18,8459,,,0.06702591478824615,0.0670192539691925,3.3318014175165445e-05,0.017091697081923485,0.02031707763671875,1.949276884261053e-05,0.9674757122993469,0.5438854694366455,0.151962548494339,0.3041520118713379,0.0003348276950418949,1.0,,,,,,,,,,,,,,
18,8479,,,0.0745001956820488,0.07449434697628021,2.922594649135135e-05,0.018900739029049873,0.018886566162109375,1.8526610801927745e-05,0.9672921299934387,0.544757604598999,0.14994202554225922,0.30530035495758057,0.000275319442152977,1.0,,,,,,,,,,,,,,
18,8499,,,0.07268037647008896,0.07267327606678009,3.549659231794067e-05,0.01843089796602726,0.018102645874023438,0.00014035320782568306,0.9815324544906616,0.5333171486854553,0.15968000888824463,0.30700281262397766,0.0002579968422651291,1.0,,,,,,,,,,,,,,
18,8519,,,0.08358775079250336,0.08358252793550491,2.6117704692296684e-05,0.021135350689291954,0.016869544982910156,6.995437433943152e-05,0.9543192386627197,0.5617863535881042,0.14496873319149017,0.2932448983192444,0.0002370129805058241,1.0,,,,,,,,,,,,,,
18,8539,,,0.0831248089671135,0.0831194818019867,2.6645171601558104e-05,0.021087687462568283,0.018827438354492188,1.3419394235825166e-06,0.9617392420768738,0.5503138303756714,0.14845061302185059,0.3012356162071228,0.0003064582124352455,1.0,,,,,,,,,,,,,,
18,8559,,,0.07831655442714691,0.07831083238124847,2.8593061870196834e-05,0.01989709585905075,0.020267486572265625,6.354357174132019e-05,0.9715583324432373,0.539271354675293,0.15236636996269226,0.3083622455596924,0.00031668646261096,1.0,,,,,,,,,,,,,,
18,8579,,,0.06954222172498703,0.06953668594360352,2.7690610295394436e-05,0.01765274815261364,0.019087791442871094,9.299152225139551e-06,0.9704415798187256,0.5463120937347412,0.1537799835205078,0.2999078929424286,0.0002670071553438902,1.0,,,,,,,,,,,,,,
,8600,876.500155543087,25.00627051962064,,,,,,,,,,,,,,,,,,,,,,,,,,
18,8599,,,0.06260339170694351,0.06259819865226746,2.5972451112465933e-05,0.015929685905575752,0.017946243286132812,1.739545405143872e-05,0.9587363600730896,0.5557628870010376,0.1460299789905548,0.2982071042060852,0.0002784905955195427,1.0,,,,,,,,,,,,,,
18,8619,,,0.08360069990158081,0.08359508216381073,2.8074638976249844e-05,0.02115415595471859,0.01741313934326172,1.1941431694140192e-05,0.9604490399360657,0.5548762083053589,0.14728063344955444,0.29784315824508667,0.00025374232791364193,1.0,,,,,,,,,,,,,,
18,8639,,,0.07585716247558594,0.07585161179304123,2.7767538995249197e-05,0.019260546192526817,0.018052101135253906,2.5409060981473885e-05,0.9586746692657471,0.556694746017456,0.14877362549304962,0.29453158378601074,0.00029574823565781116,1.0,,,,,,,,,,,,,,
18,8659,,,0.07363283634185791,0.07362767308950424,2.5811172235989943e-05,0.018723974004387856,0.018901824951171875,2.8248337002878543e-06,0.9604059457778931,0.5523641109466553,0.1490311324596405,0.29860472679138184,0.00031570903956890106,1.0,,,,,,,,,,,,,,
18,8679,,,0.07954169809818268,0.07953636348247528,2.6683173928176984e-05,0.0201965793967247,0.018042564392089844,9.668876828072825e-07,0.96462082862854,0.5488839149475098,0.15127643942832947,0.29983967542648315,0.0003111364785581827,1.0,,,,,,,,,,,,,,
18,8699,,,0.07133243978023529,0.07132771611213684,2.36035994021222e-05,0.018162019550800323,0.021370887756347656,5.395128255258896e-07,0.9637814164161682,0.550815761089325,0.14903518557548523,0.3001490533351898,0.0003288981970399618,1.0,,,,,,,,,,,,,,
18,8719,,,0.06282589584589005,0.06282077729701996,2.5595902116037905e-05,0.015949830412864685,0.01690673828125,3.004847349075135e-05,0.9580631256103516,0.557705819606781,0.14688056707382202,0.295413613319397,0.0002427562139928341,1.0,,,,,,,,,,,,,,
19,8739,,,0.0743662491440773,0.07436183094978333,2.209384911111556e-05,0.018899498507380486,0.018621444702148438,2.9009277113800636e-06,0.9654088020324707,0.5476007461547852,0.151015043258667,0.30138421058654785,0.0003078780137002468,1.0,,,,,,,,,,,,,,
19,8759,,,0.07285045087337494,0.07284548878669739,2.4813347408780828e-05,0.01851215772330761,0.019014358520507812,1.744670771586243e-05,0.9579419493675232,0.5554085969924927,0.14935250580310822,0.2952389121055603,0.00029919669032096863,1.0,,,,,,,,,,,,,,
19,8779,,,0.07358231395483017,0.07357805967330933,2.1262998416204937e-05,0.018722135573625565,0.02001190185546875,0.0002123421581927687,0.9778729677200317,0.5301612615585327,0.15508905053138733,0.31474965810775757,0.00032230932265520096,1.0,,,,,,,,,,,,,,
,8800,865.6597302850644,25.08837969492724,,,,,,,,,,,,,,,,,,,,,,,,,,
19,8799,,,0.07952065765857697,0.07951667159795761,1.993618752749171e-05,0.02017739787697792,0.01808929443359375,5.881320612388663e-05,0.9554034471511841,0.5606722831726074,0.14633622765541077,0.2929915189743042,0.00029605813324451447,1.0,,,,,,,,,,,,,,
19,8819,,,0.07061948627233505,0.07061515748500824,2.1646483219228685e-05,0.017867350950837135,0.016399383544921875,6.067689355404582e-06,0.9679781198501587,0.5466315150260925,0.15091514587402344,0.30245333909988403,0.00021235784515738487,1.0,,,,,,,,,,,,,,
19,8839,,,0.06917779892683029,0.06917354464530945,2.1268624550430104e-05,0.017536360770463943,0.0167083740234375,6.403695351764327e-06,0.9678829908370972,0.5500929951667786,0.1530517339706421,0.29685527086257935,0.00024178344756364822,1.0,,,,,,,,,,,,,,
19,8859,,,0.07258308678865433,0.07257911562919617,1.9868968593073077e-05,0.018402468413114548,0.0171356201171875,1.998750576603925e-06,0.961634635925293,0.5506378412246704,0.1480400711297989,0.30132216215133667,0.0002566566690802574,1.0,,,,,,,,,,,,,,
19,8879,,,0.07812871783971786,0.07812393456697464,2.3925093046273105e-05,0.019812313839793205,0.01760387420654297,6.801020936109126e-05,0.9545121192932129,0.5614980459213257,0.1459425538778305,0.2925593852996826,0.00027877348475158215,1.0,,,,,,,,,,,,,,
19,8899,,,0.07825491577386856,0.07824953645467758,2.6893008907791227e-05,0.019955534487962723,0.01945209503173828,1.1546757377800532e-05,0.9635637998580933,0.5453681945800781,0.1512068659067154,0.3034249246120453,0.0003915743436664343,1.0,,,,,,,,,,,,,,
19,8919,,,0.06669986248016357,0.06669563800096512,2.1113226466695778e-05,0.016959793865680695,0.018204689025878906,8.291207791444322e-07,0.9636574387550354,0.5491945743560791,0.14953260123729706,0.3012728691101074,0.000284810783341527,1.0,,,,,,,,,,,,,,
19,8939,,,0.06740844994783401,0.06740491092205048,1.7701568140182644e-05,0.017109641805291176,0.018077850341796875,1.071643055183813e-05,0.9700410962104797,0.5453901290893555,0.1526743620634079,0.30193549394607544,0.00025731464847922325,1.0,,,,,,,,,,,,,,
19,8959,,,0.07362590730190277,0.07362224906682968,1.8287535567651503e-05,0.018698472529649734,0.01947021484375,1.0997688377756276e-06,0.9658141136169434,0.5485258102416992,0.15087765455245972,0.3005964756011963,0.0002919742837548256,1.0,,,,,,,,,,,,,,
19,8979,,,0.07717131823301315,0.07716681808233261,2.2492520656669512e-05,0.01957530342042446,0.018059730529785156,2.6523444830672815e-05,0.9712744951248169,0.5429122447967529,0.15499576926231384,0.30209195613861084,0.0002819432411342859,1.0,,,,,,,,,,,,,,
,9000,855.2784759214686,25.1590570858418,,,,,,,,,,,,,,,,,,,,,,,,,,
19,8999,,,0.07206010073423386,0.07205590605735779,2.0978124666726217e-05,0.01829073578119278,0.018381118774414062,1.912289735628292e-05,0.9588420391082764,0.5559536218643188,0.1484723538160324,0.29557400941848755,0.0002753273583948612,1.0,,,,,,,,,,,,,,
19,8999,,,,,,,,,,,,,,,0.07221808284521103,0.07221421599388123,1.928373058035504e-05,0.9929442405700684,0.0019287833711132407,0.01831652969121933,0.017274893820285797,8.59281062730588e-05,0.966805100440979,0.5477897524833679,0.15183871984481812,0.30037158727645874,0.00026028769207186997,1.0
19,9019,,,0.07112586498260498,0.07112225145101547,1.8064611140289344e-05,0.018073029816150665,0.018939971923828125,9.25118220038712e-05,0.9496798515319824,0.5635759830474854,0.14394500851631165,0.292479008436203,0.0002897130325436592,1.0,,,,,,,,,,,,,,
19,9039,,,0.07116734236478806,0.0711640790104866,1.6331136066582985e-05,0.018048051744699478,0.017206192016601562,7.127716799004702e-06,0.9601807594299316,0.553666353225708,0.14738582074642181,0.298947811126709,0.0002560727298259735,1.0,,,,,,,,,,,,,,
19,9059,,,0.07481446117162704,0.07481090724468231,1.777447687345557e-05,0.018965255469083786,0.01758098602294922,6.258727808017284e-06,0.9679839015007019,0.5486195683479309,0.15351137518882751,0.29786908626556396,0.0002615142147988081,1.0,,,,,,,,,,,,,,
19,9079,,,0.07045324891805649,0.07044996321201324,1.642020470171701e-05,0.017863404005765915,0.016937255859375,2.9886721677030437e-05,0.9718250036239624,0.5422804951667786,0.15422973036766052,0.3034898042678833,0.00024949340149760246,1.0,,,,,,,,,,,,,,
19,9099,,,0.07328791171312332,0.07328446209430695,1.7247864889213815e-05,0.01857244037091732,0.016783714294433594,1.9911212802981026e-05,0.9588188529014587,0.5560668706893921,0.1484704166650772,0.2954626977443695,0.0002500636037439108,1.0,,,,,,,,,,,,,,
19,9119,,,0.06843918561935425,0.06843549013137817,1.8476526747690514e-05,0.017374234274029732,0.0171661376953125,5.958451220067218e-05,0.953123927116394,0.5608288049697876,0.14578130841255188,0.2933899164199829,0.00026324670761823654,1.0,,,,,,,,,,,,,,
19,9139,,,0.06404644250869751,0.06404296308755875,1.7404687241651118e-05,0.016268644481897354,0.017446517944335938,5.3638035751646385e-05,0.9726218581199646,0.5398597717285156,0.15324291586875916,0.3068973422050476,0.00025596143677830696,1.0,,,,,,,,,,,,,,
19,9159,,,0.07318266481161118,0.0731794536113739,1.6045560187194496e-05,0.018564488738775253,0.017556190490722656,2.075531483569648e-06,0.9632395505905151,0.5509018301963806,0.151131272315979,0.2979668974876404,0.00026878039352595806,1.0,,,,,,,,,,,,,,
19,9179,,,0.06670964509248734,0.06670646369457245,1.5918561985017732e-05,0.01691931113600731,0.016825690865516663,6.90400611347286e-06,0.9682930707931519,0.5462847352027893,0.15179689228534698,0.3019183278083801,0.00024176228907890618,1.0,,,,,,,,,,,,,,
,9200,851.1646685211738,25.045682449482086,,,,,,,,,,,,,,,,,,,,,,,,,,
20,9199,,,0.06509191542863846,0.06508847326040268,1.721199441817589e-05,0.016574788838624954,0.01908397674560547,1.9475821318337694e-05,0.9595834016799927,0.5553548336029053,0.15009894967079163,0.2945462465286255,0.00030142092145979404,1.0,,,,,,,,,,,,,,
20,9219,,,0.080609992146492,0.0806068480014801,1.5720643204986118e-05,0.020411059260368347,0.018798828125,1.9073839212069288e-05,0.957453191280365,0.5560331344604492,0.14583814144134521,0.2981286942958832,0.00025818031281232834,1.0,,,,,,,,,,,,,,
20,9239,,,0.06958711892366409,0.06958428025245667,1.4182953236741014e-05,0.017694810405373573,0.01852130889892578,8.644990884931758e-06,0.9623348712921143,0.5481237173080444,0.14772456884384155,0.3041517436504364,0.00029785861261188984,1.0,,,,,,,,,,,,,,
20,9259,,,0.06450130045413971,0.06449837982654572,1.458810038457159e-05,0.01643447019159794,0.018840789794921875,1.180451363325119e-05,0.9657315015792847,0.5483784675598145,0.15477746725082397,0.2968440651893616,0.00030890945345163345,1.0,,,,,,,,,,,,,,
20,9279,,,0.06572888791561127,0.06572624295949936,1.3238603969512042e-05,0.01669180765748024,0.017679214477539062,9.684112228569575e-06,0.9628675580024719,0.5491853356361389,0.1466618776321411,0.30415278673171997,0.0002593928948044777,1.0,,,,,,,,,,,,,,
20,9299,,,0.07809010148048401,0.07808733731508255,1.3820947060594335e-05,0.019837429746985435,0.019092559814453125,6.259627116378397e-05,0.971290111541748,0.5390611290931702,0.15343214571475983,0.3075066804885864,0.0003136531449854374,1.0,,,,,,,,,,,,,,
20,9319,,,0.06587933748960495,0.06587676703929901,1.2866318684245925e-05,0.016727905720472336,0.017600059509277344,1.7724914869177155e-05,0.9709031581878662,0.5448042750358582,0.15511593222618103,0.3000797629356384,0.0002577162813395262,1.0,,,,,,,,,,,,,,
20,9339,,,0.0700274109840393,0.07002449035644531,1.4609987374569755e-05,0.01775805652141571,0.016864776611328125,5.605244041362312e-06,0.9613785743713379,0.5513159036636353,0.14667576551437378,0.30200839042663574,0.00025109248235821724,1.0,,,,,,,,,,,,,,
20,9359,,,0.06538211554288864,0.06537964195013046,1.2379519830574282e-05,0.01662944070994854,0.01742839813232422,9.526151552563533e-05,0.9535515308380127,0.5625274777412415,0.14875519275665283,0.2887173891067505,0.0002820065710693598,1.0,,,,,,,,,,,,,,
20,9379,,,0.08470585197210312,0.08470332622528076,1.2634253835130949e-05,0.021448927000164986,0.018175125122070312,7.451850979123265e-05,0.9513951539993286,0.5621817111968994,0.14321494102478027,0.29460328817367554,0.00027097295969724655,1.0,,,,,,,,,,,,,,
,9400,841.0880504475297,25.107953904188086,,,,,,,,,,,,,,,,,,,,,,,,,,
20,9399,,,0.0816139504313469,0.08161146938800812,1.2422380677890033e-05,0.02067485824227333,0.01800823211669922,1.895473906188272e-05,0.9700155854225159,0.5443284511566162,0.15491116046905518,0.3007603883743286,0.0002709908876568079,1.0,,,,,,,,,,,,,,
20,9419,,,0.07202808558940887,0.07202564179897308,1.2219166819704697e-05,0.01827569678425789,0.01729106903076172,7.880285556893796e-05,0.9493110179901123,0.5625444650650024,0.14330171048641205,0.2941538095474243,0.0002670993562787771,1.0,,,,,,,,,,,,,,
20,9439,,,0.07821633666753769,0.07821357250213623,1.3828312148689292e-05,0.019794778898358345,0.016571998596191406,6.653832679148763e-05,0.9536789655685425,0.5614192485809326,0.14570751786231995,0.2928732633590698,0.00023936410434544086,1.0,,,,,,,,,,,,,,
20,9459,,,0.06951594352722168,0.06951358914375305,1.1766772331611719e-05,0.01767178811132908,0.018453598022460938,1.3396279996413796e-07,0.9628604650497437,0.5496876239776611,0.15051361918449402,0.29979875683784485,0.0002928003668785095,1.0,,,,,,,,,,,,,,
20,9479,,,0.06739847362041473,0.06739601492881775,1.2276876077521592e-05,0.017102230340242386,0.017455101013183594,3.3360797715431545e-06,0.9608911275863647,0.5515813827514648,0.14744055271148682,0.3009781241416931,0.00025254511274397373,1.0,,,,,,,,,,,,,,
20,9499,,,0.07700444757938385,0.07700219005346298,1.1304182407911867e-05,0.01951642706990242,0.017683982849121094,0.00010239468974759802,0.9782785773277283,0.5360170006752014,0.1596275418996811,0.3043554723262787,0.00026326742954552174,1.0,,,,,,,,,,,,,,
20,9519,,,0.06713464856147766,0.06713254749774933,1.0511695109016728e-05,0.01707199402153492,0.01862812042236328,1.7447549907956272e-05,0.9557740688323975,0.5551015138626099,0.14487004280090332,0.3000284433364868,0.00028798240236938,1.0,,,,,,,,,,,,,,
20,9539,,,0.0739470049738884,0.07394501566886902,9.96172457234934e-06,0.01875227503478527,0.01746082305908203,5.9844693168997765e-05,0.9734129905700684,0.5390625,0.15525585412979126,0.30568164587020874,0.00026432680897414684,1.0,,,,,,,,,,,,,,
20,9559,,,0.07486872375011444,0.07486657798290253,1.0742191079771146e-05,0.01902920752763748,0.018377304077148438,5.6339904404012486e-05,0.9673779010772705,0.5396400690078735,0.15317662060260773,0.3071833550930023,0.00031090015545487404,1.0,,,,,,,,,,,,,,
20,9579,,,0.07553376257419586,0.07553169131278992,1.0363717592554167e-05,0.019154490903019905,0.01808643341064453,9.092147593037225e-06,0.9674710035324097,0.5457892417907715,0.15268878638744354,0.3015219569206238,0.00027086888439953327,1.0,,,,,,,,,,,,,,
,9600,831.6624506382235,25.15203131264058,,,,,,,,,,,,,,,,,,,,,,,,,,
20,9599,,,0.06616581976413727,0.06616312265396118,1.3480396773957182e-05,0.01678185723721981,0.01717662811279297,4.14794612879632e-06,0.9609758853912354,0.5527318120002747,0.1478436291217804,0.29942455887794495,0.00024031870998442173,1.0,,,,,,,,,,,,,,
20,9619,,,0.07343128323554993,0.0734289139509201,1.1857711797347292e-05,0.018671339377760887,0.01999664306640625,1.7517493233754067e-07,0.9620462656021118,0.549670934677124,0.14973847568035126,0.3005906343460083,0.0003135143779218197,1.0,,,,,,,,,,,,,,
21,9639,,,0.06364737451076508,0.06364521384239197,1.0817584552569315e-05,0.01616135984659195,0.017759323120117188,8.499891919200309e-06,0.960077702999115,0.5541192293167114,0.1477859765291214,0.29809480905532837,0.0002493462525308132,1.0,,,,,,,,,,,,,,
21,9659,,,0.07464756816625595,0.07464556396007538,1.0028816177509725e-05,0.018923602998256683,0.017971038818359375,2.4585495339124463e-05,0.9556211233139038,0.5569943189620972,0.14606937766075134,0.2969363033771515,0.00026121968403458595,1.0,,,,,,,,,,,,,,
21,9679,,,0.07663272321224213,0.07663024961948395,1.2351488294370938e-05,0.019430650398135185,0.017823219299316406,4.944049578625709e-06,0.9634833335876465,0.5505523085594177,0.1524047553539276,0.29704293608665466,0.00027237110771238804,1.0,,,,,,,,,,,,,,
21,9699,,,0.06617461889982224,0.06617264449596405,9.861309081315994e-06,0.01680760271847248,0.017755508422851562,5.484900248120539e-05,0.9516438245773315,0.5597155094146729,0.14175401628017426,0.2985303997993469,0.0002628518268465996,1.0,,,,,,,,,,,,,,
21,9719,,,0.07836730033159256,0.07836536318063736,9.680362381914165e-06,0.01992204785346985,0.02037811279296875,8.314433216582984e-06,0.9632956385612488,0.5462539196014404,0.1504778116941452,0.30326831340789795,0.0003300565294921398,1.0,,,,,,,,,,,,,,
21,9739,,,0.0776335820555687,0.07763161510229111,9.85244787443662e-06,0.01967075653374195,0.017442703247070312,1.0338435458834283e-05,0.9652212858200073,0.5503091812133789,0.15377427637577057,0.2959165573120117,0.0002621538005769253,1.0,,,,,,,,,,,,,,
21,9759,,,0.07418510317802429,0.07418306171894073,1.022590913635213e-05,0.018824974074959755,0.017538070678710938,3.8536709325853735e-05,0.9542936086654663,0.5587628483772278,0.14608150720596313,0.2951556146144867,0.00027792714536190033,1.0,,,,,,,,,,,,,,
21,9779,,,0.06797458231449127,0.06797267496585846,9.55355881160358e-06,0.01731163077056408,0.01869678497314453,6.8936874413338955e-06,0.9652873873710632,0.5470898151397705,0.15345224738121033,0.29945793747901917,0.00031784758903086185,1.0,,,,,,,,,,,,,,
,9800,823.0367287290361,25.17263115583372,,,,,,,,,,,,,,,,,,,,,,,,,,
21,9799,,,0.06790496408939362,0.06790316104888916,9.020338438858744e-06,0.01728328876197338,0.018804550170898438,5.124631570652127e-05,0.966568112373352,0.5414737462997437,0.1495358943939209,0.30899035930633545,0.0003060232847929001,1.0,,,,,,,,,,,,,,
21,9819,,,0.06027849391102791,0.060276832431554794,8.30745466373628e-06,0.015335533767938614,0.016785621643066406,5.89804767514579e-05,0.9571043848991394,0.5594578385353088,0.14989519119262695,0.2906469404697418,0.00026473100297152996,1.0,,,,,,,,,,,,,,
21,9839,,,0.07414823025465012,0.07414649426937103,8.688841262483038e-06,0.018771575763821602,0.0163421630859375,9.31318718357943e-05,0.9499635696411133,0.5636115074157715,0.14233237504959106,0.29405608773231506,0.0002326550893485546,1.0,,,,,,,,,,,,,,
21,9859,,,0.07504024356603622,0.07503865659236908,7.93997969594784e-06,0.0190738532692194,0.019782066345214844,1.80268834810704e-05,0.9679564833641052,0.5440205335617065,0.1534639298915863,0.30251550674438477,0.00031343172304332256,1.0,,,,,,,,,,,,,,
21,9879,,,0.07176132500171661,0.07175980508327484,7.608576197526418e-06,0.018232664093375206,0.01875019073486328,1.7921867765835486e-05,0.9626219272613525,0.5529398918151855,0.15304674208164215,0.2940133512020111,0.00029197451658546925,1.0,,,,,,,,,,,,,,
21,9899,,,0.07501507550477982,0.07501349598169327,7.886374987720046e-06,0.019012656062841415,0.01707172393798828,3.336958616273478e-05,0.9547866582870483,0.558163583278656,0.14565134048461914,0.29618504643440247,0.00025821919552981853,1.0,,,,,,,,,,,,,,
21,9919,,,0.06355874985456467,0.06355717778205872,7.875882147345692e-06,0.01617369055747986,0.018283843994140625,2.648092049639672e-06,0.9599053859710693,0.5522710680961609,0.14854219555854797,0.2991867661476135,0.00028395047411322594,1.0,,,,,,,,,,,,,,
21,9939,,,0.06628577411174774,0.06628446280956268,6.557730557688046e-06,0.016826147213578224,0.01747608184814453,3.0623312341049314e-05,0.9692138433456421,0.5422126054763794,0.15322120487689972,0.3045662045478821,0.00025409203954041004,1.0,,,,,,,,,,,,,,
21,9959,,,0.06582978367805481,0.06582809239625931,8.439470548182726e-06,0.016747409477829933,0.018163681030273438,3.0260362109402195e-05,0.9704028367996216,0.5423743724822998,0.15514615178108215,0.30247950553894043,0.0002893581986427307,1.0,,,,,,,,,,,,,,
21,9979,,,0.06330777704715729,0.06330594420433044,9.17751640372444e-06,0.01606711372733116,0.016414642333984375,0.00013916072202846408,0.9515027403831482,0.5658189058303833,0.1466798633337021,0.28750115633010864,0.00023738713935017586,1.0,,,,,,,,,,,,,,
,10000,813.5107406364018,25.22154776217086,,,,,,,,,,,,,,,,,,,,,,,,,,
21,9999,,,0.06892704218626022,0.06892502307891846,1.0114094948221464e-05,0.017525212839245796,0.01804828643798828,7.871348088883678e-07,0.9605183601379395,0.5512229204177856,0.14914555847644806,0.2996314764022827,0.00029343669302761555,1.0,,,,,,,,,,,,,,
21,9999,,,,,,,,,,,,,,,0.07167075574398041,0.07166913151741028,8.05728450359311e-06,0.9954032897949219,0.0016567754792049527,0.018177714198827744,0.01793142780661583,9.564334322931245e-05,0.9651039838790894,0.5474003553390503,0.15064848959445953,0.3019509017467499,0.00025812024250626564,1.0
21,10019,,,0.07437235862016678,0.07437072694301605,8.147653716150671e-06,0.01882576383650303,0.016763687133789062,2.151759645130369e-06,0.9617008566856384,0.5517429113388062,0.15010285377502441,0.29815420508384705,0.00023263180628418922,1.0,,,,,,,,,,,,,,
21,10039,,,0.06323974579572678,0.06323827803134918,7.3330147642991506e-06,0.016060594469308853,0.016529083251953125,0.00010021372872870415,0.9521774649620056,0.5636877417564392,0.14628733694553375,0.29002487659454346,0.0002486533485352993,1.0,,,,,,,,,,,,,,
21,10059,,,0.06715837866067886,0.06715703010559082,6.749086423951667e-06,0.017096586525440216,0.019257545471191406,7.890667620813474e-05,0.9464688301086426,0.5616382360458374,0.14008530974388123,0.29827648401260376,0.0003054144326597452,1.0,,,,,,,,,,,,,,
21,10079,,,0.07139179855585098,0.07139025628566742,7.707654731348157e-06,0.01813298836350441,0.018645286560058594,1.596182664798107e-05,0.9604117274284363,0.5538806915283203,0.15161606669425964,0.29450327157974243,0.00028471904806792736,1.0,,,,,,,,,,,,,,
22,10099,,,0.06917673349380493,0.06917527318000793,7.29262683307752e-06,0.017629781737923622,0.019212722778320312,6.722031685058028e-05,0.9694329500198364,0.5385099053382874,0.1543983370065689,0.30709177255630493,0.00033425353467464447,1.0,,,,,,,,,,,,,,
22,10119,,,0.07055947184562683,0.07055807113647461,6.9878965405223425e-06,0.01794710010290146,0.019062042236328125,5.039526058681076e-06,0.9639511108398438,0.5469303131103516,0.15083342790603638,0.30223628878593445,0.0003071310929954052,1.0,,,,,,,,,,,,,,
22,10139,,,0.06518028676509857,0.06517904996871948,6.187054623296717e-06,0.016559762880206108,0.017852783203125,8.969004738901276e-06,0.9580628871917725,0.5527093410491943,0.14582610130310059,0.30146461725234985,0.000264512374997139,1.0,,,,,,,,,,,,,,
22,10159,,,0.07450941205024719,0.07450812309980392,6.432765530917095e-06,0.018915163353085518,0.018093109130859375,8.135878488246817e-06,0.9634406566619873,0.5467479228973389,0.14955921471118927,0.30369287729263306,0.0002876482903957367,1.0,,,,,,,,,,,,,,
22,10179,,,0.07339995354413986,0.07339859008789062,6.825165655754972e-06,0.01862177811563015,0.018197059631347656,4.1405990486964583e-05,0.9595489501953125,0.5576403141021729,0.15046094357967377,0.2918986976146698,0.0002709610853344202,1.0,,,,,,,,,,,,,,
,10200,809.9372736154545,25.085893268380023,,,,,,,,,,,,,,,,,,,,,,,,,,
22,10199,,,0.06478465348482132,0.06478327512741089,6.87915144226281e-06,0.016430124640464783,0.017327308654785156,5.980776040814817e-05,0.9519755840301514,0.5595352053642273,0.1405932605266571,0.299871563911438,0.00023276475258171558,1.0,,,,,,,,,,,,,,
22,10219,,,0.07645593583583832,0.07645439356565475,7.726355761406012e-06,0.019348418340086937,0.017131805419921875,1.8361119145993143e-05,0.9713222980499268,0.5443026423454285,0.15463662147521973,0.3010607361793518,0.00023406744003295898,1.0,,,,,,,,,,,,,,
22,10239,,,0.05755508318543434,0.057554006576538086,5.384168616728857e-06,0.014652050100266933,0.017242431640625,1.2322245765972184e-06,0.9648300409317017,0.5489734411239624,0.15154185891151428,0.2994847297668457,0.0002632550895214081,1.0,,,,,,,,,,,,,,
22,10259,,,0.06691864132881165,0.06691761314868927,5.130983481649309e-06,0.016982637345790863,0.018213272094726562,1.4875520719215274e-05,0.9571197032928467,0.5554453134536743,0.14700385928153992,0.29755085706710815,0.00025268038734793663,1.0,,,,,,,,,,,,,,
22,10279,,,0.06880567967891693,0.06880450248718262,5.8740379245136864e-06,0.017468485981225967,0.0177154541015625,3.312775515951216e-05,0.9578187465667725,0.548740029335022,0.14366570115089417,0.3075942397117615,0.000266403891146183,1.0,,,,,,,,,,,,,,
22,10299,,,0.06485991179943085,0.06485867500305176,6.181312528497074e-06,0.016512487083673477,0.01896953582763672,3.642371666501276e-05,0.9656816124916077,0.5519014596939087,0.15625512599945068,0.2918434739112854,0.0002967806067317724,1.0,,,,,,,,,,,,,,
22,10319,,,0.07023724168539047,0.07023611664772034,5.607138518826105e-06,0.017819011583924294,0.017358779907226562,5.414540646597743e-05,0.9694446325302124,0.5404443740844727,0.15120913088321686,0.3083465099334717,0.00025861896574497223,1.0,,,,,,,,,,,,,,
22,10339,,,0.05958261340856552,0.059581492096185684,5.612906534224749e-06,0.015174574218690395,0.018955230712890625,7.108783393050544e-07,0.9639997482299805,0.5489434003829956,0.15100684762001038,0.3000497817993164,0.0002789068967103958,1.0,,,,,,,,,,,,,,
22,10359,,,0.07919766008853912,0.07919664680957794,5.067195161245763e-06,0.02015295997262001,0.022278785705566406,6.931550888111815e-05,0.9731671810150146,0.5382260680198669,0.15582415461540222,0.3059498071670532,0.0003521593753248453,1.0,,,,,,,,,,,,,,
22,10379,,,0.061782967299222946,0.061781756579875946,6.057253813196439e-06,0.01571214385330677,0.017777442932128906,0.00010744799510575831,0.9482418298721313,0.5646319389343262,0.14190813899040222,0.293459951877594,0.0002642527688294649,1.0,,,,,,,,,,,,,,
,10400,800.4698078960706,25.132740550049615,,,,,,,,,,,,,,,,,,,,,,,,,,
22,10399,,,0.07264867424964905,0.07264763861894608,5.195708581595682e-06,0.018387051299214363,0.016297340393066406,6.405104795703664e-05,0.9531062841415405,0.5613162517547607,0.14415790140628815,0.2945259213447571,0.0002236014697700739,1.0,,,,,,,,,,,,,,
22,10419,,,0.06604693084955215,0.06604589521884918,5.194729055801872e-06,0.016893800348043442,0.019941329956054688,9.038763528224081e-05,0.9701560735702515,0.5367785692214966,0.15449488162994385,0.30872654914855957,0.0003802594728767872,1.0,,,,,,,,,,,,,,
22,10439,,,0.06846778094768524,0.06846655160188675,6.15104909229558e-06,0.017445772886276245,0.01957416534423828,5.7142297009704635e-05,0.9690461158752441,0.5396583080291748,0.15282553434371948,0.3075161576271057,0.00032768514938652515,1.0,,,,,,,,,,,,,,
22,10459,,,0.07138173282146454,0.07138057798147202,5.77794662603992e-06,0.01813841052353382,0.018182754516601562,5.198761573410593e-05,0.9700636863708496,0.5398139953613281,0.15468654036521912,0.30549949407577515,0.0002919379621744156,1.0,,,,,,,,,,,,,,
22,10479,,,0.06422111392021179,0.06422015279531479,4.790913408214692e-06,0.01636071316897869,0.019644737243652344,4.668453402700834e-05,0.9675222635269165,0.5404473543167114,0.15351656079292297,0.3060360848903656,0.00030450173653662205,1.0,,,,,,,,,,,,,,
22,10499,,,0.06815486401319504,0.06815387308597565,4.949851245328318e-06,0.01736578531563282,0.018495559692382812,8.899525710148737e-06,0.9655767679214478,0.5457860231399536,0.1522834300994873,0.3019305169582367,0.0003268918953835964,1.0,,,,,,,,,,,,,,
22,10519,,,0.06857558339834213,0.06857466697692871,4.578700554702664e-06,0.01743749901652336,0.01817035675048828,3.321777330711484e-05,0.968208909034729,0.5418500900268555,0.1539701521396637,0.30417972803115845,0.0002929393667727709,1.0,,,,,,,,,,,,,,
22,10539,,,0.06255946308374405,0.06255798786878586,7.382383046206087e-06,0.015877746045589447,0.017320632934570312,4.689554771175608e-05,0.9540783762931824,0.5596818923950195,0.1453559398651123,0.2949621081352234,0.00023694243282079697,1.0,,,,,,,,,,,,,,
23,10559,,,0.06330052763223648,0.06329958140850067,4.738632924272679e-06,0.016134487465023994,0.017549514770507812,1.6245039660134353e-05,0.955129086971283,0.5556996464729309,0.14720582962036133,0.29709452390670776,0.00030903005972504616,1.0,,,,,,,,,,,,,,
23,10579,,,0.07164953649044037,0.07164826989173889,6.3272555053117685e-06,0.018173636868596077,0.017276763916015625,1.132768375100568e-05,0.9625073671340942,0.5532093048095703,0.15143948793411255,0.29535120725631714,0.0002610255032777786,1.0,,,,,,,,,,,,,,
,10600,791.0132485704379,25.180362068520207,,,,,,,,,,,,,,,,,,,,,,,,,,
23,10599,,,0.06710584461688995,0.06710468232631683,5.808368769066874e-06,0.01709144376218319,0.019112586975097656,4.232514584145974e-06,0.9607070684432983,0.5493355989456177,0.14787906408309937,0.3027852773666382,0.00031489855609834194,1.0,,,,,,,,,,,,,,
23,10619,,,0.06713682413101196,0.06713563203811646,5.9474509725987446e-06,0.017045944929122925,0.0172882080078125,1.8582004486233927e-06,0.9646521806716919,0.5481223464012146,0.15131711959838867,0.30056053400039673,0.00026170164346694946,1.0,,,,,,,,,,,,,,
23,10639,,,0.07009776681661606,0.07009683549404144,4.6718614612473175e-06,0.01774756610393524,0.016431808471679688,3.02715998259373e-05,0.9697661399841309,0.5422190427780151,0.15388578176498413,0.30389514565467834,0.00022251904010772705,1.0,,,,,,,,,,,,,,
23,10659,,,0.07861680537462234,0.07861582189798355,4.901812189928023e-06,0.019921528175473213,0.01755523681640625,0.00013986887643113732,0.9462679624557495,0.566625714302063,0.1432659775018692,0.290108323097229,0.00026452867314219475,1.0,,,,,,,,,,,,,,
23,10679,,,0.06399806588888168,0.06399724632501602,4.098437784705311e-06,0.016247723251581192,0.016556739807128906,1.6073518054326996e-06,0.9614696502685547,0.5517060160636902,0.1486693173646927,0.2996246814727783,0.0002481748815625906,1.0,,,,,,,,,,,,,,
23,10699,,,0.062331702560186386,0.062330879271030426,4.113802788197063e-06,0.015883268788456917,0.01823902130126953,2.847587666110485e-06,0.9629198312759399,0.5476348400115967,0.15090709924697876,0.30145806074142456,0.0003002856392413378,1.0,,,,,,,,,,,,,,
23,10719,,,0.0661504864692688,0.06614964455366135,4.209662620269228e-06,0.016780300065875053,0.01790142059326172,4.767438440467231e-06,0.961246132850647,0.5528626441955566,0.1495712846517563,0.29756611585617065,0.00024258322082459927,1.0,,,,,,,,,,,,,,
23,10739,,,0.05948839336633682,0.05948755145072937,4.217131845507538e-06,0.015192567370831966,0.018888473510742188,2.0828003471251577e-05,0.9637159109115601,0.5438328981399536,0.1514352411031723,0.30473190546035767,0.00032005272805690765,1.0,,,,,,,,,,,,,,
23,10759,,,0.07019925117492676,0.07019844651222229,4.017776518594474e-06,0.017802784219384193,0.017404556274414062,4.653187204439746e-07,0.9618617296218872,0.5496056079864502,0.14943476021289825,0.30095964670181274,0.0002529616467654705,1.0,,,,,,,,,,,,,,
23,10779,,,0.055941931903362274,0.05594108998775482,4.209620783512946e-06,0.014251100830733776,0.01874065399169922,6.005775048834039e-06,0.9664798974990845,0.5467226505279541,0.15261483192443848,0.3006625175476074,0.0002654979471117258,1.0,,,,,,,,,,,,,,
,10800,781.6973601548427,25.22459586673563,,,,,,,,,,,,,,,,,,,,,,,,,,
23,10799,,,0.06693246215581894,0.06693167984485626,3.922477844753303e-06,0.01700344868004322,0.01771259307861328,5.71884993405547e-05,0.9545958638191223,0.5597447752952576,0.14894363284111023,0.2913115620613098,0.00026919017545878887,1.0,,,,,,,,,,,,,,
23,10819,,,0.07552777975797653,0.07552684843540192,4.6503446355927736e-06,0.019146325066685677,0.01680469512939453,2.0109848264837638e-05,0.9551224708557129,0.5561952590942383,0.14572814106941223,0.2980765700340271,0.00026397802866995335,1.0,,,,,,,,,,,,,,
23,10839,,,0.061969127506017685,0.061968330293893814,3.9916262721817475e-06,0.01577799767255783,0.018054962158203125,0.00013135786866769195,0.9730100631713867,0.5344510078430176,0.15381115674972534,0.31173786520957947,0.000283088069409132,1.0,,,,,,,,,,,,,,
23,10859,,,0.06308916211128235,0.06308828294277191,4.392085429572035e-06,0.016038428992033005,0.016671180725097656,6.292823672993109e-05,0.955237865447998,0.5607795715332031,0.14730149507522583,0.29191893339157104,0.0002648790832608938,1.0,,,,,,,,,,,,,,
23,10879,,,0.0706414058804512,0.07064060866832733,3.995452516392106e-06,0.017940809950232506,0.018387794494628906,5.063923163106665e-05,0.9695801138877869,0.5399820804595947,0.15417852997779846,0.3058394193649292,0.0002794454339891672,1.0,,,,,,,,,,,,,,
23,10899,,,0.07070203870534897,0.07070113718509674,4.489524144446477e-06,0.017993442714214325,0.020618438720703125,4.725564394902904e-06,0.9590622186660767,0.5502733588218689,0.1472114473581314,0.3025151491165161,0.00031783804297447205,1.0,,,,,,,,,,,,,,
23,10919,,,0.07270513474941254,0.07270440459251404,3.6341768918646267e-06,0.018482619896531105,0.019666671752929688,4.8628564400132746e-05,0.9664193391799927,0.5415277481079102,0.1498648077249527,0.30860745906829834,0.00030536437407135963,1.0,,,,,,,,,,,,,,
23,10939,,,0.06496594101190567,0.06496526300907135,3.387193828530144e-06,0.016517918556928635,0.017557144165039062,8.425785199506208e-05,0.9761691689491272,0.5374488830566406,0.15914589166641235,0.303405225276947,0.0002747480757534504,1.0,,,,,,,,,,,,,,
23,10959,,,0.062131986021995544,0.06213109940290451,4.434374659467721e-06,0.01582724042236805,0.018425941467285156,1.4827389350102749e-05,0.9594508409500122,0.5536046624183655,0.15173260867595673,0.2946627140045166,0.0002939465921372175,1.0,,,,,,,,,,,,,,
23,10979,,,0.07858689874410629,0.07858631759881973,2.9208408705017064e-06,0.01985870860517025,0.016455650329589844,1.3853022551302274e-07,0.963313102722168,0.5504230260848999,0.149517223238945,0.3000597655773163,0.00021198182366788387,1.0,,,,,,,,,,,,,,
,11000,772.4564532013735,25.267443775127354,,,,,,,,,,,,,,,,,,,,,,,,,,
23,10999,,,0.07350989431142807,0.07350923120975494,3.313921524750185e-06,0.018631812185049057,0.01707744598388672,8.838715439196676e-05,0.9766706228256226,0.5367281436920166,0.15732431411743164,0.30594757199287415,0.00025257118977606297,1.0,,,,,,,,,,,,,,
23,10999,,,,,,,,,,,,,,,0.06913930177688599,0.06913860142230988,3.5010598367080092e-06,0.9972753524780273,0.002126607345417142,0.01756800338625908,0.01916486956179142,0.00020105439762119204,0.9745868444442749,0.5357435345649719,0.155915766954422,0.30834072828292847,0.00027916047838516533,1.0
24,11019,,,0.06087767332792282,0.06087683513760567,4.195998371869791e-06,0.015467682853341103,0.01631927490234375,3.4870194212999195e-05,0.9575201869010925,0.5572630763053894,0.1499379575252533,0.2927989959716797,0.00024756742641329765,1.0,,,,,,,,,,,,,,
24,11039,,,0.06806795299053192,0.06806709617376328,4.2721749196061864e-06,0.017315760254859924,0.018584251403808594,2.703509926504921e-05,0.9531978964805603,0.5572366714477539,0.14525216817855835,0.2975112199783325,0.00029823114164173603,1.0,,,,,,,,,,,,,,
24,11059,,,0.07697213441133499,0.0769711285829544,5.032096851209644e-06,0.01954903081059456,0.019034385681152344,9.167225471173879e-06,0.956514835357666,0.5541385412216187,0.14697930216789246,0.2988821566104889,0.00030581350438296795,1.0,,,,,,,,,,,,,,
24,11079,,,0.07336561381816864,0.07336501777172089,2.9955497211631155e-06,0.018594229593873024,0.016893386840820312,4.7832995733188e-06,0.9593835473060608,0.5530859231948853,0.14827607572078705,0.2986379861831665,0.00025272974744439125,1.0,,,,,,,,,,,,,,
24,11099,,,0.0652642473578453,0.06526364386081696,3.0143739877530606e-06,0.01656782440841198,0.01780223846435547,9.555193173582666e-06,0.9667187929153442,0.5456827878952026,0.15156352519989014,0.30275365710258484,0.00025157141499221325,1.0,,,,,,,,,,,,,,
24,11119,,,0.06491877883672714,0.06491804867982864,3.6366652693686774e-06,0.016504818573594093,0.017838478088378906,1.9403537407924887e-06,0.9632738828659058,0.5480951070785522,0.1513872742652893,0.30051758885383606,0.00027508451603353024,1.0,,,,,,,,,,,,,,
24,11139,,,0.07344430685043335,0.07344378530979156,2.6022069050668506e-06,0.018691331148147583,0.02090930938720703,4.889043339062482e-05,0.9689242839813232,0.5401276350021362,0.1554238200187683,0.30444857478141785,0.000329276779666543,1.0,,,,,,,,,,,,,,
24,11159,,,0.06928593665361404,0.06928543746471405,2.505425982235465e-06,0.01756489835679531,0.0182952880859375,3.68601868103724e-05,0.9660890102386475,0.5430400967597961,0.1491256058216095,0.307834267616272,0.00024267658591270447,1.0,,,,,,,,,,,,,,
24,11179,,,0.0750897005200386,0.07508896291255951,3.688709966809256e-06,0.019140906631946564,0.019448280334472656,4.386824002722278e-05,0.9698711633682251,0.5409297943115234,0.15656016767024994,0.30251002311706543,0.0003676034975796938,1.0,,,,,,,,,,,,,,
,11200,769.6356389349921,25.10018900207363,,,,,,,,,,,,,,,,,,,,,,,,,,
24,11199,,,0.07439323514699936,0.07439247518777847,3.7819431781827006e-06,0.018871739506721497,0.017539024353027344,8.137834083754569e-05,0.9505653381347656,0.5623141527175903,0.14673066139221191,0.29095521569252014,0.0002718034666031599,1.0,,,,,,,,,,,,,,
24,11219,,,0.06460057199001312,0.06460003554821014,2.6904492642643163e-06,0.016492057591676712,0.02056407928466797,2.2617408831138164e-05,0.9512491226196289,0.5547257661819458,0.1434926688671112,0.3017815947532654,0.00034146266989409924,1.0,,,,,,,,,,,,,,
24,11239,,,0.062282633036375046,0.06228210777044296,2.618340204207925e-06,0.015838945284485817,0.01819133758544922,3.170949639752507e-05,0.9591665267944336,0.5563960671424866,0.15091073513031006,0.29269319772720337,0.000267653027549386,1.0,,,,,,,,,,,,,,
24,11259,,,0.06226934492588043,0.062268778681755066,2.8321396712271962e-06,0.01582803949713707,0.018022537231445312,2.221987358552724e-07,0.9607239961624146,0.5500274300575256,0.15056313574314117,0.2994094789028168,0.0002606990747153759,1.0,,,,,,,,,,,,,,
24,11279,,,0.06744661927223206,0.06744608283042908,2.6741095098259393e-06,0.017150187864899635,0.018434524536132812,5.1422020987956785e-06,0.9582697153091431,0.552978515625,0.14954011142253876,0.29748135805130005,0.0002884306013584137,1.0,,,,,,,,,,,,,,
24,11299,,,0.06643568724393845,0.06643521040678024,2.3992388378246687e-06,0.016901914030313492,0.01946544647216797,2.1643534637405537e-05,0.9662601351737976,0.5434790253639221,0.15250355005264282,0.30401742458343506,0.0002925598528236151,1.0,,,,,,,,,,,,,,
24,11319,,,0.06658446788787842,0.06658400595188141,2.3145798877521884e-06,0.016876420006155968,0.01669025421142578,3.7585636164294556e-05,0.9600484371185303,0.5566440224647522,0.15150198340415955,0.29185396432876587,0.00022955122403800488,1.0,,,,,,,,,,,,,,
24,11339,,,0.07447676360607147,0.07447630912065506,2.2747274215362268e-06,0.018905045464634895,0.017683029174804688,0.00013651148765347898,0.9468267560005188,0.566416323184967,0.14341838657855988,0.2901653051376343,0.0002831239253282547,1.0,,,,,,,,,,,,,,
24,11359,,,0.07557100802659988,0.07557043433189392,2.879165776903392e-06,0.01917438767850399,0.01940441131591797,3.0760973004362313e-06,0.9615483283996582,0.5496014356613159,0.14807911217212677,0.30231940746307373,0.0002815744373947382,1.0,,,,,,,,,,,,,,
24,11379,,,0.0647556334733963,0.06475476920604706,4.303494279156439e-06,0.01644575409591198,0.016562461853027344,2.413266156509053e-05,0.956008791923523,0.5568861961364746,0.14735329151153564,0.29576051235198975,0.0002563630696386099,1.0,,,,,,,,,,,,,,
,11400,760.7595702603369,25.130147220438772,,,,,,,,,,,,,,,,,,,,,,,,,,
24,11399,,,0.07315431535243988,0.07315391302108765,2.0049565137014724e-06,0.01856829971075058,0.01733112335205078,1.1226350579818245e-05,0.9563462734222412,0.5546329021453857,0.14854487776756287,0.29682227969169617,0.00027949665673077106,1.0,,,,,,,,,,,,,,
24,11419,,,0.07508222758769989,0.07508164644241333,2.9036546038696542e-06,0.01900811493396759,0.01773357391357422,1.7703740013530478e-05,0.9555447697639465,0.5556638240814209,0.14558807015419006,0.29874810576438904,0.00023720436729490757,1.0,,,,,,,,,,,,,,
24,11439,,,0.07570501416921616,0.07570461183786392,2.023932211159263e-06,0.01918906718492508,0.017871856689453125,2.2109975361672696e-07,0.9614338874816895,0.5501532554626465,0.1493629813194275,0.300483763217926,0.00026280898600816727,1.0,,,,,,,,,,,,,,
24,11459,,,0.06746172159910202,0.06746131926774979,2.008716592172277e-06,0.01713617891073227,0.01795673370361328,6.020671207807027e-06,0.9643095135688782,0.5467537641525269,0.15268492698669434,0.3005613386631012,0.00027062720619142056,1.0,,,,,,,,,,,,,,
25,11479,,,0.07506759464740753,0.07506699860095978,2.9794787224091124e-06,0.019024867564439774,0.01739501953125,1.817286261029949e-06,0.9610061049461365,0.5491665005683899,0.1489318609237671,0.301901638507843,0.000257931649684906,1.0,,,,,,,,,,,,,,
25,11499,,,0.06308083981275558,0.06308044493198395,1.9862509361701086e-06,0.016042672097682953,0.01769256591796875,5.321424396242946e-06,0.959453821182251,0.5484886169433594,0.14825193583965302,0.3032594919204712,0.00027235643938183784,1.0,,,,,,,,,,,,,,
25,11519,,,0.06831401586532593,0.06831341236829758,3.015470383616048e-06,0.017305420711636543,0.016409873962402344,2.1283710793795763e-06,0.9639610052108765,0.5483543276786804,0.1497451364994049,0.3019005060195923,0.00022687460295856,1.0,,,,,,,,,,,,,,
25,11539,,,0.06358210742473602,0.06358160078525543,2.529270204831846e-06,0.016156703233718872,0.018578529357910156,3.274672053521499e-05,0.9692517518997192,0.5419111251831055,0.15382617712020874,0.3042626976966858,0.0002605218905955553,1.0,,,,,,,,,,,,,,
25,11559,,,0.07542210072278976,0.07542169094085693,2.0375678104755934e-06,0.019165469333529472,0.019290924072265625,2.5544712116243318e-05,0.9544971585273743,0.5568634271621704,0.14829665422439575,0.2948399484157562,0.00030943378806114197,1.0,,,,,,,,,,,,,,
25,11579,,,0.07658731192350388,0.07658690214157104,2.0329807739472017e-06,0.019427208229899406,0.017730712890625,0.00023780891206115484,0.9426580667495728,0.571539044380188,0.14219129085540771,0.2862697243690491,0.00027562351897358894,1.0,,,,,,,,,,,,,,
,11600,752.9702294709402,25.12449929566586,,,,,,,,,,,,,,,,,,,,,,,,,,
25,11599,,,0.07293684035539627,0.07293630391359329,2.693892383831553e-06,0.018507301807403564,0.018639564514160156,9.90575790638104e-06,0.9572809934616089,0.5544509291648865,0.14779701828956604,0.2977520227432251,0.0002728935796767473,1.0,,,,,,,,,,,,,,
25,11619,,,0.07182982563972473,0.07182931154966354,2.568040372352698e-06,0.01821097731590271,0.01738452911376953,2.440257730995654e-06,0.9644599556922913,0.5478313565254211,0.15144915878772736,0.3007194995880127,0.00025347177870571613,1.0,,,,,,,,,,,,,,
25,11639,,,0.07054352760314941,0.0705430656671524,2.323257376701804e-06,0.017940232530236244,0.017553329467773438,0.0001259562122868374,0.9735991358757019,0.5342510342597961,0.15616807341575623,0.30958089232444763,0.0003018318675458431,1.0,,,,,,,,,,,,,,
25,11659,,,0.07096248120069504,0.07096203416585922,2.2307772269414272e-06,0.018040243536233902,0.01816844940185547,0.0003094489511568099,0.9785795211791992,0.5256175398826599,0.1579139530658722,0.3164685070514679,0.000293434364721179,1.0,,,,,,,,,,,,,,
25,11679,,,0.06385375559329987,0.06385325640439987,2.47803473030217e-06,0.016269925981760025,0.01816272735595703,0.00013179262168705463,0.9749155044555664,0.5338335037231445,0.1567898988723755,0.3093765377998352,0.00030385120771825314,1.0,,,,,,,,,,,,,,
25,11699,,,0.07361796498298645,0.07361754775047302,2.09979179999209e-06,0.018709365278482437,0.018395423889160156,3.533257404342294e-05,0.968970537185669,0.541599690914154,0.1544739007949829,0.30392640829086304,0.0003041669260710478,1.0,,,,,,,,,,,,,,
25,11719,,,0.06545216590166092,0.0654517114162445,2.2829269710200606e-06,0.01662939228117466,0.017007827758789062,5.9933969168923795e-05,0.9563722610473633,0.5593839883804321,0.1501922905445099,0.2904236912727356,0.0002651521936058998,1.0,,,,,,,,,,,,,,
25,11739,,,0.0690128281712532,0.06901243329048157,1.9906467514374526e-06,0.017555881291627884,0.018774986267089844,0.00016739990678615868,0.9756909608840942,0.5317762494087219,0.15769025683403015,0.3105334937572479,0.00029932684265077114,1.0,,,,,,,,,,,,,,
25,11759,,,0.07049663364887238,0.07049611210823059,2.6068405531987082e-06,0.017917398363351822,0.02032756805419922,3.0238559702411294e-05,0.9695988893508911,0.542229413986206,0.15415212512016296,0.30361849069595337,0.00029263575561344624,1.0,,,,,,,,,,,,,,
25,11779,,,0.06843496114015579,0.06843458116054535,1.8906368950410979e-06,0.017354419454932213,0.01692962646484375,1.76549146999605e-05,0.9662165641784668,0.5440638065338135,0.15273666381835938,0.30319952964782715,0.0002453252673149109,1.0,,,,,,,,,,,,,,
,11800,744.83527273771,25.130388805568085,,,,,,,,,,,,,,,,,,,,,,,,,,
25,11799,,,0.07294925302267075,0.07294861972332001,3.1520235097559635e-06,0.018508097156882286,0.018131256103515625,1.870750929811038e-05,0.9666213989257812,0.5438856482505798,0.15290793776512146,0.3032064139842987,0.0002704104408621788,1.0,,,,,,,,,,,,,,
25,11819,,,0.06732867658138275,0.06732816249132156,2.584160029073246e-06,0.017107175663113594,0.017742156982421875,4.663597792387009e-05,0.9519517421722412,0.5596525073051453,0.14489814639091492,0.2954493761062622,0.0002740737982094288,1.0,,,,,,,,,,,,,,
25,11839,,,0.07235247641801834,0.07235213369131088,1.7129530078818789e-06,0.018369421362876892,0.019681930541992188,8.882676411303692e-06,0.9572367668151855,0.552040159702301,0.14578582346439362,0.30217406153678894,0.0002811248414218426,1.0,,,,,,,,,,,,,,
25,11859,,,0.06920991837978363,0.0692095160484314,2.0247193788236473e-06,0.01760147139430046,0.019458770751953125,0.0002057699311990291,0.9774577021598816,0.5297586917877197,0.15894930064678192,0.31129199266433716,0.0002948762848973274,1.0,,,,,,,,,,,,,,
25,11879,,,0.05118081346154213,0.05118047818541527,1.6758183392084902e-06,0.013129813596606255,0.018891334533691406,6.247513374546543e-05,0.9694696664810181,0.5388431549072266,0.15617524087429047,0.30498161911964417,0.0003333610948175192,1.0,,,,,,,,,,,,,,
25,11899,,,0.06079581007361412,0.06079547479748726,1.6804349343146896e-06,0.01543155126273632,0.017261505126953125,2.0859521100646816e-05,0.9664528369903564,0.5436207056045532,0.1523134857416153,0.3040658235549927,0.00023218197748064995,1.0,,,,,,,,,,,,,,
25,11919,,,0.06237929314374924,0.0623789057135582,1.9320664250699338e-06,0.015906082466244698,0.018970489501953125,9.190058335661888e-06,0.9533675909042358,0.5539588928222656,0.14659561216831207,0.2994454503059387,0.00031107477843761444,1.0,,,,,,,,,,,,,,
26,11939,,,0.07084356993436813,0.07084323465824127,1.6929291177802952e-06,0.017994768917560577,0.018807411193847656,2.142601806554012e-05,0.9535739421844482,0.5563883781433105,0.14556866884231567,0.2980429530143738,0.00028344825841486454,1.0,,,,,,,,,,,,,,
26,11959,,,0.05582359805703163,0.05582325905561447,1.7008937902573962e-06,0.014255118556320667,0.01985645294189453,7.856009324314073e-05,0.9730743765830994,0.5374723076820374,0.15589943528175354,0.3066282570362091,0.00029764813371002674,1.0,,,,,,,,,,,,,,
26,11979,,,0.07452192157506943,0.07452160120010376,1.5890915392446914e-06,0.01886088401079178,0.01731586456298828,5.347971455194056e-05,0.9525884389877319,0.5603376626968384,0.1445683389902115,0.29509398341178894,0.00022933376021683216,1.0,,,,,,,,,,,,,,
,12000,735.8359606319315,25.165935059896846,,,,,,,,,,,,,,,,,,,,,,,,,,
26,11999,,,0.07296820729970932,0.07296782732009888,1.8860314412449952e-06,0.01853558048605919,0.018683433532714844,4.675913805840537e-05,0.9693500995635986,0.5404447317123413,0.15606650710105896,0.3034887909889221,0.00029259384609758854,1.0,,,,,,,,,,,,,,
26,11999,,,,,,,,,,,,,,,0.06589613109827042,0.06589581817388535,1.6622623206785647e-06,0.9984034299850464,0.002101879334077239,0.0167329553514719,0.017762884497642517,0.0001319157163379714,0.9677672386169434,0.54303377866745,0.15371328592300415,0.3032529652118683,0.0002562834124546498,1.0
26,12019,,,0.0704440101981163,0.07044357806444168,2.167959337384673e-06,0.017865050584077835,0.01731586456298828,2.5721308247739216e-06,0.9571763873100281,0.5517964959144592,0.1479027271270752,0.3003007769584656,0.00025399704463779926,1.0,,,,,,,,,,,,,,
26,12039,,,0.07595693320035934,0.07595660537481308,1.6285957826767117e-06,0.019284924492239952,0.019329071044921875,0.00013183416740503162,0.9723760485649109,0.5340195894241333,0.15549612045288086,0.3104843497276306,0.00029305368661880493,1.0,,,,,,,,,,,,,,
26,12059,,,0.06979213654994965,0.0697917491197586,1.9264109596406342e-06,0.01771027036011219,0.017889022827148438,5.3416424634633586e-05,0.9707752466201782,0.5397408604621887,0.15621918439865112,0.30403992533683777,0.0002611670643091202,1.0,,,,,,,,,,,,,,
26,12079,,,0.06257033348083496,0.06257003545761108,1.4738604932063026e-06,0.01586693711578846,0.017172813415527344,4.443649959284812e-05,0.9590854048728943,0.5579114556312561,0.15048399567604065,0.29160451889038086,0.00022346503101289272,1.0,,,,,,,,,,,,,,
26,12099,,,0.07118195295333862,0.07118164747953415,1.5339326182584045e-06,0.018092719838023186,0.019901275634765625,3.540038596838713e-05,0.9627137184143066,0.5436774492263794,0.14835304021835327,0.3079695701599121,0.0002965237945318222,1.0,,,,,,,,,,,,,,
26,12119,,,0.06565120816230774,0.06565089523792267,1.578654291733983e-06,0.016677338629961014,0.018341064453125,6.177005707286298e-05,0.9580063819885254,0.5575375556945801,0.15330536663532257,0.28915703296661377,0.00026330025866627693,1.0,,,,,,,,,,,,,,
26,12139,,,0.06706414371728897,0.0670638233423233,1.5918542430881644e-06,0.0170451607555151,0.01792430877685547,0.00010544669930823147,0.945271372795105,0.5644347071647644,0.14140447974205017,0.29416078329086304,0.00027701654471457005,1.0,,,,,,,,,,,,,,
26,12159,,,0.06586477160453796,0.06586415320634842,3.0895423606125405e-06,0.016724152490496635,0.017577171325683594,7.955743967613671e-06,0.9612305164337158,0.5529570579528809,0.1508399397134781,0.29620295763015747,0.00025780010037124157,1.0,,,,,,,,,,,,,,
26,12179,,,0.06031853333115578,0.060318101197481155,2.161069005524041e-06,0.0153009332716465,0.016180992126464844,0.00010334469698136672,0.9528450965881348,0.5636152029037476,0.147190660238266,0.2891940772533417,0.00021923310123384,1.0,,,,,,,,,,,,,,
,12200,731.1782219661924,25.052715534581353,,,,,,,,,,,,,,,,,,,,,,,,,,
26,12199,,,0.06244410201907158,0.0624438151717186,1.4406900845642667e-06,0.015882223844528198,0.017757415771484375,0.00015683368837926537,0.9419215321540833,0.567639946937561,0.139810711145401,0.29254937171936035,0.0002680625766515732,1.0,,,,,,,,,,,,,,
26,12219,,,0.06357666850090027,0.06357642263174057,1.2459852314350428e-06,0.01617228239774704,0.018342018127441406,3.734962490398175e-07,0.959697961807251,0.5508463382720947,0.1497286707162857,0.29942503571510315,0.0002781075891107321,1.0,,,,,,,,,,,,,,
26,12239,,,0.06898040324449539,0.06898012012243271,1.417397129443998e-06,0.017549052834510803,0.01786518096923828,3.052201645914465e-05,0.9675309658050537,0.5421993136405945,0.1535194218158722,0.30428123474121094,0.00030334084294736385,1.0,,,,,,,,,,,,,,
26,12259,,,0.07013628631830215,0.07013599574565887,1.452819333280786e-06,0.017800314351916313,0.018202781677246094,1.6075642633950338e-05,0.9657190442085266,0.547477662563324,0.15565910935401917,0.29686325788497925,0.00026592076756060123,1.0,,,,,,,,,,,,,,
26,12279,,,0.06037293002009392,0.06037268042564392,1.2454949001039495e-06,0.01537171471863985,0.017874717712402344,1.2426753528416157e-05,0.9628717303276062,0.5457329750061035,0.1499008685350418,0.3043661117553711,0.00027823331765830517,1.0,,,,,,,,,,,,,,
26,12299,,,0.0676136389374733,0.06761325150728226,1.9498804704198847e-06,0.017163092270493507,0.01789569854736328,0.00011991499195573851,0.9409914016723633,0.5652719140052795,0.1401393860578537,0.29458871483802795,0.0002572846133261919,1.0,,,,,,,,,,,,,,
26,12319,,,0.06354041397571564,0.0635400265455246,1.9193025764252525e-06,0.01618976891040802,0.017783164978027344,4.3273345795569185e-07,0.9580879211425781,0.5505675673484802,0.1490778625011444,0.30035459995269775,0.0003046568017452955,1.0,,,,,,,,,,,,,,
26,12339,,,0.06870422512292862,0.06870390474796295,1.609344963071635e-06,0.01742684841156006,0.017080307006835938,7.299763819901273e-05,0.9590756893157959,0.5586877465248108,0.15292859077453613,0.2883836627006531,0.00024933135136961937,1.0,,,,,,,,,,,,,,
26,12359,,,0.06094197556376457,0.060941629111766815,1.7319869130005827e-06,0.015491875819861889,0.017983436584472656,3.0351140594575554e-05,0.9638220071792603,0.5437051057815552,0.14917157590389252,0.3071233034133911,0.0002557744737714529,1.0,,,,,,,,,,,,,,
26,12379,,,0.06853087246417999,0.0685306191444397,1.2565980114231934e-06,0.017429620027542114,0.01837158203125,0.00013802647299598902,0.941970705986023,0.5664688348770142,0.1436690390110016,0.28986215591430664,0.0002941410057246685,1.0,,,,,,,,,,,,,,
,12400,722.8314190866499,25.06531885801728,,,,,,,,,,,,,,,,,,,,,,,,,,
27,12399,,,0.06614416092634201,0.06614390760660172,1.2522426686700783e-06,0.016798947006464005,0.01804637908935547,4.9892376409843564e-05,0.9679843783378601,0.5404534339904785,0.15222661197185516,0.3073199987411499,0.00026190909557044506,1.0,,,,,,,,,,,,,,
27,12419,,,0.06766686588525772,0.0676664412021637,2.1054661374364514e-06,0.017223795875906944,0.0182952880859375,6.9227462518028915e-06,0.96186363697052,0.5463438034057617,0.15242668986320496,0.30122947692871094,0.00030694156885147095,1.0,,,,,,,,,,,,,,
27,12439,,,0.07234734296798706,0.07234698534011841,1.7885307670439943e-06,0.018362853676080704,0.018576622009277344,1.1684120408972376e-06,0.9593461751937866,0.5495030283927917,0.1489965319633484,0.30150043964385986,0.0002759953495115042,1.0,,,,,,,,,,,,,,
27,12459,,,0.07083688676357269,0.07083665579557419,1.1435625992817222e-06,0.017914900556206703,0.01561737060546875,0.0001508191489847377,0.9482581615447998,0.5672335624694824,0.1432490199804306,0.289517343044281,0.00020266277715563774,1.0,,,,,,,,,,,,,,
27,12479,,,0.06438171118497849,0.06438149511814117,1.089420720745693e-06,0.016355890780687332,0.018253326416015625,2.4418983230134472e-05,0.9676436185836792,0.5430124998092651,0.15339557826519012,0.30359190702438354,0.00025997404009103775,1.0,,,,,,,,,,,,,,
27,12499,,,0.05870648846030235,0.05870626121759415,1.1375628901078016e-06,0.015001215040683746,0.01919841766357422,3.6715773603646085e-05,0.9639737606048584,0.5417183637619019,0.15223437547683716,0.306047260761261,0.00032385881058871746,1.0,,,,,,,,,,,,,,
27,12519,,,0.06551499664783478,0.06551475822925568,1.1749323221010854e-06,0.016616040840744972,0.01685619354248047,1.637021341593936e-06,0.9616868495941162,0.5505187511444092,0.15124183893203735,0.2982393801212311,0.0002372597809880972,1.0,,,,,,,,,,,,,,
27,12539,,,0.06871987134218216,0.06871965527534485,1.0727324024628615e-06,0.01741759292781353,0.017002105712890625,6.118911187513731e-06,0.9661217927932739,0.5467973351478577,0.1528201699256897,0.30038246512413025,0.00023750262334942818,1.0,,,,,,,,,,,,,,
27,12559,,,0.0703406110405922,0.07034040987491608,1.0217050885330536e-06,0.01784190721809864,0.017332077026367188,2.8518854378489777e-05,0.9550553560256958,0.5571132898330688,0.14864084124565125,0.2942458391189575,0.00025618448853492737,1.0,,,,,,,,,,,,,,
27,12579,,,0.06476147472858429,0.06476124376058578,1.1368740615580464e-06,0.016498932614922523,0.01905536651611328,2.857525396393612e-05,0.9509102702140808,0.5573550462722778,0.14480909705162048,0.2978358268737793,0.0003079932648688555,1.0,,,,,,,,,,,,,,
,12600,714.1574953782753,25.089703764166455,,,,,,,,,,,,,,,,,,,,,,,,,,
27,12599,,,0.07157948613166809,0.0715792328119278,1.2831856111006346e-06,0.018138891085982323,0.01720142364501953,3.558893149602227e-05,0.951309323310852,0.5570656061172485,0.14247453212738037,0.3004598021507263,0.0002433077897876501,1.0,,,,,,,,,,,,,,
27,12619,,,0.07068339735269547,0.07068311423063278,1.4001923318573972e-06,0.017887545749545097,0.01605510711669922,8.659694867674261e-05,0.9509603977203369,0.5628875494003296,0.1458645761013031,0.2912478446960449,0.00021496438421308994,1.0,,,,,,,,,,,,,,
27,12639,,,0.06942551583051682,0.0694252997636795,1.0617198995532817e-06,0.0176180861890316,0.01814556121826172,2.130743087036535e-05,0.9686000347137451,0.5442674160003662,0.15557077527046204,0.30016177892684937,0.0002612804528325796,1.0,,,,,,,,,,,,,,
27,12659,,,0.05283123999834061,0.052831001579761505,1.1974802873737644e-06,0.01344065647572279,0.016496658325195312,0.00015918849385343492,0.9440995454788208,0.5677856206893921,0.13986751437187195,0.29234689474105835,0.00022966274991631508,1.0,,,,,,,,,,,,,,
27,12679,,,0.06849712878465652,0.06849691271781921,1.088521457859315e-06,0.017406731843948364,0.018774032592773438,7.089567225193605e-05,0.9669085741043091,0.5385863780975342,0.1527673751115799,0.3086462616920471,0.00028103170916438103,1.0,,,,,,,,,,,,,,
27,12699,,,0.06437775492668152,0.06437747180461884,1.4084961321714218e-06,0.016340337693691254,0.017314910888671875,5.4678195738233626e-05,0.9702398777008057,0.5396841168403625,0.15367329120635986,0.3066425919532776,0.00024480465799570084,1.0,,,,,,,,,,,,,,
27,12719,,,0.06873337179422379,0.0687331110239029,1.315391614298278e-06,0.017479566857218742,0.018754959106445312,1.1251734122197377e-06,0.9578241109848022,0.55140620470047,0.14974933862686157,0.29884445667266846,0.00029620155692100525,1.0,,,,,,,,,,,,,,
27,12739,,,0.05673976615071297,0.05673950910568237,1.2806431186618283e-06,0.014472341164946556,0.019207000732421875,8.603606693213806e-05,0.9701094031333923,0.5372577905654907,0.15367276966571808,0.3090694546699524,0.00028567900881171227,1.0,,,,,,,,,,,,,,
27,12759,,,0.05911312252283096,0.05911288410425186,1.1904621715075336e-06,0.015059739351272583,0.01888275146484375,5.2923758630640805e-05,0.9681347608566284,0.5398063659667969,0.153891459107399,0.30630218982696533,0.0002803998067975044,1.0,,,,,,,,,,,,,,
27,12779,,,0.07135149836540222,0.07135123759508133,1.3029642786932527e-06,0.018149053677916527,0.017539024353027344,3.7390498619060963e-05,0.9525339603424072,0.5584179162979126,0.14750567078590393,0.29407644271850586,0.0003104305360466242,1.0,,,,,,,,,,,,,,
,12800,705.3158334994363,25.120661069087088,,,,,,,,,,,,,,,,,,,,,,,,,,
27,12799,,,0.05897104740142822,0.058970753103494644,1.4638154652857338e-06,0.015021524392068386,0.018398284912109375,0.00019606394926086068,0.9745992422103882,0.5307499170303345,0.15560364723205566,0.31364643573760986,0.00027484120801091194,1.0,,,,,,,,,,,,,,
27,12819,,,0.062198467552661896,0.062198225408792496,1.2148875612183474e-06,0.01576479896903038,0.01616954803466797,6.602418579859659e-05,0.9551842212677002,0.5601213574409485,0.14965155720710754,0.29022711515426636,0.0002138607669621706,1.0,,,,,,,,,,,,,,
27,12839,,,0.06375205516815186,0.06375186890363693,9.498710369371111e-07,0.016247184947133064,0.019184112548828125,0.0004129836452193558,0.9827243089675903,0.5215625166893005,0.1606191247701645,0.31781837344169617,0.0003009112551808357,1.0,,,,,,,,,,,,,,
28,12859,,,0.061090100556612015,0.061089884489774704,1.0723657624112093e-06,0.015537821687757969,0.0181121826171875,7.908388215582818e-05,0.9713771343231201,0.5374283194541931,0.15598498284816742,0.30658668279647827,0.00026371516287326813,1.0,,,,,,,,,,,,,,
28,12879,,,0.07088641077280045,0.07088620960712433,1.0026301424659323e-06,0.018040385097265244,0.0206756591796875,0.0001140530439442955,0.9740641117095947,0.5349582433700562,0.15634256601333618,0.30869922041893005,0.00031650159507989883,1.0,,,,,,,,,,,,,,
28,12899,,,0.06248873844742775,0.06248851120471954,1.1286836070212303e-06,0.015915831550955772,0.018059730529785156,2.1093756004120223e-05,0.966544508934021,0.5436354279518127,0.15430468320846558,0.3020598888397217,0.00029322574846446514,1.0,,,,,,,,,,,,,,
28,12919,,,0.06452307850122452,0.06452283263206482,1.2356798606560915e-06,0.016397127881646156,0.016872406005859375,0.00012197007890790701,0.9480075836181641,0.5654323101043701,0.1443665623664856,0.2902010977268219,0.0002639181911945343,1.0,,,,,,,,,,,,,,
28,12939,,,0.06951441615819931,0.06951422989368439,9.203344006891712e-07,0.01765335723757744,0.019188880920410156,3.6917015222570626e-06,0.9610089659690857,0.5479103326797485,0.14954067766666412,0.30254900455474854,0.0002746789250522852,1.0,,,,,,,,,,,,,,
28,12959,,,0.06414224207401276,0.06414205580949783,9.127599014391308e-07,0.01625855453312397,0.01608753204345703,0.00022790368529967964,0.9431623220443726,0.571158766746521,0.1418875753879547,0.2869536876678467,0.00021843542344868183,1.0,,,,,,,,,,,,,,
28,12979,,,0.06458894163370132,0.06458872556686401,1.0689034297683975e-06,0.016415968537330627,0.017516136169433594,0.0002712035202421248,0.9357057213783264,0.5732845664024353,0.13793711364269257,0.28877830505371094,0.0002633084077388048,1.0,,,,,,,,,,,,,,
,13000,696.6392142490082,25.146445450798765,,,,,,,,,,,,,,,,,,,,,,,,,,
28,12999,,,0.07113196700811386,0.07113178074359894,9.389490287503577e-07,0.018050972372293472,0.017671585083007812,1.2958145816810429e-05,0.9576091170310974,0.5545362234115601,0.14973297715187073,0.2957308292388916,0.0002677207812666893,1.0,,,,,,,,,,,,,,
28,12999,,,,,,,,,,,,,,,0.06616658717393875,0.06616639345884323,1.1263325632171473e-06,0.9987633228302002,0.0017309593968093395,0.016798295080661774,0.017445875331759453,0.00011445298878243193,0.9586994051933289,0.5522447824478149,0.14933612942695618,0.29841917753219604,0.00025435295538045466,1.0
28,13019,,,0.06263521313667297,0.06263497471809387,1.1812928732979344e-06,0.015938669443130493,0.018438339233398438,8.07010947028175e-05,0.9693356156349182,0.5378171801567078,0.15297125279903412,0.3092116117477417,0.00027825264260172844,1.0,,,,,,,,,,,,,,
28,13039,,,0.06743679195642471,0.067436583340168,1.032890509122808e-06,0.01715356670320034,0.01863574981689453,7.446532890753588e-06,0.9594689607620239,0.5513647794723511,0.1524437516927719,0.2961914539337158,0.00029421993531286716,1.0,,,,,,,,,,,,,,
28,13059,,,0.0619012750685215,0.0619010254740715,1.2529160358099034e-06,0.015715431421995163,0.01720905303955078,7.914521847851574e-05,0.9489933848381042,0.5624926090240479,0.14504554867744446,0.2924618422985077,0.0002385291736572981,1.0,,,,,,,,,,,,,,
28,13079,,,0.06235671043395996,0.062356479465961456,1.162380044661404e-06,0.015865903347730637,0.01849365234375,1.7797256077756174e-05,0.9537680149078369,0.5558899641036987,0.14623212814331055,0.2978779077529907,0.00027636997401714325,1.0,,,,,,,,,,,,,,
28,13099,,,0.06415365636348724,0.06415319442749023,2.30070168072416e-06,0.016312196850776672,0.01764965057373047,3.45150547218509e-05,0.9654781818389893,0.54217928647995,0.15148140490055084,0.3063393235206604,0.0002730919513851404,1.0,,,,,,,,,,,,,,
28,13119,,,0.07289078831672668,0.07289062440395355,8.251336680586974e-07,0.018490685150027275,0.017713546752929688,0.0001201200284413062,0.952279806137085,0.5640835165977478,0.1485636830329895,0.2873528003692627,0.0002655847929418087,1.0,,,,,,,,,,,,,,
28,13139,,,0.06745707243680954,0.06745688617229462,9.253170674128341e-07,0.017114080488681793,0.017325401306152344,1.5967543731676415e-05,0.955147922039032,0.5547146201133728,0.144944429397583,0.3003409504890442,0.0002494936343282461,1.0,,,,,,,,,,,,,,
28,13159,,,0.06590193510055542,0.0659017562866211,8.949888297138386e-07,0.016750965267419815,0.01721477508544922,7.471356184396427e-06,0.9542809128761292,0.5537843704223633,0.14742521941661835,0.2987903952598572,0.00027533131651580334,1.0,,,,,,,,,,,,,,
28,13179,,,0.06442269682884216,0.06442253291606903,8.319814241986023e-07,0.016389090567827225,0.018990516662597656,1.4857172573101707e-05,0.9527542591094971,0.5550875663757324,0.1457611322402954,0.29915133118629456,0.0002831195015460253,1.0,,,,,,,,,,,,,,
,13200,689.9050027124966,25.102006699343956,,,,,,,,,,,,,,,,,,,,,,,,,,
28,13199,,,0.0614108145236969,0.061410628259181976,9.31997419684194e-07,0.015625715255737305,0.017827987670898438,3.062035102630034e-05,0.9540302157402039,0.5572346448898315,0.14896638691425323,0.2937989830970764,0.00027239834889769554,1.0,,,,,,,,,,,,,,
28,13219,,,0.077406145632267,0.07740597426891327,8.411974476985051e-07,0.01962307281792164,0.0186614990234375,0.00011000095400959253,0.9477059841156006,0.5645408630371094,0.14526405930519104,0.2901950478553772,0.00026933616027235985,1.0,,,,,,,,,,,,,,
28,13239,,,0.05730939656496048,0.057309143245220184,1.2703933407465229e-06,0.014598548412322998,0.018400192260742188,3.717522122315131e-05,0.9534978866577148,0.558424711227417,0.1473785638809204,0.2941967248916626,0.00027045607566833496,1.0,,,,,,,,,,,,,,
28,13259,,,0.06508992612361908,0.06508976966142654,7.731561595392122e-07,0.016522450372576714,0.017663002014160156,9.641713631936e-07,0.960086464881897,0.5503668785095215,0.1486566960811615,0.3009764552116394,0.0002499499823898077,1.0,,,,,,,,,,,,,,
28,13279,,,0.053519148379564285,0.05351897329092026,8.757473324294551e-07,0.013625395484268665,0.01798534393310547,7.718196138739586e-05,0.9519978761672974,0.5622963309288025,0.14539237320423126,0.29231131076812744,0.00024406448937952518,1.0,,,,,,,,,,,,,,
28,13299,,,0.0656537115573883,0.06565356254577637,7.369530976575334e-07,0.016653643921017647,0.016855239868164062,0.0005058894166722894,0.9321181774139404,0.5812383890151978,0.13957270979881287,0.279188871383667,0.00023009860888123512,1.0,,,,,,,,,,,,,,
29,13319,,,0.07416526228189468,0.07416500896215439,1.2647775520235882e-06,0.01886073127388954,0.018793106079101562,1.3865419532521628e-05,0.9556007385253906,0.5491257905960083,0.1459398865699768,0.3049343228340149,0.00031913910061120987,1.0,,,,,,,,,,,,,,
29,13339,,,0.06462763994932175,0.06462740153074265,1.1824894272649544e-06,0.01641634665429592,0.017423629760742188,3.147322058794089e-05,0.9688980579376221,0.5420688390731812,0.15414582192897797,0.3037852942943573,0.00025880802422761917,1.0,,,,,,,,,,,,,,
29,13359,,,0.06283073872327805,0.06283056735992432,8.4211433204473e-07,0.015993168577551842,0.01809215545654297,8.840449481795076e-06,0.9609571695327759,0.5520439147949219,0.1521604210138321,0.2957956790924072,0.0002853062469512224,1.0,,,,,,,,,,,,,,
29,13379,,,0.06556925177574158,0.06556900590658188,1.2406494533934165e-06,0.016689807176589966,0.018388748168945312,2.4939572540461086e-05,0.9635835886001587,0.5437750816345215,0.15022329986095428,0.30600160360336304,0.00029699597507715225,1.0,,,,,,,,,,,,,,
,13400,681.516533918434,25.117512412470298,,,,,,,,,,,,,,,,,,,,,,,,,,
29,13399,,,0.06664800643920898,0.06664765626192093,1.750597107275098e-06,0.01694868877530098,0.01845550537109375,7.994857469384442e-07,0.9599467515945435,0.5496208667755127,0.15123429894447327,0.2991448938846588,0.00028667086735367775,1.0,,,,,,,,,,,,,,
29,13419,,,0.06453626602888107,0.06453603506088257,1.1699339665938169e-06,0.016412338241934776,0.018798828125,2.1182677301112562e-06,0.9576146602630615,0.5515346527099609,0.14804479479789734,0.30042052268981934,0.00027822935953736305,1.0,,,,,,,,,,,,,,
29,13439,,,0.06301778554916382,0.06301743537187576,1.765858769431361e-06,0.016024967655539513,0.017815589904785156,0.00020443240646272898,0.942607045173645,0.5698468685150146,0.14342696964740753,0.286726176738739,0.00026643206365406513,1.0,,,,,,,,,,,,,,
29,13459,,,0.07121600210666656,0.07121574878692627,1.2802433957403991e-06,0.018111707642674446,0.01874828338623047,4.9578313337406144e-05,0.9464066028594971,0.5596529841423035,0.14305633306503296,0.2972906827926636,0.00030671502463519573,1.0,,,,,,,,,,,,,,
29,13479,,,0.061962977051734924,0.061962682753801346,1.4705583453178406e-06,0.0157959945499897,0.018118858337402344,6.691319640594884e-07,0.9575314521789551,0.5507937669754028,0.14887431263923645,0.3003319203853607,0.00030523608438670635,1.0,,,,,,,,,,,,,,
29,13499,,,0.059521716088056564,0.05952143669128418,1.3934377420810051e-06,0.015177575871348381,0.018449783325195312,0.0004914598539471626,0.9807302951812744,0.5197219848632812,0.15809480845928192,0.322183221578598,0.0002873172052204609,1.0,,,,,,,,,,,,,,
29,13519,,,0.07095298916101456,0.07095279544591904,9.638724804972298e-07,0.0180471520870924,0.018884658813476562,7.297270349226892e-05,0.9696345329284668,0.5379225015640259,0.15628311038017273,0.305794358253479,0.0003074444830417633,1.0,,,,,,,,,,,,,,
29,13539,,,0.0661734864115715,0.06617328524589539,1.0152648428629618e-06,0.016789879649877548,0.01677989959716797,9.107719961320981e-05,0.9745396971702576,0.5365110635757446,0.15635406970977783,0.30713483691215515,0.0002446856815367937,1.0,,,,,,,,,,,,,,
29,13559,,,0.060338929295539856,0.06033873185515404,9.845280146691948e-07,0.015376255847513676,0.019377708435058594,3.8889851566636935e-05,0.9671404361724854,0.5412287712097168,0.15518179535865784,0.30358943343162537,0.00029074610210955143,1.0,,,,,,,,,,,,,,
29,13579,,,0.06319679319858551,0.0631965845823288,1.028636802402616e-06,0.016082923859357834,0.0184478759765625,4.663739218813134e-06,0.9550789594650269,0.5513200163841248,0.14695489406585693,0.3017251491546631,0.00028363242745399475,1.0,,,,,,,,,,,,,,
,13600,672.7481621973751,25.14759749731801,,,,,,,,,,,,,,,,,,,,,,,,,,
29,13599,,,0.06357034295797348,0.06357011198997498,1.1408137652324513e-06,0.01617169938981533,0.017351150512695312,8.01809255790431e-06,0.9554023146629333,0.5540028214454651,0.1481001228094101,0.2978971004486084,0.0002789529971778393,1.0,,,,,,,,,,,,,,
29,13619,,,0.07119407504796982,0.0711938738822937,1.0078156265080906e-06,0.0181040707975626,0.01957416534423828,1.561804674565792e-05,0.9626117944717407,0.5446963310241699,0.15112519264221191,0.3041784167289734,0.0003052402753382921,1.0,,,,,,,,,,,,,,
29,13639,,,0.06776419281959534,0.0677640438079834,7.467658633686369e-07,0.017281576991081238,0.0193023681640625,7.596788054797798e-05,0.9690746068954468,0.5377351641654968,0.15506839752197266,0.3071964383125305,0.0003390088677406311,1.0,,,,,,,,,,,,,,
29,13659,,,0.06575354188680649,0.06575329601764679,1.2191717360110488e-06,0.016700828447937965,0.018018722534179688,3.968875262216898e-06,0.9651442766189575,0.5477167367935181,0.15257108211517334,0.2997121810913086,0.00026236288249492645,1.0,,,,,,,,,,,,,,
29,13679,,,0.06051676720380783,0.06051654368638992,1.1103084034402855e-06,0.01539736706763506,0.018434524536132812,0.00012765609426423907,0.9742279648780823,0.5340780019760132,0.15679842233657837,0.30912357568740845,0.00026562251150608063,1.0,,,,,,,,,,,,,,
29,13699,,,0.063413105905056,0.06341291218996048,9.827564326769789e-07,0.01611889898777008,0.017955780029296875,2.983718877658248e-05,0.9537754058837891,0.5577091574668884,0.14657244086265564,0.29571837186813354,0.0002650255337357521,1.0,,,,,,,,,,,,,,
29,13719,,,0.058912940323352814,0.05891280993819237,6.592528620785743e-07,0.015024848282337189,0.01919841766357422,5.9671128838090226e-05,0.969447672367096,0.5390811562538147,0.15515823662281036,0.30576062202453613,0.0002954199444502592,1.0,,,,,,,,,,,,,,
29,13739,,,0.05529738590121269,0.05529721453785896,8.60073726016708e-07,0.014107197523117065,0.01863384246826172,0.0002073240466415882,0.9752552509307861,0.5301644802093506,0.1559303104877472,0.3139052391052246,0.0002787041012197733,1.0,,,,,,,,,,,,,,
29,13759,,,0.06268356740474701,0.06268344074487686,6.411179356291541e-07,0.015967009589076042,0.017568588256835938,1.417152725480264e-05,0.9643279314041138,0.544677734375,0.15254944562911987,0.30277279019355774,0.00029583508148789406,1.0,,,,,,,,,,,,,,
30,13779,,,0.07179135829210281,0.07179124653339386,5.714053372685157e-07,0.018217742443084717,0.017759323120117188,2.285305345139932e-05,0.9656895399093628,0.5434483885765076,0.15183120965957642,0.304720401763916,0.00026944559067487717,1.0,,,,,,,,,,,,,,
,13800,664.1045216165081,25.173748191484123,,,,,,,,,,,,,,,,,,,,,,,,,,
30,13799,,,0.0717790424823761,0.071778804063797,1.201177155962796e-06,0.0182456374168396,0.019476890563964844,1.8216678654425777e-05,0.9527058005332947,0.5560275912284851,0.14726223051548004,0.29671019315719604,0.00030051334761083126,1.0,,,,,,,,,,,,,,
30,13819,,,0.06092051789164543,0.06092027574777603,1.2117773167119594e-06,0.015531305223703384,0.017782211303710938,6.932365795364603e-05,0.9523143768310547,0.5604751706123352,0.14941953122615814,0.29010531306266785,0.0002997894771397114,1.0,,,,,,,,,,,,,,
30,13839,,,0.057890377938747406,0.05789022892713547,7.37616858259571e-07,0.014744129963219166,0.01759624481201172,2.0502516235865187e-06,0.9567447900772095,0.5515044927597046,0.1480739712715149,0.3004215359687805,0.0002714947331696749,1.0,,,,,,,,,,,,,,
30,13859,,,0.06329856067895889,0.06329838931560516,8.625288501207251e-07,0.016096552833914757,0.017337799072265625,1.3648040294356178e-05,0.9571851491928101,0.554457426071167,0.1501314789056778,0.295411080121994,0.0002716388553380966,1.0,,,,,,,,,,,,,,
30,13879,,,0.061604347079992294,0.061604149639606476,9.78432012743724e-07,0.015723366290330887,0.018822669982910156,1.5326625657507975e-07,0.9580110311508179,0.5500851273536682,0.14948363602161407,0.30043119192123413,0.00032227695919573307,1.0,,,,,,,,,,,,,,
30,13899,,,0.06071913242340088,0.06071893870830536,9.696965435068705e-07,0.015445933677256107,0.017642974853515625,4.30060135840904e-05,0.9693117141723633,0.5407668352127075,0.15537181496620178,0.3038613796234131,0.0002652900293469429,1.0,,,,,,,,,,,,,,
30,13919,,,0.06840837001800537,0.06840823590755463,6.694326657452621e-07,0.01737642101943493,0.017726898193359375,5.047526065027341e-05,0.9650205373764038,0.5406329035758972,0.15153616666793823,0.30783092975616455,0.00027331989258527756,1.0,,,,,,,,,,,,,,
30,13939,,,0.0652179941534996,0.06521785259246826,7.148256031541678e-07,0.01660776510834694,0.0193328857421875,5.9767524362541735e-05,0.9696428775787354,0.5390739440917969,0.15580540895462036,0.30512064695358276,0.0003020712174475193,1.0,,,,,,,,,,,,,,
30,13959,,,0.07149221748113632,0.07149204611778259,8.580311714467825e-07,0.018131937831640244,0.017333984375,1.8569455278338864e-05,0.9617478251457214,0.5448565483093262,0.149741068482399,0.3054024279117584,0.00025851279497146606,1.0,,,,,,,,,,,,,,
30,13979,,,0.06759651005268097,0.06759634613990784,8.064369581006758e-07,0.01722709834575653,0.019256591796875,8.358352351933718e-05,0.9432773590087891,0.5629220008850098,0.14391547441482544,0.2931625247001648,0.0003263000398874283,1.0,,,,,,,,,,,,,,
,14000,655.3738660032656,25.203934512575902,,,,,,,,,,,,,,,,,,,,,,,,,,
30,13999,,,0.05585396662354469,0.055853866040706635,5.112212875246769e-07,0.014202659018337727,0.017068862915039062,8.366803376702592e-05,0.9493101835250854,0.5624837875366211,0.1466938555240631,0.2908223867416382,0.00023749377578496933,1.0,,,,,,,,,,,,,,
30,13999,,,,,,,,,,,,,,,0.06271056830883026,0.06271045655012131,6.258690632421349e-07,0.9992838501930237,0.0020524233113974333,0.0159346591681242,0.01744057610630989,0.00014218386786524206,0.9542840123176575,0.5571001172065735,0.1480226218700409,0.29487738013267517,0.0002541726571507752,1.0
30,14019,,,0.056935086846351624,0.05693499371409416,4.696333064657665e-07,0.014511528424918652,0.018472671508789062,2.3722524929326028e-05,0.9527069330215454,0.5568837523460388,0.14634759724140167,0.2967686653137207,0.0002772822044789791,1.0,,,,,,,,,,,,,,
30,14039,,,0.06581884622573853,0.06581871211528778,6.662020268777269e-07,0.016709642484784126,0.01746368408203125,1.1047312000300735e-05,0.9596050977706909,0.5476495027542114,0.14765000343322754,0.30470049381256104,0.00025470973923802376,1.0,,,,,,,,,,,,,,
30,14059,,,0.06779709458351135,0.06779692322015762,8.521950576323434e-07,0.01719292439520359,0.01700592041015625,0.0002412188332527876,0.9441049098968506,0.5709537267684937,0.1452271044254303,0.2838192284107208,0.0002388269640505314,1.0,,,,,,,,,,,,,,
30,14079,,,0.05530036240816116,0.05530020222067833,8.015106232051039e-07,0.01407569833099842,0.01813507080078125,2.2875752620166168e-05,0.9530919194221497,0.5564432740211487,0.14499598741531372,0.29856076836586,0.0002501499839127064,1.0,,,,,,,,,,,,,,
30,14099,,,0.06275869905948639,0.06275850534439087,9.83198219728365e-07,0.015925554558634758,0.01767253875732422,3.0125662306090817e-05,0.9539730548858643,0.557754635810852,0.14641886949539185,0.2958264946937561,0.00023527652956545353,1.0,,,,,,,,,,,,,,
30,14119,,,0.06207258626818657,0.06207241117954254,8.827973942970857e-07,0.015839017927646637,0.019287109375,1.8980203094542958e-05,0.9611915349960327,0.5448830723762512,0.14958643913269043,0.30553051829338074,0.00032049231231212616,1.0,,,,,,,,,,,,,,
30,14139,,,0.07350766658782959,0.07350745052099228,1.0810026651597582e-06,0.018614528700709343,0.01650524139404297,2.6004483515862375e-05,0.9567504525184631,0.5566743612289429,0.14902842044830322,0.29429715871810913,0.0002370921429246664,1.0,,,,,,,,,,,,,,
30,14159,,,0.06791111081838608,0.06791088730096817,1.1055855111408164e-06,0.01721721515059471,0.017248153686523438,8.046847506193444e-05,0.9727190732955933,0.5373153686523438,0.15651002526283264,0.30617454648017883,0.0002378281205892563,1.0,,,,,,,,,,,,,,
30,14179,,,0.06013333424925804,0.06013314425945282,9.431804528503562e-07,0.015333867631852627,0.018381118774414062,0.00017383010708726943,0.9779965281486511,0.5313721299171448,0.16001896560192108,0.30860888957977295,0.0002970579080283642,1.0,,,,,,,,,,,,,,
,14200,650.9130565893036,25.06940033666572,,,,,,,,,,,,,,,,,,,,,,,,,,
30,14199,,,0.06274202466011047,0.06274192035198212,5.035627168581414e-07,0.015967365354299545,0.018866539001464844,2.7689071430359036e-05,0.9528963565826416,0.5570894479751587,0.1484144628047943,0.294496089220047,0.00028130621649324894,1.0,,,,,,,,,,,,,,
30,14219,,,0.0667615681886673,0.06676145642995834,5.497110464602883e-07,0.016936564818024635,0.0175018310546875,5.511275594471954e-05,0.9676882028579712,0.5403335094451904,0.15128518640995026,0.30838125944137573,0.00024507055059075356,1.0,,,,,,,,,,,,,,
31,14239,,,0.06188802793622017,0.06188786029815674,8.390450147999218e-07,0.015748152509331703,0.017385482788085938,2.6380927010904998e-05,0.9692756533622742,0.5432112216949463,0.15563172101974487,0.3011571168899536,0.00027561746537685394,1.0,,,,,,,,,,,,,,
31,14259,,,0.0677768811583519,0.06777675449848175,6.148799229777069e-07,0.017238358035683632,0.01766204833984375,2.749284931269358e-06,0.9610434770584106,0.5480024218559265,0.15206235647201538,0.2999352216720581,0.00029408279806375504,1.0,,,,,,,,,,,,,,
31,14279,,,0.06599034368991852,0.06599019467830658,7.364294560829876e-07,0.016784414649009705,0.018174171447753906,3.541669457263197e-06,0.9577293992042542,0.5524554252624512,0.14966146647930145,0.2978830933570862,0.00028675864450633526,1.0,,,,,,,,,,,,,,
31,14299,,,0.06582289189100266,0.06582273542881012,7.654098226339556e-07,0.016708647832274437,0.01754474639892578,3.051467501791194e-06,0.9598684310913086,0.5479771494865417,0.14978331327438354,0.3022395372390747,0.00025286455638706684,1.0,,,,,,,,,,,,,,
31,14319,,,0.057867906987667084,0.05786778777837753,6.014803375364863e-07,0.014766198582947254,0.01851367950439453,7.571156311314553e-05,0.9489089250564575,0.5618706345558167,0.1468723714351654,0.29125696420669556,0.0002977072726935148,1.0,,,,,,,,,,,,,,
31,14339,,,0.060831472277641296,0.06083115190267563,1.5953517049638322e-06,0.015531975775957108,0.0182647705078125,3.0023082217667252e-05,0.9490993022918701,0.5577376484870911,0.1464933604001999,0.29576897621154785,0.00032350700348615646,1.0,,,,,,,,,,,,,,
31,14359,,,0.060422662645578384,0.06042248010635376,9.097866495721973e-07,0.015372216701507568,0.018286705017089844,2.1171992557356134e-05,0.9520083665847778,0.5563368797302246,0.14555056393146515,0.29811254143714905,0.00026612752117216587,1.0,,,,,,,,,,,,,,
31,14379,,,0.06306092441082001,0.06306076794862747,7.735982308076927e-07,0.015995066612958908,0.0172119140625,2.37241001741495e-05,0.967261791229248,0.5431275367736816,0.15303227305412292,0.30384016036987305,0.00022936146706342697,1.0,,,,,,,,,,,,,,
,14400,643.3181737124717,25.054476398491847,,,,,,,,,,,,,,,,,,,,,,,,,,
31,14399,,,0.06489291042089462,0.06489276885986328,7.139872195693897e-07,0.01651945151388645,0.01836681365966797,0.00012076744314981624,0.9448333382606506,0.5654874444007874,0.14337676763534546,0.2911357879638672,0.00029380875639617443,1.0,,,,,,,,,,,,,,
31,14419,,,0.05738011747598648,0.05737999081611633,6.329443067443208e-07,0.014618136920034885,0.01759815216064453,1.859980693552643e-05,0.9534335136413574,0.5560067892074585,0.14608082175254822,0.2979124188423157,0.00027273572050035,1.0,,,,,,,,,,,,,,
31,14439,,,0.0656544417142868,0.06565431505441666,6.373084602273593e-07,0.01674911566078663,0.01891326904296875,3.641198418335989e-05,0.9635947346687317,0.5419894456863403,0.15145748853683472,0.30655306577682495,0.000334777869284153,1.0,,,,,,,,,,,,,,
31,14459,,,0.0627342164516449,0.06273409724235535,5.974716827950033e-07,0.0159121323376894,0.016956329345703125,8.860441084834747e-06,0.9610341787338257,0.5525884628295898,0.15158076584339142,0.29583078622817993,0.00022840173915028572,1.0,,,,,,,,,,,,,,
31,14479,,,0.07383723556995392,0.07383705675601959,8.829409239297092e-07,0.01867896318435669,0.015578269958496094,0.00021285777620505542,0.9440556764602661,0.57041335105896,0.1423928290605545,0.28719377517700195,0.00021539744921028614,1.0,,,,,,,,,,,,,,
31,14499,,,0.061302486807107925,0.06130234897136688,6.871360938021098e-07,0.015575313940644264,0.017455101013183594,7.77306777308695e-05,0.9501463174819946,0.5622528791427612,0.14587268233299255,0.2918744683265686,0.00024813716299831867,1.0,,,,,,,,,,,,,,
31,14519,,,0.06479846686124802,0.06479817628860474,1.4594684216717724e-06,0.016455963253974915,0.017511367797851562,9.863081231742399e-07,0.959233283996582,0.5513653755187988,0.14960242807865143,0.29903221130371094,0.00025632744655013084,1.0,,,,,,,,,,,,,,
31,14539,,,0.05603407695889473,0.056033745408058167,1.6659881794112152e-06,0.014269405044615269,0.017373085021972656,0.0001137966028181836,0.9726235866546631,0.5351119041442871,0.15533386170864105,0.3095542788505554,0.00025860988534986973,1.0,,,,,,,,,,,,,,
31,14559,,,0.05752226710319519,0.057522110641002655,7.8853383911337e-07,0.014611241407692432,0.016798019409179688,9.242923624697141e-06,0.9657155275344849,0.545706033706665,0.15195786952972412,0.30233609676361084,0.00023048976436257362,1.0,,,,,,,,,,,,,,
31,14579,,,0.06805016100406647,0.06804993748664856,1.1286822427791776e-06,0.017284082248806953,0.018453598022460938,7.89157347753644e-05,0.967902660369873,0.5379101037979126,0.15308703482151031,0.3090028762817383,0.0002699638716876507,1.0,,,,,,,,,,,,,,
,14600,634.9598449618343,25.06930182483711,,,,,,,,,,,,,,,,,,,,,,,,,,
31,14599,,,0.058744702488183975,0.058744460344314575,1.2195409908599686e-06,0.014928653836250305,0.017099380493164062,4.1660034185042605e-05,0.9519844055175781,0.5591024160385132,0.14604024589061737,0.294857382774353,0.00024164468050003052,1.0,,,,,,,,,,,,,,
31,14619,,,0.06497383117675781,0.06497368216514587,7.337416718655732e-07,0.01650172472000122,0.017371177673339844,2.7985573979094625e-05,0.9553079009056091,0.5570051074028015,0.1487722098827362,0.2942226529121399,0.00025770789943635464,1.0,,,,,,,,,,,,,,
31,14639,,,0.06231317296624184,0.06231308728456497,4.2891733187389036e-07,0.015859201550483704,0.01756763458251953,5.42741508979816e-06,0.9553977251052856,0.5528092384338379,0.1471046507358551,0.3000860810279846,0.0002808000426739454,1.0,,,,,,,,,,,,,,
31,14659,,,0.06705952435731888,0.06705938279628754,6.986228413552453e-07,0.01704474724829197,0.018037796020507812,3.6656369047705084e-05,0.9518953561782837,0.5585620403289795,0.14566315710544586,0.29577478766441345,0.0002791336737573147,1.0,,,,,,,,,,,,,,
31,14679,,,0.06294969469308853,0.06294956803321838,6.479745024989825e-07,0.015996772795915604,0.01786041259765625,5.639580194838345e-05,0.9488563537597656,0.5605147480964661,0.1434488296508789,0.2960364520549774,0.0002582208253443241,1.0,,,,,,,,,,,,,,
32,14699,,,0.06816765666007996,0.0681675523519516,5.238720177658251e-07,0.01726924628019333,0.016048431396484375,8.525813427695539e-06,0.9604268670082092,0.5532445907592773,0.1505897343158722,0.2961656451225281,0.0002271607518196106,1.0,,,,,,,,,,,,,,
32,14719,,,0.06340385228395462,0.06340376287698746,4.5353243649515207e-07,0.01614580862224102,0.018568992614746094,0.00023705337662249804,0.9737327098846436,0.5292500853538513,0.15465997159481049,0.316089928150177,0.000290105352178216,1.0,,,,,,,,,,,,,,
32,14739,,,0.061563797295093536,0.061563678085803986,5.930511406404548e-07,0.0156414657831192,0.01685619354248047,6.693619070574641e-06,0.966212272644043,0.5472507476806641,0.15346546471118927,0.2992837727069855,0.0002503830473870039,1.0,,,,,,,,,,,,,,
32,14759,,,0.055617623031139374,0.05561745911836624,8.174708341357473e-07,0.014212124049663544,0.019235610961914062,0.0001802494953153655,0.9757581949234009,0.5310142040252686,0.15966352820396423,0.3093222379684448,0.00030411360785365105,1.0,,,,,,,,,,,,,,
32,14779,,,0.05828119441866875,0.058281056582927704,6.808070338593097e-07,0.014868971891701221,0.0183258056640625,3.0000743208802305e-05,0.9678480625152588,0.5434421300888062,0.156849205493927,0.29970866441726685,0.00029807304963469505,1.0,,,,,,,,,,,,,,
,14800,626.470494737239,25.089769002756643,,,,,,,,,,,,,,,,,,,,,,,,,,
32,14799,,,0.06176340952515602,0.061763323843479156,4.219320715037611e-07,0.015773335471749306,0.021318435668945312,0.00016420037718489766,0.9741498231887817,0.5320364832878113,0.15691176056861877,0.31105172634124756,0.00032919831573963165,1.0,,,,,,,,,,,,,,
32,14819,,,0.06338004767894745,0.06337985396385193,9.81833863988868e-07,0.016137052327394485,0.019287109375,0.00015532231191173196,0.9445140361785889,0.567138671875,0.14499187469482422,0.287869393825531,0.00028893444687128067,1.0,,,,,,,,,,,,,,
32,14839,,,0.06762392818927765,0.06762383878231049,4.5038399321128963e-07,0.01726156659424305,0.02007293701171875,8.444219929515384e-06,0.9510828852653503,0.5513215661048889,0.14596927165985107,0.3027091324329376,0.000355415977537632,1.0,,,,,,,,,,,,,,
32,14859,,,0.06341229379177094,0.06341218948364258,5.399923566073994e-07,0.01611168310046196,0.017989158630371094,3.3516321309434716e-06,0.9619404077529907,0.5474117994308472,0.1513516902923584,0.3012365400791168,0.0002585418988019228,1.0,,,,,,,,,,,,,,
32,14879,,,0.055915702134370804,0.055915601551532745,5.121173671795987e-07,0.014261987060308456,0.018247604370117188,0.0003147877287119627,0.9801254272460938,0.5250030755996704,0.16061538457870483,0.31438159942626953,0.0002767653204500675,1.0,,,,,,,,,,,,,,
32,14899,,,0.0550353042781353,0.0550350546836853,1.2394984878483228e-06,0.014060158282518387,0.017963409423828125,5.671417966368608e-05,0.9671621322631836,0.5396834015846252,0.1528676450252533,0.30744895339012146,0.00030019786208868027,1.0,,,,,,,,,,,,,,
32,14919,,,0.05860333517193794,0.0586031973361969,6.833861334598623e-07,0.014925705268979073,0.018344879150390625,0.0002811641898006201,0.9806598424911499,0.5264071822166443,0.15972743928432465,0.3138653635978699,0.0002692481502890587,1.0,,,,,,,,,,,,,,
32,14939,,,0.06244737282395363,0.062447257339954376,5.847861075380933e-07,0.01590464450418949,0.018320083618164062,1.2215727110742591e-05,0.9595144987106323,0.5454890727996826,0.15050557255744934,0.30400538444519043,0.0002925568260252476,1.0,,,,,,,,,,,,,,
32,14959,,,0.05653819441795349,0.056538090109825134,5.145739123690873e-07,0.014419474638998508,0.01786327362060547,4.49254685008782e-06,0.9598389863967896,0.5513304471969604,0.1516609936952591,0.29700857400894165,0.0002848363947123289,1.0,,,,,,,,,,,,,,
32,14979,,,0.061424627900123596,0.06142454221844673,4.232525441238977e-07,0.015651384368538857,0.017818450927734375,1.019507067212544e-06,0.9593063592910767,0.5488201975822449,0.14989331364631653,0.3012865483760834,0.00029520783573389053,1.0,,,,,,,,,,,,,,
,15000,618.2684642888642,25.099129094104597,,,,,,,,,,,,,,,,,,,,,,,,,,
32,14999,,,0.05757371708750725,0.05757363140583038,4.3743773403548403e-07,0.01464358065277338,0.017438888549804688,5.241324743110454e-07,0.9584670066833496,0.5501536130905151,0.14904655516147614,0.3007998466491699,0.0002501406706869602,1.0,,,,,,,,,,,,,,
32,14999,,,,,,,,,,,,,,,0.061595603823661804,0.06159552186727524,4.483256077492115e-07,0.9994268417358398,0.0022255193907767534,0.015671053901314735,0.01735406368970871,0.00015160793554969132,0.9524599313735962,0.558160126209259,0.14681385457515717,0.2950260639190674,0.00026911782333627343,1.0
32,15019,,,0.06144065409898758,0.061440564692020416,4.5381614199868636e-07,0.015596232376992702,0.016669273376464844,0.00035662713344208896,0.9391951560974121,0.5758504867553711,0.14288461208343506,0.28126487135887146,0.00022893655113875866,1.0,,,,,,,,,,,,,,
32,15039,,,0.06236246973276138,0.06236238777637482,4.178197059445665e-07,0.015830157324671745,0.016770362854003906,1.5460191207239404e-05,0.9568413496017456,0.5555605888366699,0.14720582962036133,0.29723358154296875,0.00023923092521727085,1.0,,,,,,,,,,,,,,
32,15059,,,0.04831352457404137,0.04831339791417122,6.386783297784859e-07,0.01236515399068594,0.017940521240234375,5.443966074381024e-06,0.9627835750579834,0.5467638969421387,0.15217632055282593,0.3010597825050354,0.00028666388243436813,1.0,,,,,,,,,,,,,,
32,15079,,,0.06722747534513474,0.06722738593816757,4.5759713884763187e-07,0.017081165686249733,0.017736434936523438,2.5088211259571835e-05,0.9530916213989258,0.5570812225341797,0.14661642909049988,0.2963023781776428,0.00027379486709833145,1.0,,,,,,,,,,,,,,
32,15099,,,0.056286100298166275,0.056286003440618515,4.887034492639941e-07,0.014387869276106358,0.019410133361816406,1.9982862795586698e-05,0.9502600431442261,0.5562686920166016,0.14757412672042847,0.29615718126296997,0.00031594489701092243,1.0,,,,,,,,,,,,,,
32,15119,,,0.059916235506534576,0.059916138648986816,4.787964940078382e-07,0.015242827124893665,0.017739295959472656,1.3800119631923735e-05,0.956601619720459,0.5552111864089966,0.14797133207321167,0.29681748151779175,0.0002634923439472914,1.0,,,,,,,,,,,,,,
32,15139,,,0.05905402824282646,0.0590539425611496,4.228119223625981e-07,0.015000985004007816,0.0167388916015625,2.4272998416563496e-05,0.9577300548553467,0.5559759140014648,0.15011459589004517,0.29390949010849,0.0002369927242398262,1.0,,,,,,,,,,,,,,
33,15159,,,0.07106849551200867,0.071068175137043,1.6020834436858422e-06,0.01804165728390217,0.01766204833984375,6.458310508605791e-07,0.9583736062049866,0.5511125922203064,0.14964458346366882,0.2992428243160248,0.0002745208330452442,1.0,,,,,,,,,,,,,,
33,15179,,,0.05860073119401932,0.058600641787052155,4.5352402366916067e-07,0.014894735999405384,0.016921043395996094,5.574259193963371e-05,0.9529299736022949,0.5603177547454834,0.1467832773923874,0.2928989827632904,0.00024343817494809628,1.0,,,,,,,,,,,,,,
,15200,613.205661998038,24.980199873055007,,,,,,,,,,,,,,,,,,,,,,,,,,
33,15199,,,0.0670347809791565,0.06703466922044754,5.509848506335402e-07,0.01705196499824524,0.018262863159179688,1.6246560790023068e-06,0.9580813646316528,0.5488815307617188,0.14933499693870544,0.3017834722995758,0.0002932366915047169,1.0,,,,,,,,,,,,,,
33,15219,,,0.05776373669505119,0.057763587683439255,7.485143100893765e-07,0.01474088616669178,0.01790904998779297,1.7267138900933787e-05,0.9549442529678345,0.555332362651825,0.14947274327278137,0.2951948642730713,0.0002996062394231558,1.0,,,,,,,,,,,,,,
33,15239,,,0.055830806493759155,0.05583071708679199,4.549017660337995e-07,0.014216553419828415,0.01674365997314453,5.465557478601113e-06,0.9577047824859619,0.5528782606124878,0.14715194702148438,0.29996973276138306,0.00025874259881675243,1.0,,,,,,,,,,,,,,
33,15259,,,0.05853988230228424,0.05853975936770439,6.069961955290637e-07,0.0148911252617836,0.01819133758544922,2.143995061487658e-06,0.9605649709701538,0.5491113662719727,0.1488245278596878,0.30206412076950073,0.000256112078204751,1.0,,,,,,,,,,,,,,
33,15279,,,0.05579058825969696,0.05579046159982681,6.401911605280475e-07,0.014286214485764503,0.01891040802001953,2.9086701033520512e-05,0.9511210918426514,0.557502269744873,0.14743928611278534,0.2950584590435028,0.00033798604272305965,1.0,,,,,,,,,,,,,,
33,15299,,,0.06335503607988358,0.06335493922233582,4.6640181494694843e-07,0.01615176349878311,0.01970195770263672,1.2649954442167655e-05,0.9639865756034851,0.5449827909469604,0.15281789004802704,0.3021993041038513,0.00031275139190256596,1.0,,,,,,,,,,,,,,
33,15319,,,0.059610504657030106,0.05961041897535324,4.3084705225737707e-07,0.015192235819995403,0.019079208374023438,5.552489710680675e-06,0.95503830909729,0.5521542429924011,0.1467210352420807,0.30112478137016296,0.00028949882835149765,1.0,,,,,,,,,,,,,,
33,15339,,,0.06255582720041275,0.06255574524402618,3.91827256862598e-07,0.015876639634370804,0.016643524169921875,2.0208065052429447e-06,0.9616118669509888,0.550460934638977,0.15146417915821075,0.298074871301651,0.0002376423217356205,1.0,,,,,,,,,,,,,,
33,15359,,,0.05815989524126053,0.058159761130809784,6.782126433790836e-07,0.014900749549269676,0.01988983154296875,0.00017666797793935984,0.9699722528457642,0.5317224264144897,0.1553373634815216,0.3129401206970215,0.00035724276676774025,1.0,,,,,,,,,,,,,,
33,15379,,,0.06635043025016785,0.06635026633739471,8.360555057151942e-07,0.01687123067677021,0.01802825927734375,3.309208113932982e-05,0.9658628702163696,0.541887640953064,0.15458562970161438,0.30352672934532166,0.000282960943877697,1.0,,,,,,,,,,,,,,
,15400,605.5716100710628,24.964842718148443,,,,,,,,,,,,,,,,,,,,,,,,,,
33,15399,,,0.06376206874847412,0.06376198679208755,3.939333623748098e-07,0.01616334728896618,0.01606464385986328,6.419670535251498e-05,0.9525864720344543,0.5609040856361389,0.14721645414829254,0.29187947511672974,0.00022154650650918484,1.0,,,,,,,,,,,,,,
33,15419,,,0.05666620656847954,0.056666042655706406,8.192394602701825e-07,0.014432979747653008,0.017625808715820312,1.6310159480781294e-05,0.9551506042480469,0.5556914210319519,0.14756786823272705,0.29674071073532104,0.0002661016769707203,1.0,,,,,,,,,,,,,,
33,15439,,,0.06162310391664505,0.061622992157936096,5.524827884073602e-07,0.015694666653871536,0.017998695373535156,7.603706762893125e-05,0.9684740304946899,0.5378589630126953,0.15419909358024597,0.30794191360473633,0.0002873700577765703,1.0,,,,,,,,,,,,,,
33,15459,,,0.05842447653412819,0.05842437595129013,4.946631406710367e-07,0.014906554482877254,0.01807689666748047,5.2073723054490983e-05,0.9669004678726196,0.5398229360580444,0.1557449996471405,0.30443209409713745,0.00029939343221485615,1.0,,,,,,,,,,,,,,
33,15479,,,0.05592253431677818,0.05592244490981102,4.4811400812250213e-07,0.014291228726506233,0.01779460906982422,4.8193800466833636e-05,0.9481822848320007,0.5597097277641296,0.14640279114246368,0.29388749599456787,0.0003096309956163168,1.0,,,,,,,,,,,,,,
33,15499,,,0.06011141091585159,0.060111336410045624,3.700689887864428e-07,0.015361599624156952,0.019945144653320312,5.641462848871015e-05,0.9462000131607056,0.5606197118759155,0.1448868066072464,0.29449355602264404,0.0003326181322336197,1.0,,,,,,,,,,,,,,
33,15519,,,0.061767689883708954,0.06176762282848358,3.299185209471034e-07,0.015739858150482178,0.018631935119628906,0.00015470800281036645,0.9680187106132507,0.5345448851585388,0.15045316517353058,0.3150019347667694,0.0002948420587927103,1.0,,,,,,,,,,,,,,
33,15539,,,0.06519581377506256,0.06519567966461182,6.63811306367279e-07,0.016586173325777054,0.018446922302246094,2.572567609604448e-06,0.958077073097229,0.5487323999404907,0.14900478720664978,0.3022628426551819,0.00028716796077787876,1.0,,,,,,,,,,,,,,
33,15559,,,0.06539110839366913,0.065390944480896,8.035943892537034e-07,0.016611173748970032,0.017249107360839844,0.00016154344484675676,0.9467432498931885,0.5671136379241943,0.1462031751871109,0.28668317198753357,0.0002601665910333395,1.0,,,,,,,,,,,,,,
33,15579,,,0.05690241605043411,0.05690230056643486,5.682977644028142e-07,0.01446476299315691,0.01697826385498047,0.0002805214317049831,0.9401106238365173,0.5734167098999023,0.14137808978557587,0.28520524501800537,0.00023354892618954182,1.0,,,,,,,,,,,,,,
,15600,596.9768338946816,24.98924439441787,,,,,,,,,,,,,,,,,,,,,,,,,,
33,15599,,,0.060347605496644974,0.060347460210323334,7.306393854378257e-07,0.015370846726000309,0.017824172973632812,6.256123924686108e-06,0.9561210870742798,0.5501589775085449,0.1468602418899536,0.30298078060150146,0.0002838205546140671,1.0,,,,,,,,,,,,,,
34,15619,,,0.06265944242477417,0.0626593679189682,3.55387385297945e-07,0.01592235267162323,0.017011642456054688,0.0002732492284849286,0.9383639097213745,0.5731715559959412,0.1410943567752838,0.285734087228775,0.00025202659890055656,1.0,,,,,,,,,,,,,,
34,15639,,,0.06562946736812592,0.06562938541173935,4.114973251034826e-07,0.016714653000235558,0.019789695739746094,7.631912012584507e-05,0.9663660526275635,0.5386254191398621,0.15151087939739227,0.30986374616622925,0.00030576041899621487,1.0,,,,,,,,,,,,,,
34,15659,,,0.0625932514667511,0.06259313225746155,5.852566005160043e-07,0.015939055010676384,0.018556594848632812,2.256746665807441e-05,0.9633998870849609,0.543282151222229,0.15329518914222717,0.3034226596355438,0.0002902904525399208,1.0,,,,,,,,,,,,,,
34,15679,,,0.05807315558195114,0.05807304382324219,5.526857194126933e-07,0.01478881947696209,0.017507553100585938,9.247291018255055e-06,0.9544498920440674,0.5542877912521362,0.14756955206394196,0.298142671585083,0.000270345713943243,1.0,,,,,,,,,,,,,,
34,15699,,,0.05945995822548866,0.05945985019207001,5.397327527134621e-07,0.01517082192003727,0.01806926727294922,0.00015663732483517379,0.9720767140388489,0.5326183438301086,0.15579871833324432,0.3115829527378082,0.0003026996273547411,1.0,,,,,,,,,,,,,,
34,15719,,,0.05864836648106575,0.05864814296364784,1.1135371096315794e-06,0.014925039373338223,0.017592430114746094,0.00011743867071345448,0.9483314156532288,0.5646052360534668,0.14671894907951355,0.28867578506469727,0.0002605991903692484,1.0,,,,,,,,,,,,,,
34,15739,,,0.06296253949403763,0.06296239793300629,7.245083679663367e-07,0.016019944101572037,0.01751708984375,2.728597610257566e-05,0.9513670206069946,0.5573277473449707,0.14714664220809937,0.29552558064460754,0.00027876393869519234,1.0,,,,,,,,,,,,,,
34,15759,,,0.06725965440273285,0.06725942343473434,1.1665230204016552e-06,0.017080087214708328,0.0174407958984375,2.4122184186126105e-05,0.9541220664978027,0.556936502456665,0.14684373140335083,0.2962198555469513,0.00026469165459275246,1.0,,,,,,,,,,,,,,
34,15779,,,0.0592670664191246,0.05926693603396416,6.59450222428859e-07,0.01509738527238369,0.0180816650390625,2.6629058993421495e-05,0.9652916193008423,0.5427141189575195,0.1532813310623169,0.3040044903755188,0.000280085951089859,1.0,,,,,,,,,,,,,,
,15800,589.2002769935241,24.979621657852284,,,,,,,,,,,,,,,,,,,,,,,,,,
34,15799,,,0.06120084598660469,0.061200715601444244,6.550873195010354e-07,0.015540644526481628,0.01775074005126953,1.2534286724985577e-05,0.9555206298828125,0.5549985766410828,0.14725133776664734,0.2977501153945923,0.00024018273688852787,1.0,,,,,,,,,,,,,,
34,15819,,,0.05388610064983368,0.053885817527770996,1.4126779888101737e-06,0.013764624483883381,0.018369674682617188,7.042084234853974e-06,0.9539092183113098,0.5534878969192505,0.1470564305782318,0.2994557023048401,0.00029295869171619415,1.0,,,,,,,,,,,,,,
34,15839,,,0.06499815732240677,0.06499803066253662,6.47151409793878e-07,0.016481701284646988,0.016348838806152344,9.716362910694443e-06,0.9552247524261475,0.5544072985649109,0.14771628379821777,0.2978764474391937,0.00023196847178041935,1.0,,,,,,,,,,,,,,
34,15859,,,0.05229482427239418,0.05229463055729866,9.646178114053328e-07,0.013352788984775543,0.01886272430419922,3.9781469240551814e-05,0.9675251245498657,0.5410842895507812,0.1546914428472519,0.30422431230545044,0.00027828733436763287,1.0,,,,,,,,,,,,,,
34,15879,,,0.05624501034617424,0.056244902312755585,5.421047148956859e-07,0.014336256310343742,0.01794147491455078,0.00016641859838273376,0.94517582654953,0.5677130818367004,0.1449267566204071,0.28736019134521484,0.00027167494408786297,1.0,,,,,,,,,,,,,,
34,15899,,,0.05575506389141083,0.05575491487979889,7.380490387731697e-07,0.01421723049134016,0.017874717712402344,4.272006844985299e-05,0.9645134210586548,0.5414550304412842,0.15122000873088837,0.30732497572898865,0.0002776097971946001,1.0,,,,,,,,,,,,,,
34,15919,,,0.05896452069282532,0.05896439775824547,6.080551315790217e-07,0.015070748515427113,0.019420623779296875,0.0005310836131684482,0.9797567129135132,0.5184082984924316,0.15886053442955017,0.3227311670780182,0.0003189966082572937,1.0,,,,,,,,,,,,,,
34,15939,,,0.063198022544384,0.06319786608219147,7.911148713901639e-07,0.016071168705821037,0.01777172088623047,2.5043817004188895e-05,0.9640268087387085,0.5430024266242981,0.154416024684906,0.3025814890861511,0.00027116178534924984,1.0,,,,,,,,,,,,,,
34,15959,,,0.0570111945271492,0.05701103061437607,8.226199952332536e-07,0.0144679956138134,0.01614093780517578,6.310880962701049e-06,0.9588012099266052,0.5533347129821777,0.14939385652542114,0.2972714602947235,0.0002150705549865961,1.0,,,,,,,,,,,,,,
34,15979,,,0.060056813061237335,0.06005670130252838,5.512490588444052e-07,0.015281179919838905,0.016640663146972656,1.3946639228379354e-05,0.9619388580322266,0.5516757369041443,0.15349961817264557,0.29482463002204895,0.00026669749058783054,1.0,,,,,,,,,,,,,,
,16000,581.5847234497685,24.962828999159434,,,,,,,,,,,,,,,,,,,,,,,,,,
34,15999,,,0.05690263956785202,0.056902237236499786,2.014941628658562e-06,0.014533516950905323,0.02030658721923828,8.416238415520638e-05,0.9668444395065308,0.5378810167312622,0.15204814076423645,0.31007087230682373,0.00030617346055805683,1.0,,,,,,,,,,,,,,
34,15999,,,,,,,,,,,,,,,0.0593663714826107,0.059366241097450256,6.323431307464489e-07,0.9992042779922485,0.002077151322737336,0.015099572017788887,0.01772896759212017,0.00012027229240629822,0.9603745341300964,0.5487737655639648,0.1500786691904068,0.30114755034446716,0.00025557359913364053,1.0
34,16019,,,0.06114841252565384,0.061148300766944885,5.62488196464983e-07,0.015559619292616844,0.018424034118652344,0.00012825411977246404,0.9714646935462952,0.5343286991119385,0.15497419238090515,0.31069719791412354,0.0002699506003409624,1.0,,,,,,,,,,,,,,
34,16039,,,0.054575588554143906,0.054575495421886444,4.7007287662381714e-07,0.013945721089839935,0.018738746643066406,5.011254870623816e-06,0.9602195024490356,0.5470595955848694,0.15248626470565796,0.30045413970947266,0.0003017236012965441,1.0,,,,,,,,,,,,,,
34,16059,,,0.05662471055984497,0.05662456899881363,7.157693744375138e-07,0.014431897550821304,0.017736434936523438,8.697854354977608e-05,0.9678521156311035,0.5376384854316711,0.15219801664352417,0.3101635277271271,0.00027398066595196724,1.0,,,,,,,,,,,,,,
35,16079,,,0.0586717315018177,0.05867160111665726,6.46828766548424e-07,0.014941724948585033,0.018538475036621094,6.539568403240992e-06,0.9623199105262756,0.5473538637161255,0.15345796942710876,0.29918816685676575,0.0002736614551395178,1.0,,,,,,,,,,,,,,
35,16099,,,0.05949149653315544,0.059491194784641266,1.5102458519322681e-06,0.015146625228226185,0.017923355102539062,1.7258997104363516e-05,0.9550608396530151,0.5555238723754883,0.14897119998931885,0.29550495743751526,0.0002734060399234295,1.0,,,,,,,,,,,,,,
35,16119,,,0.05986136570572853,0.05986124649643898,5.897178994018759e-07,0.015196654014289379,0.017022132873535156,0.00010926686809398234,0.9488475322723389,0.5645026564598083,0.14522960782051086,0.2902677357196808,0.00022912747226655483,1.0,,,,,,,,,,,,,,
35,16139,,,0.05734028294682503,0.057340107858181,8.845475463203911e-07,0.014665382914245129,0.018672943115234375,5.963430339761544e-06,0.9593309164047241,0.5465952157974243,0.1512017697095871,0.30220305919647217,0.000330192968249321,1.0,,,,,,,,,,,,,,
35,16159,,,0.06070541962981224,0.060705289244651794,6.536376986332471e-07,0.015450306236743927,0.01843547821044922,1.9646602595457807e-05,0.9599440097808838,0.5449091196060181,0.14937807619571686,0.3057127892971039,0.00027355807833373547,1.0,,,,,,,,,,,,,,
35,16179,,,0.05310521647334099,0.05310511216521263,5.158018439033185e-07,0.01355456467717886,0.01833057403564453,9.650781066739e-06,0.9538871049880981,0.5543745756149292,0.1474612057209015,0.2981642484664917,0.0002780675422400236,1.0,,,,,,,,,,,,,,
,16200,577.3846331796996,24.798027479792324,,,,,,,,,,,,,,,,,,,,,,,,,,
35,16199,,,0.061794787645339966,0.0617946982383728,4.480507982407289e-07,0.015696709975600243,0.016846656799316406,4.0117385651683435e-05,0.9579573273658752,0.5568699240684509,0.15154293179512024,0.2915871739387512,0.0002472109626978636,1.0,,,,,,,,,,,,,,
35,16219,,,0.056185267865657806,0.05618513375520706,6.645697112617199e-07,0.014311599545180798,0.017957687377929688,9.218182822223753e-05,0.946124255657196,0.5635746717453003,0.143475741147995,0.2929496169090271,0.00026343902572989464,1.0,,,,,,,,,,,,,,
35,16239,,,0.058983732014894485,0.05898362770676613,5.169110295355495e-07,0.015023085288703442,0.017429351806640625,1.3420256436802447e-05,0.9547044038772583,0.5546004176139832,0.14976322650909424,0.2956364154815674,0.0002768835984170437,1.0,,,,,,,,,,,,,,
35,16259,,,0.06516861915588379,0.06516852229833603,4.676537628256483e-07,0.016548380255699158,0.017164230346679688,0.00038514845073223114,0.9352856874465942,0.5773177146911621,0.14058727025985718,0.2820950150489807,0.0002485224977135658,1.0,,,,,,,,,,,,,,
35,16279,,,0.048211127519607544,0.0482109859585762,7.154982881729666e-07,0.012323180213570595,0.01740550994873047,0.00024396760272793472,0.941792368888855,0.5716456174850464,0.1429917961359024,0.2853625416755676,0.00026551890186965466,1.0,,,,,,,,,,,,,,
35,16299,,,0.06364259868860245,0.0636424869298935,5.736704906667001e-07,0.016174612566828728,0.017334938049316406,4.840356996282935e-05,0.9513136148452759,0.5596308708190918,0.1469281017780304,0.2934409976005554,0.0002629950176924467,1.0,,,,,,,,,,,,,,
35,16319,,,0.059644900262355804,0.05964481830596924,4.178423296252731e-07,0.015229782089591026,0.018744468688964844,4.0885490307118744e-05,0.9515557289123535,0.5579249858856201,0.14980900287628174,0.29226601123809814,0.00031773955561220646,1.0,,,,,,,,,,,,,,
35,16339,,,0.060240134596824646,0.06024005264043808,4.158093247497163e-07,0.015380744822323322,0.01894664764404297,1.8422360881231725e-05,0.950576901435852,0.5553600192070007,0.14485296607017517,0.2997869849205017,0.0003203426022082567,1.0,,,,,,,,,,,,,,
35,16359,,,0.05514250323176384,0.05514243245124817,3.4839939644371043e-07,0.014054051600396633,0.017383575439453125,8.65188630996272e-05,0.9468093514442444,0.5631474852561951,0.14379510283470154,0.2930574119091034,0.00026669586077332497,1.0,,,,,,,,,,,,,,
35,16379,,,0.049434490501880646,0.04943440854549408,4.0067268969323777e-07,0.012582407332956791,0.01696491241455078,9.437930202693678e-06,0.9664959907531738,0.5457804799079895,0.15300622582435608,0.30121326446533203,0.0002235963474959135,1.0,,,,,,,,,,,,,,
,16400,569.6796634108672,24.782348584238903,,,,,,,,,,,,,,,,,,,,,,,,,,
35,16399,,,0.06016199663281441,0.06016191467642784,4.033999800867605e-07,0.015314015559852123,0.018189430236816406,5.207466529100202e-06,0.9615561366081238,0.5467994809150696,0.15195900201797485,0.30124151706695557,0.00027341232635080814,1.0,,,,,,,,,,,,,,
35,16419,,,0.05713508650660515,0.05713501200079918,3.633044229900406e-07,0.014541154727339745,0.017057418823242188,2.476796362316236e-05,0.9529385566711426,0.5570322275161743,0.14673447608947754,0.29623329639434814,0.00025688763707876205,1.0,,,,,,,,,,,,,,
35,16439,,,0.05541100353002548,0.055410951375961304,2.562267127359519e-07,0.014126838184893131,0.01833820343017578,1.2814656429327442e-06,0.9570592045783997,0.551551342010498,0.1495666801929474,0.29888197779655457,0.00027406145818531513,1.0,,,,,,,,,,,,,,
35,16459,,,0.05756738409399986,0.05756732076406479,3.0942538842282374e-07,0.014690734446048737,0.01839733123779297,6.436779131036019e-06,0.9539321660995483,0.5520346164703369,0.14642329514026642,0.3015420436859131,0.0002987596672028303,1.0,,,,,,,,,,,,,,
35,16479,,,0.06239506974816322,0.06239500641822815,3.252324631830561e-07,0.01585301011800766,0.01684856414794922,4.925010580336675e-05,0.9688090085983276,0.5400826930999756,0.1552909016609192,0.3046264052391052,0.0002532585058361292,1.0,,,,,,,,,,,,,,
35,16499,,,0.05133775621652603,0.05133768543601036,3.520144105095824e-07,0.01306550670415163,0.01695537567138672,4.370402621134417e-06,0.9602024555206299,0.551783561706543,0.15115021169185638,0.29706621170043945,0.00023097987286746502,1.0,,,,,,,,,,,,,,
35,16519,,,0.04925261810421944,0.0492524728178978,7.295396926565445e-07,0.012605271302163601,0.018349647521972656,7.537962119386066e-06,0.9530086517333984,0.5534583330154419,0.14674213528633118,0.2997995615005493,0.0002919661346822977,1.0,,,,,,,,,,,,,,
36,16539,,,0.06057427078485489,0.06057416647672653,5.18869796906074e-07,0.015424815937876701,0.018105506896972656,3.924760312656872e-05,0.9522387981414795,0.5582689046859741,0.1486206203699112,0.2931104898452759,0.0002804629039019346,1.0,,,,,,,,,,,,,,
36,16559,,,0.05589587241411209,0.05589578300714493,4.505066044657724e-07,0.014229591935873032,0.01822662353515625,0.0001977342035388574,0.9410678744316101,0.569867730140686,0.14081211388111115,0.289320170879364,0.0002516689710319042,1.0,,,,,,,,,,,,,,
36,16579,,,0.05808451026678085,0.05808443948626518,3.56680942559251e-07,0.01478617824614048,0.017024993896484375,0.00010332364763598889,0.9507663249969482,0.5637982487678528,0.14659258723258972,0.2896091938018799,0.0002629845403134823,1.0,,,,,,,,,,,,,,
,16600,561.8689014379779,24.770902899911327,,,,,,,,,,,,,,,,,,,,,,,,,,
36,16599,,,0.058762840926647186,0.05876276642084122,3.6712816608996945e-07,0.014951677061617374,0.018517494201660156,1.9705670638359152e-05,0.967268705368042,0.544330894947052,0.1551700234413147,0.3004990518093109,0.00026057264767587185,1.0,,,,,,,,,,,,,,
36,16619,,,0.058043498545885086,0.058043427765369415,3.6233271316632454e-07,0.014745555818080902,0.017264366149902344,9.045063052326441e-05,0.9511829614639282,0.5629660487174988,0.1466132402420044,0.29042068123817444,0.00023287185467779636,1.0,,,,,,,,,,,,,,
36,16639,,,0.0747595876455307,0.07475949078798294,4.957073542755097e-07,0.018992453813552856,0.01830291748046875,1.8733313481789082e-05,0.9630246162414551,0.5438790321350098,0.15304416418075562,0.3030768036842346,0.00030218297615647316,1.0,,,,,,,,,,,,,,
36,16659,,,0.0561300627887249,0.05612994357943535,6.004896704325802e-07,0.01435000728815794,0.01876068115234375,1.1002382507285802e-06,0.9572055339813232,0.5510308146476746,0.15040844678878784,0.2985607981681824,0.0003174697048962116,1.0,,,,,,,,,,,,,,
36,16679,,,0.060365669429302216,0.06036558374762535,4.2973059066753194e-07,0.015353436581790447,0.017391204833984375,2.2259828256210312e-06,0.9590275883674622,0.551716685295105,0.1502041220664978,0.298079252243042,0.0002619749866425991,1.0,,,,,,,,,,,,,,
36,16699,,,0.05992400273680687,0.059923917055130005,4.3667589011420205e-07,0.015251639299094677,0.017480850219726562,3.863760503008962e-05,0.9499359130859375,0.5587644577026367,0.14620482921600342,0.29503071308135986,0.00026986561715602875,1.0,,,,,,,,,,,,,,
36,16719,,,0.05988428741693497,0.059884212911129,3.7010502751400054e-07,0.015241395682096481,0.016900062561035156,0.0001280173019040376,0.9430612921714783,0.5659228563308716,0.14340738952159882,0.29066982865333557,0.00026776385493576527,1.0,,,,,,,,,,,,,,
36,16739,,,0.05765931308269501,0.05765921622514725,4.858063107349153e-07,0.014708585105836391,0.018996238708496094,1.1773367987188976e-05,0.9545611143112183,0.5547150373458862,0.148635596036911,0.29664933681488037,0.00029352144338190556,1.0,,,,,,,,,,,,,,
36,16759,,,0.05656508356332779,0.056564975529909134,5.382159997679992e-07,0.014401450753211975,0.018181800842285156,2.8687545636785217e-06,0.9543240070343018,0.5522282123565674,0.14812469482421875,0.2996470332145691,0.00026012235321104527,1.0,,,,,,,,,,,,,,
36,16779,,,0.04706404730677605,0.047063954174518585,4.7159070959423843e-07,0.01201434526592493,0.016969680786132812,0.00019296721438877285,0.9777114391326904,0.5304097533226013,0.15852347016334534,0.31106680631637573,0.00024447403848171234,1.0,,,,,,,,,,,,,,
,16800,554.3804809918474,24.744738442913782,,,,,,,,,,,,,,,,,,,,,,,,,,
36,16799,,,0.06255114078521729,0.06255102157592773,5.882297955395188e-07,0.015920253470540047,0.017579078674316406,9.989476529881358e-05,0.9731042385101318,0.5358867049217224,0.1577301174402237,0.3063831329345703,0.00028046988882124424,1.0,,,,,,,,,,,,,,
36,16819,,,0.054762717336416245,0.05476263538002968,4.1820544538495596e-07,0.01395835168659687,0.018207550048828125,5.326661266735755e-06,0.9545080661773682,0.5531258583068848,0.14762356877326965,0.29925060272216797,0.00026756618171930313,1.0,,,,,,,,,,,,,,
36,16839,,,0.06108967214822769,0.06108950078487396,8.626404905953677e-07,0.015536394901573658,0.017017364501953125,8.818772039376199e-05,0.9494812488555908,0.5628736615180969,0.1463886797428131,0.29073768854141235,0.00026221293956041336,1.0,,,,,,,,,,,,,,
36,16859,,,0.0572713203728199,0.057271167635917664,7.697367436776403e-07,0.014592084102332592,0.018836021423339844,3.546686639310792e-05,0.9536172151565552,0.5581590533256531,0.14772948622703552,0.294111430644989,0.00027354503981769085,1.0,,,,,,,,,,,,,,
36,16879,,,0.06005861982703209,0.06005846709012985,7.642069022040232e-07,0.015286531299352646,0.01817035675048828,4.6294295316329226e-05,0.9496198892593384,0.5594892501831055,0.1438744068145752,0.29663634300231934,0.00027095084078609943,1.0,,,,,,,,,,,,,,
36,16899,,,0.06155184656381607,0.0615517720580101,3.6717770512950665e-07,0.01567298360168934,0.017421722412109375,4.9584177759243175e-05,0.9503775835037231,0.5599533319473267,0.14529690146446228,0.29474979639053345,0.00028403010219335556,1.0,,,,,,,,,,,,,,
36,16919,,,0.05873972550034523,0.05873963236808777,4.63164951725048e-07,0.01494075357913971,0.01679706573486328,0.0001778200239641592,0.9459109902381897,0.5680652856826782,0.14565390348434448,0.2862807810306549,0.0002522657159715891,1.0,,,,,,,,,,,,,,
36,16939,,,0.06303460896015167,0.0630345344543457,3.6556892268890806e-07,0.01605667732656002,0.018983840942382812,1.3565156223194208e-05,0.9541436433792114,0.5550732612609863,0.14848536252975464,0.2964414358139038,0.00029775407165288925,1.0,,,,,,,,,,,,,,
36,16959,,,0.053903061896562576,0.053902965039014816,4.777401159117289e-07,0.013703171163797379,0.016233444213867188,7.45379293221049e-05,0.9500616192817688,0.562064528465271,0.14559310674667358,0.29234230518341064,0.0002259151078760624,1.0,,,,,,,,,,,,,,
36,16979,,,0.06331031769514084,0.0633101761341095,7.067495744195185e-07,0.01606563664972782,0.01706981658935547,0.00014118562103249133,0.9447903037071228,0.5666924715042114,0.14332693815231323,0.28998059034347534,0.00023523368872702122,1.0,,,,,,,,,,,,,,
,17000,546.8221211189568,24.72101891623961,,,,,,,,,,,,,,,,,,,,,,,,,,
37,16999,,,0.064898282289505,0.06489815562963486,6.489539714493731e-07,0.01647879183292389,0.01768970489501953,0.00013784112525172532,0.9724258184432983,0.533865213394165,0.15467429161071777,0.3114604949951172,0.0002514652442187071,1.0,,,,,,,,,,,,,,
37,16999,,,,,,,,,,,,,,,0.05720531940460205,0.05720517411828041,8.417865728915785e-07,0.9988710880279541,0.0019782392773777246,0.01455910038203001,0.017713284119963646,0.0001228122564498335,0.9583065509796143,0.5500583648681641,0.1486305445432663,0.3013109266757965,0.0002553165249992162,1.0
37,17019,,,0.06131549924612045,0.06131542846560478,3.565928068383073e-07,0.015584120526909828,0.01788806915283203,6.269264122238383e-05,0.9529687166213989,0.5601469278335571,0.14902761578559875,0.2908254563808441,0.0002539919223636389,1.0,,,,,,,,,,,,,,
37,17039,,,0.053472746163606644,0.05347266048192978,4.314992168019671e-07,0.013633362017571926,0.0171966552734375,2.8194077458465472e-05,0.9558312892913818,0.5567953586578369,0.14936977624893188,0.293834924697876,0.0002646115608513355,1.0,,,,,,,,,,,,,,
37,17059,,,0.055990539491176605,0.055990464985370636,3.7459562918229494e-07,0.014260983094573021,0.017871856689453125,0.0001856861636042595,0.9456313848495483,0.5685634016990662,0.14519929885864258,0.28623729944229126,0.0002596341073513031,1.0,,,,,,,,,,,,,,
37,17079,,,0.05690133944153786,0.056901268661022186,3.6285734950070037e-07,0.014506340026855469,0.0182952880859375,1.3783587746729609e-05,0.9531358480453491,0.5552502870559692,0.1473367065191269,0.29741308093070984,0.0002807299606502056,1.0,,,,,,,,,,,,,,
37,17099,,,0.05660158768296242,0.05660145729780197,6.469406343967421e-07,0.01441158540546894,0.017583847045898438,0.00014257892325986177,0.941940426826477,0.5668861865997314,0.14166103303432465,0.2914527654647827,0.00025833724066615105,1.0,,,,,,,,,,,,,,
37,17119,,,0.04510946199297905,0.04510921239852905,1.2512200555647723e-06,0.01156650297343731,0.01812458038330078,0.00016174421762116253,0.9701229333877563,0.5328183174133301,0.15398555994033813,0.3131961226463318,0.0002859022933989763,1.0,,,,,,,,,,,,,,
37,17139,,,0.06004912778735161,0.06004902720451355,5.04491936226259e-07,0.01525841187685728,0.016956329345703125,2.5777100745472126e-05,0.9686888456344604,0.5438400506973267,0.15627479553222656,0.2998851537704468,0.000245614442974329,1.0,,,,,,,,,,,,,,
37,17159,,,0.051474861800670624,0.05147477239370346,4.5112201974006894e-07,0.013151156716048717,0.01742267608642578,8.965367305791005e-05,0.9482110142707825,0.5628175139427185,0.1469474583864212,0.2902350425720215,0.0002806482370942831,1.0,,,,,,,,,,,,,,
37,17179,,,0.04701944440603256,0.04701937735080719,3.4287575090274913e-07,0.01209467276930809,0.019659996032714844,2.75858910754323e-05,0.9571515321731567,0.544650673866272,0.1482117623090744,0.30713754892349243,0.0003392596263438463,1.0,,,,,,,,,,,,,,
,17200,541.820274268955,24.580106416226606,,,,,,,,,,,,,,,,,,,,,,,,,,
37,17199,,,0.0556669645011425,0.05566687881946564,4.374915363314358e-07,0.014215027913451195,0.01821613311767578,1.0552219464443624e-05,0.9551309943199158,0.5543418526649475,0.14912892878055573,0.29652923345565796,0.00029807607643306255,1.0,,,,,,,,,,,,,,
37,17219,,,0.06038384512066841,0.060383789241313934,2.7991043793917925e-07,0.015377925708889961,0.018548965454101562,1.2361924746073782e-05,0.9551258087158203,0.5548234581947327,0.14863401651382446,0.29654252529144287,0.000281717162579298,1.0,,,,,,,,,,,,,,
37,17239,,,0.05481972545385361,0.05481966584920883,2.942903734037827e-07,0.01392234768718481,0.016332626342773438,2.526017851778306e-06,0.9577139616012573,0.5522112846374512,0.14924314618110657,0.2985455393791199,0.0002173655666410923,1.0,,,,,,,,,,,,,,
37,17259,,,0.05750362575054169,0.057503581047058105,2.2778968400416488e-07,0.01468940544873476,0.019220352172851562,3.075490894843824e-06,0.9545704126358032,0.5523924827575684,0.14936962723731995,0.2982378602027893,0.0003134370781481266,1.0,,,,,,,,,,,,,,
37,17279,,,0.060484014451503754,0.06048394739627838,3.3393905596312834e-07,0.015398816205561161,0.018259048461914062,4.7163166527752765e-06,0.9561765193939209,0.552883505821228,0.14764252305030823,0.29947400093078613,0.00027771852910518646,1.0,,,,,,,,,,,,,,
37,17299,,,0.059518709778785706,0.05951865017414093,2.914917445195897e-07,0.015155145898461342,0.01791858673095703,3.0410683393711224e-05,0.9635980129241943,0.5427274703979492,0.15119723975658417,0.3060752749443054,0.0002748605329543352,1.0,,,,,,,,,,,,,,
37,17319,,,0.057798121124506,0.05779804661870003,3.7316277712307055e-07,0.014743016101419926,0.018310546875,6.69392602503649e-06,0.9621433019638062,0.5465903282165527,0.15285438299179077,0.3005553185939789,0.0002933517098426819,1.0,,,,,,,,,,,,,,
37,17339,,,0.05295661836862564,0.05295654758810997,3.593504516175017e-07,0.013587304390966892,0.019762039184570312,7.602483674418181e-05,0.965319037437439,0.5383333563804626,0.15237580239772797,0.3092908263206482,0.00034662941470742226,1.0,,,,,,,,,,,,,,
37,17359,,,0.059852153062820435,0.05985208600759506,3.323098383134493e-07,0.015230811201035976,0.017910003662109375,0.00016344228060916066,0.973726212978363,0.5319302082061768,0.15850988030433655,0.3095598816871643,0.00026450445875525475,1.0,,,,,,,,,,,,,,
37,17379,,,0.057880811393260956,0.057880718261003494,4.6593171987296955e-07,0.014711037278175354,0.016962051391601562,1.1452264516265132e-05,0.9643347263336182,0.5452942848205566,0.1531081646680832,0.30159759521484375,0.00024060532450675964,1.0,,,,,,,,,,,,,,
,17400,534.1149310752105,24.560257047284846,,,,,,,,,,,,,,,,,,,,,,,,,,
37,17399,,,0.05897323042154312,0.05897315591573715,3.7555591347882e-07,0.015043883584439754,0.01843738555908203,3.410262434044853e-05,0.9650886058807373,0.5418407917022705,0.15518608689308167,0.3029731512069702,0.00029989355243742466,1.0,,,,,,,,,,,,,,
37,17419,,,0.05657926946878433,0.05657920613884926,3.139891191494826e-07,0.014360991306602955,0.01614093780517578,0.00010408634989289567,0.9707657098770142,0.5359534025192261,0.15416854619979858,0.30987802147865295,0.00021409266628324986,1.0,,,,,,,,,,,,,,
37,17439,,,0.05501174554228783,0.05501166731119156,3.867692157655256e-07,0.014012505300343037,0.01744842529296875,1.2900069123134017e-05,0.9655893445014954,0.5453627109527588,0.1541135609149933,0.3005237579345703,0.00025931093841791153,1.0,,,,,,,,,,,,,,
38,17459,,,0.055283863097429276,0.055283792316913605,3.5115726859658025e-07,0.014124815352261066,0.018883705139160156,0.00037110489211045206,0.9760168194770813,0.524042010307312,0.1558169424533844,0.3201410174369812,0.00029642763547599316,1.0,,,,,,,,,,,,,,
38,17479,,,0.057497188448905945,0.057497113943099976,3.8094884757811087e-07,0.014636672101914883,0.01758289337158203,3.647778066806495e-05,0.9667547941207886,0.5414894819259644,0.15362679958343506,0.3048837184906006,0.00026164506562054157,1.0,,,,,,,,,,,,,,
38,17499,,,0.04879412055015564,0.04879404604434967,3.8164233728821273e-07,0.012475654482841492,0.01795673370361328,0.00011553049989743158,0.9717526435852051,0.5348470211029053,0.1565343141555786,0.3086186647415161,0.00027481396682560444,1.0,,,,,,,,,,,,,,
38,17519,,,0.0563838928937912,0.05638378486037254,5.346467446543102e-07,0.01436467096209526,0.017436981201171875,2.4200917323469184e-05,0.9664127826690674,0.5432243347167969,0.15475496649742126,0.30202072858810425,0.0002682134509086609,1.0,,,,,,,,,,,,,,
38,17539,,,0.05631301552057266,0.0563129261136055,4.562990056911076e-07,0.014327457174658775,0.01791667938232422,1.54021181515418e-05,0.9560009837150574,0.5550633668899536,0.1494368314743042,0.2954998314380646,0.00024889479391276836,1.0,,,,,,,,,,,,,,
38,17559,,,0.05138321593403816,0.05138315260410309,3.2442474662275345e-07,0.013134051114320755,0.017914772033691406,5.420780325948726e-06,0.9537981152534485,0.5532597303390503,0.1479678452014923,0.2987724542617798,0.0002881383989006281,1.0,,,,,,,,,,,,,,
38,17579,,,0.05146842822432518,0.051468368619680405,3.0495229452753847e-07,0.013143579475581646,0.01832866668701172,3.568075726434472e-06,0.957611083984375,0.552446722984314,0.14970526099205017,0.29784804582595825,0.0002764014061540365,1.0,,,,,,,,,,,,,,
,17600,526.411761246719,24.53972527020646,,,,,,,,,,,,,,,,,,,,,,,,,,
38,17599,,,0.06443404406309128,0.0644339770078659,3.4987800745511777e-07,0.016415053978562355,0.019011497497558594,1.9036069716094062e-05,0.9502401947975159,0.5551228523254395,0.14446008205413818,0.30041709542274475,0.00030616275034844875,1.0,,,,,,,,,,,,,,
38,17619,,,0.05297393724322319,0.05297386273741722,3.782005819630285e-07,0.013517211191356182,0.01793956756591797,1.4723300409968942e-05,0.9551329612731934,0.5548898577690125,0.14959269762039185,0.2955174446105957,0.0002734323497861624,1.0,,,,,,,,,,,,,,
38,17639,,,0.06249075382947922,0.06249069422483444,3.014068852280616e-07,0.015899183228611946,0.017973899841308594,0.00010498703340999782,0.9451625943183899,0.5644862651824951,0.14245425164699554,0.29305946826934814,0.0002743958029896021,1.0,,,,,,,,,,,,,,
38,17659,,,0.056666407734155655,0.056666355580091476,2.636443809933553e-07,0.014440239407122135,0.018217086791992188,2.89180243271403e-05,0.9517715573310852,0.5575896501541138,0.14662331342697144,0.2957870066165924,0.0002730591222643852,1.0,,,,,,,,,,,,,,
38,17679,,,0.0528230182826519,0.05282294377684593,3.815028435383283e-07,0.013467671349644661,0.017225265502929688,0.00019945457461290061,0.9421558380126953,0.5693688988685608,0.14453637599945068,0.28609466552734375,0.00025792745873332024,1.0,,,,,,,,,,,,,,
38,17699,,,0.046739496290683746,0.046739403158426285,4.670149280627811e-07,0.011955042369663715,0.01808452606201172,1.909175989567302e-05,0.9505841732025146,0.5556310415267944,0.1449808031320572,0.2993881404399872,0.0002697862219065428,1.0,,,,,,,,,,,,,,
38,17719,,,0.0552225187420845,0.055222347378730774,8.478832000946568e-07,0.014035999774932861,0.017638206481933594,1.6684591173543595e-05,0.9553629755973816,0.555635392665863,0.14828169345855713,0.29608291387557983,0.00023003644309937954,1.0,,,,,,,,,,,,,,
38,17739,,,0.05455154553055763,0.054551467299461365,3.9376450899908377e-07,0.013934248127043247,0.018270492553710938,6.598889012821019e-05,0.9675120711326599,0.5385252833366394,0.1562182903289795,0.3052564561367035,0.000295042060315609,1.0,,,,,,,,,,,,,,
38,17759,,,0.05783557891845703,0.05783543735742569,7.17038119546487e-07,0.014703474938869476,0.017389297485351562,1.7047723304131068e-06,0.9590792655944824,0.5516927242279053,0.1485147476196289,0.2997925281524658,0.00024454575031995773,1.0,,,,,,,,,,,,,,
38,17779,,,0.05712229013442993,0.05712220445275307,4.3416810058261035e-07,0.014540537260472775,0.017305374145507812,8.2795068010455e-06,0.9562280774116516,0.553733229637146,0.14953576028347015,0.29673105478286743,0.00025979941710829735,1.0,,,,,,,,,,,,,,
,17800,518.7059801892287,24.51870710139173,,,,,,,,,,,,,,,,,,,,,,,,,,
38,17799,,,0.04886237531900406,0.048862311989068985,3.1284537271858426e-07,0.012482944875955582,0.01781177520751953,9.865719766821712e-05,0.9666593670845032,0.5370889902114868,0.15166327357292175,0.31124770641326904,0.0002653778064996004,1.0,,,,,,,,,,,,,,
38,17819,,,0.057202283293008804,0.057202182710170746,4.954833912051981e-07,0.014599349349737167,0.01786518096923828,4.1357892769156024e-05,0.952993631362915,0.5579385757446289,0.14987406134605408,0.2921873927116394,0.0002979517448693514,1.0,,,,,,,,,,,,,,
38,17839,,,0.05699952691793442,0.05699944496154785,4.1284744156655506e-07,0.014525583945214748,0.018248558044433594,5.702835551346652e-06,0.9550440907478333,0.5533721446990967,0.14815333485603333,0.2984745502471924,0.0002755883615463972,1.0,,,,,,,,,,,,,,
38,17859,,,0.06266386806964874,0.06266370415687561,8.215271236622357e-07,0.01590319536626339,0.01709461212158203,5.642835458274931e-05,0.9505268335342407,0.5605326294898987,0.14353351294994354,0.29593387246131897,0.0002360998187214136,1.0,,,,,,,,,,,,,,
38,17879,,,0.05929975584149361,0.059299539774656296,1.0832272892002948e-06,0.01515045203268528,0.020589828491210938,8.062068081926554e-05,0.9692816734313965,0.5373374819755554,0.15550878643989563,0.30715373158454895,0.0003239009529352188,1.0,,,,,,,,,,,,,,
38,17899,,,0.0655452162027359,0.06554500758647919,1.0312323865946382e-06,0.016662633046507835,0.017645835876464844,9.170632324639882e-07,0.9586765766143799,0.5512785911560059,0.14974729716777802,0.29897406697273254,0.0002763106022030115,1.0,,,,,,,,,,,,,,
39,17919,,,0.056720856577157974,0.056720685213804245,8.62005776980368e-07,0.014454382471740246,0.017892837524414062,0.00025624019326642156,0.976080060005188,0.527808666229248,0.15722034871578217,0.31497102975845337,0.0002690432593226433,1.0,,,,,,,,,,,,,,
39,17939,,,0.06742668151855469,0.06742657721042633,5.241750500317721e-07,0.017132289707660675,0.018039703369140625,2.4459208361804485e-05,0.967278003692627,0.5436198711395264,0.1556718498468399,0.30070826411247253,0.00027513084933161736,1.0,,,,,,,,,,,,,,
39,17959,,,0.04972393065690994,0.049723826348781586,5.220081220613793e-07,0.012666349299252033,0.01719188690185547,9.295213385485113e-05,0.9729627966880798,0.5363653302192688,0.15681570768356323,0.30681896209716797,0.00023350794799625874,1.0,,,,,,,,,,,,,,
39,17979,,,0.05390992388129234,0.05390985310077667,3.514954300953832e-07,0.013769653625786304,0.018125534057617188,3.829257821053034e-06,0.9556938409805298,0.5524340867996216,0.14992326498031616,0.29764264822006226,0.0002920962870121002,1.0,,,,,,,,,,,,,,
,18000,510.8788128756559,24.502875602803257,,,,,,,,,,,,,,,,,,,,,,,,,,
39,17999,,,0.05869698524475098,0.0586969293653965,2.8203703550389037e-07,0.014917001128196716,0.016752243041992188,1.783744664862752e-05,0.9555697441101074,0.5559462308883667,0.1475144624710083,0.2965392470359802,0.00024239765480160713,1.0,,,,,,,,,,,,,,
39,17999,,,,,,,,,,,,,,,0.054686177521944046,0.05468608811497688,5.168819825485116e-07,0.9992692470550537,0.0016567754792049527,0.013935915194451809,0.018221933394670486,0.00012255471665412188,0.9581471681594849,0.5512665510177612,0.1495065987110138,0.2992269694805145,0.00026191954384557903,1.0
39,18019,,,0.047541119158267975,0.047541048377752304,3.527413241499744e-07,0.012131215073168278,0.016828536987304688,0.00017170983483083546,0.944654643535614,0.5683419704437256,0.14311888813972473,0.2885391116142273,0.00024250149726867676,1.0,,,,,,,,,,,,,,
39,18039,,,0.06009028106927872,0.06009018421173096,4.887289151156438e-07,0.015331362374126911,0.018701553344726562,4.644727596314624e-06,0.952972412109375,0.5528919696807861,0.14772064983844757,0.2993873953819275,0.00030869897454977036,1.0,,,,,,,,,,,,,,
39,18059,,,0.06467001885175705,0.0646698921918869,6.256891538214404e-07,0.016416722908616066,0.01761150360107422,9.513380064163357e-06,0.9564653635025024,0.553939700126648,0.1496516466140747,0.29640868306159973,0.00024902750737965107,1.0,,,,,,,,,,,,,,
39,18079,,,0.05286848545074463,0.05286838859319687,4.92531682994013e-07,0.013446655124425888,0.016579627990722656,0.00015705653640907258,0.9461506605148315,0.5671660900115967,0.14523518085479736,0.28759872913360596,0.00022639264352619648,1.0,,,,,,,,,,,,,,
39,18099,,,0.053038518875837326,0.05303843319416046,4.2263269506293e-07,0.013557261787354946,0.018792152404785156,5.535865784622729e-05,0.9621809720993042,0.540266752243042,0.15140455961227417,0.30832868814468384,0.0002965249586850405,1.0,,,,,,,,,,,,,,
39,18119,,,0.05599348619580269,0.055993400514125824,4.2890982854260074e-07,0.014230252243578434,0.017059326171875,9.122174446929421e-07,0.9608473777770996,0.5487593412399292,0.1501578539609909,0.3010828197002411,0.00023186206817626953,1.0,,,,,,,,,,,,,,
39,18139,,,0.054152704775333405,0.054152607917785645,4.7582173579030496e-07,0.01383200939744711,0.018169403076171875,1.1031156645913143e-06,0.9572767019271851,0.5513777732849121,0.14979171752929688,0.298830509185791,0.0002938113175332546,1.0,,,,,,,,,,,,,,
39,18159,,,0.05112607404589653,0.05112598091363907,4.71914120225847e-07,0.013034275732934475,0.017151832580566406,3.227738488931209e-05,0.9671803712844849,0.5420182943344116,0.15319377183914185,0.30478793382644653,0.00025211204774677753,1.0,,,,,,,,,,,,,,
39,18179,,,0.050672635436058044,0.0506725013256073,6.671563141935621e-07,0.012951605021953583,0.01803874969482422,4.446133607416414e-05,0.9691146016120911,0.5406516790390015,0.1557459533214569,0.30360233783721924,0.0002825565170496702,1.0,,,,,,,,,,,,,,
,18200,505.95491236974465,24.346042896008452,,,,,,,,,,,,,,,,,,,,,,,,,,
39,18199,,,0.051888708025217056,0.051888637244701385,3.632141840625991e-07,0.013326162472367287,0.01947498321533203,7.673206710023805e-07,0.9544030427932739,0.5499391555786133,0.14895889163017273,0.3011019825935364,0.0003539698664098978,1.0,,,,,,,,,,,,,,
39,18219,,,0.04712964594364166,0.04712957888841629,3.3400215215806384e-07,0.012051737867295742,0.017866134643554688,9.441406291443855e-06,0.9545947909355164,0.5543316006660461,0.14813421666622162,0.29753416776657104,0.00026913778856396675,1.0,,,,,,,,,,,,,,
39,18239,,,0.053670600056648254,0.05367052182555199,3.8404610336328915e-07,0.013713746331632137,0.018034934997558594,0.00019913085270673037,0.9397050142288208,0.5697645545005798,0.14250898361206055,0.2877264618873596,0.00029211374931037426,1.0,,,,,,,,,,,,,,
39,18259,,,0.05515259504318237,0.05515249818563461,4.798437203135109e-07,0.014086546376347542,0.01803112030029297,0.00011891864414792508,0.9416418671607971,0.5654158592224121,0.14191564917564392,0.29266852140426636,0.00029601878486573696,1.0,,,,,,,,,,,,,,
39,18279,,,0.04639867693185806,0.04639860987663269,3.2978482522594277e-07,0.01186886802315712,0.017536163330078125,4.986537533113733e-06,0.9571526646614075,0.552781343460083,0.14990469813346863,0.29731398820877075,0.0002690991386771202,1.0,,,,,,,,,,,,,,
39,18299,,,0.05657534301280975,0.056575268507003784,3.677777158372919e-07,0.014412285760045052,0.01788043975830078,1.2125532293794095e-06,0.9590593576431274,0.5497494339942932,0.1514563411474228,0.2987942099571228,0.00026842555962502956,1.0,,,,,,,,,,,,,,
39,18319,,,0.04950987920165062,0.04950983077287674,2.4711863488846575e-07,0.01260419748723507,0.016683578491210938,1.4586928955395706e-05,0.954302191734314,0.5553852319717407,0.1469472050666809,0.2976675033569336,0.00022643618285655975,1.0,,,,,,,,,,,,,,
39,18339,,,0.04929167032241821,0.04929162561893463,2.2495748908113455e-07,0.012591402977705002,0.01738452911376953,0.000276134698651731,0.9800542593002319,0.5266554355621338,0.1593324840068817,0.3140121400356293,0.00026296242140233517,1.0,,,,,,,,,,,,,,
39,18359,,,0.05013570562005043,0.05013564974069595,2.8105799287914124e-07,0.012851516716182232,0.018521666526794434,4.331726358941523e-06,0.9607083201408386,0.5484426021575928,0.15294164419174194,0.2986156642436981,0.0003175034071318805,1.0,,,,,,,,,,,,,,
40,18379,,,0.052234452217817307,0.05223439261317253,3.0236822112783557e-07,0.013344374485313892,0.01802539825439453,3.239280886191409e-06,0.9551617503166199,0.5510776042938232,0.14746418595314026,0.3014581799507141,0.0002856964711099863,1.0,,,,,,,,,,,,,,
,18400,498.15280636472073,24.325869181449217,,,,,,,,,,,,,,,,,,,,,,,,,,
40,18399,,,0.0564311183989048,0.05643105506896973,3.172320646172011e-07,0.014384200796484947,0.01758861541748047,0.0001516749180154875,0.9748273491859436,0.5326482653617859,0.1573719084262848,0.3099798262119293,0.00027338764630258083,1.0,,,,,,,,,,,,,,
40,18419,,,0.05360787734389305,0.05360781401395798,3.209111696378386e-07,0.013683787547051907,0.017736434936523438,6.51813970762305e-05,0.9496629238128662,0.5610916614532471,0.14680010080337524,0.2921082377433777,0.00028051435947418213,1.0,,,,,,,,,,,,,,
40,18439,,,0.055284805595874786,0.05528475344181061,2.5898901867549284e-07,0.014059360139071941,0.01662921905517578,3.09540810121689e-05,0.954770028591156,0.5574899911880493,0.148342102766037,0.2941678762435913,0.00023754010908305645,1.0,,,,,,,,,,,,,,
40,18459,,,0.04676607996225357,0.0467660129070282,3.2997522225741704e-07,0.011986454017460346,0.019263267517089844,0.00028533482691273093,0.977388322353363,0.5263173580169678,0.15912999212741852,0.3145526647567749,0.0002892271149903536,1.0,,,,,,,,,,,,,,
40,18479,,,0.05224958434700966,0.05224953591823578,2.4988599989228533e-07,0.013380054384469986,0.01918315887451172,3.778571408474818e-05,0.9638158082962036,0.5414890050888062,0.1527223289012909,0.30578869581222534,0.00031690276227891445,1.0,,,,,,,,,,,,,,
40,18499,,,0.04964413493871689,0.04964406043291092,3.655500790955557e-07,0.012690849602222443,0.017999649047851562,1.1177702617715113e-05,0.9602218866348267,0.545539915561676,0.15087087452411652,0.30358919501304626,0.0002795923501253128,1.0,,,,,,,,,,,,,,
40,18519,,,0.04868309572339058,0.048682890832424164,1.022970536723733e-06,0.012455235235393047,0.017559051513671875,0.00017776081222109497,0.973656177520752,0.5313340425491333,0.1570248007774353,0.3116411566734314,0.00028090598061680794,1.0,,,,,,,,,,,,,,
40,18539,,,0.046509999781847,0.04650989547371864,5.147095407664892e-07,0.011950762942433357,0.01930713653564453,5.0401180487824604e-05,0.9493614435195923,0.5595394372940063,0.14794161915779114,0.2925189733505249,0.0003222550731152296,1.0,,,,,,,,,,,,,,
40,18559,,,0.05293458700180054,0.05293452739715576,2.9423625846902723e-07,0.013515984639525414,0.017438888549804688,5.749339379690355e-06,0.9555759429931641,0.5533264875411987,0.1477668285369873,0.2989066243171692,0.00028222333639860153,1.0,,,,,,,,,,,,,,
40,18579,,,0.059213414788246155,0.05921333283185959,4.1108728510153014e-07,0.015091929584741592,0.01824665069580078,1.1104766599601135e-06,0.9591482877731323,0.5498816967010498,0.15134572982788086,0.2987726330757141,0.0002885537687689066,1.0,,,,,,,,,,,,,,
,18600,490.16101608994757,24.314459144610908,,,,,,,,,,,,,,,,,,,,,,,,,,
40,18599,,,0.058264609426259995,0.05826454609632492,3.0836596920380543e-07,0.014795231632888317,0.01703929901123047,5.451124161481857e-05,0.952477216720581,0.5599120855331421,0.1478864550590515,0.2922014594078064,0.0002279889304190874,1.0,,,,,,,,,,,,,,
40,18619,,,0.0565461590886116,0.056546084582805634,3.729322202161711e-07,0.01438119262456894,0.017147064208984375,2.973780283355154e-06,0.9573922157287598,0.5521871447563171,0.14797209203243256,0.2998407781124115,0.0002445932477712631,1.0,,,,,,,,,,,,,,
40,18639,,,0.051403459161520004,0.051403336226940155,6.061285375835723e-07,0.013143107295036316,0.018866539001464844,2.402243080723565e-05,0.9636613130569458,0.5431153774261475,0.15274590253829956,0.30413874983787537,0.0002917621750384569,1.0,,,,,,,,,,,,,,
40,18659,,,0.06520283967256546,0.0652027577161789,4.0515877230973274e-07,0.016630470752716064,0.019621849060058594,1.2746308129862882e-05,0.951360285282135,0.5549470782279968,0.1484006941318512,0.296652227640152,0.00032950681634247303,1.0,,,,,,,,,,,,,,
40,18679,,,0.05693800002336502,0.05693793296813965,3.359852200901514e-07,0.014520525932312012,0.018195152282714844,0.0004074120370205492,0.9813896417617798,0.5217922925949097,0.16031414270401,0.3178935647010803,0.00027787755243480206,1.0,,,,,,,,,,,,,,
40,18699,,,0.05587223917245865,0.055872175842523575,3.2479670153406914e-07,0.014218748547136784,0.017540931701660156,1.3287539331940934e-05,0.9649809002876282,0.5448450446128845,0.15254175662994385,0.30261313915252686,0.00025042309425771236,1.0,,,,,,,,,,,,,,
40,18719,,,0.05310649797320366,0.053106360137462616,6.810596460127272e-07,0.013576022349298,0.019371986389160156,1.5216857718769461e-05,0.9571406245231628,0.5466288328170776,0.14790380001068115,0.3054673373699188,0.00029909354634582996,1.0,,,,,,,,,,,,,,
40,18739,,,0.04468577355146408,0.044685669243335724,5.280958248476963e-07,0.011463778093457222,0.018962860107421875,4.762659591506235e-05,0.9489932060241699,0.5597565174102783,0.14490270614624023,0.2953408360481262,0.00029138242825865746,1.0,,,,,,,,,,,,,,
40,18759,,,0.060102399438619614,0.060102321207523346,3.876766641042195e-07,0.015320911072194576,0.01869487762451172,7.319837459363043e-05,0.964820384979248,0.5384794473648071,0.15255782008171082,0.3089626729488373,0.00029384694062173367,1.0,,,,,,,,,,,,,,
40,18779,,,0.0558391734957695,0.05583905056118965,6.194295565364882e-07,0.014230555854737759,0.018985748291015625,4.320517473388463e-05,0.9665324091911316,0.5407627820968628,0.15371693670749664,0.30552029609680176,0.0002698982134461403,1.0,,,,,,,,,,,,,,
,18800,481.97649769860345,24.312388790641137,,,,,,,,,,,,,,,,,,,,,,,,,,
40,18799,,,0.055439818650484085,0.05543898046016693,4.197401722194627e-06,0.014144185930490494,0.018829345703125,1.8922994058812037e-05,0.9625991582870483,0.5438759326934814,0.15255585312843323,0.3035682439804077,0.0002838526852428913,1.0,,,,,,,,,,,,,,
41,18819,,,0.053774360567331314,0.05377403646707535,1.6140837715283851e-06,0.013690050691366196,0.017714500427246094,4.0129307308234274e-05,0.9508031010627747,0.558951735496521,0.1452181488275528,0.2958300709724426,0.00024565798230469227,1.0,,,,,,,,,,,,,,
41,18839,,,0.053839027881622314,0.05383894592523575,4.0696454561839346e-07,0.013745198957622051,0.01760387420654297,0.0001523312384961173,0.9412643313407898,0.5674324035644531,0.14204561710357666,0.2905219793319702,0.00028239539824426174,1.0,,,,,,,,,,,,,,
41,18859,,,0.05175028741359711,0.05175023525953293,2.6299380806449335e-07,0.013205243274569511,0.017993927001953125,1.1472471669549122e-05,0.9551233053207397,0.554760754108429,0.14716127514839172,0.29807794094085693,0.00026744231581687927,1.0,,,,,,,,,,,,,,
41,18879,,,0.05161650478839874,0.05161644518375397,2.925318938196142e-07,0.013135545887053013,0.016348838806152344,0.00024674792075529695,0.9806995391845703,0.5278727412223816,0.1593577265739441,0.3127695322036743,0.0002264848444610834,1.0,,,,,,,,,,,,,,
41,18899,,,0.058241985738277435,0.05824192240834236,3.2560953400206927e-07,0.014822720550000668,0.017822265625,7.059082417981699e-05,0.9509220719337463,0.560889482498169,0.14867237210273743,0.29043814539909363,0.0002608122304081917,1.0,,,,,,,,,,,,,,
41,18919,,,0.05333339050412178,0.05333327874541283,5.610522180177213e-07,0.01357960607856512,0.016725540161132812,4.24954887421336e-05,0.9663042426109314,0.5408581495285034,0.15353988111019135,0.30560198426246643,0.000245408620685339,1.0,,,,,,,,,,,,,,
41,18939,,,0.055163271725177765,0.055163197219371796,3.6668927805294516e-07,0.01403234712779522,0.017515182495117188,2.530217716412153e-05,0.9548219442367554,0.5568382740020752,0.14827844500541687,0.29488328099250793,0.00024102302268147469,1.0,,,,,,,,,,,,,,
41,18959,,,0.04398741573095322,0.04398737847805023,1.8039453664187022e-07,0.01126294955611229,0.01694965362548828,0.00023634274839423597,0.9419063925743103,0.5707993507385254,0.14508257806301117,0.284118115901947,0.0002613689284771681,1.0,,,,,,,,,,,,,,
41,18979,,,0.05021443963050842,0.05021435022354126,4.487858973334369e-07,0.01285530161112547,0.018768310546875,3.4502067137509584e-05,0.9491283297538757,0.558305561542511,0.14571906626224518,0.29597538709640503,0.0003010015934705734,1.0,,,,,,,,,,,,,,
,19000,473.7339448349655,24.313225019187765,,,,,,,,,,,,,,,,,,,,,,,,,,
41,18999,,,0.05154191330075264,0.05154183506965637,3.9491709458161495e-07,0.013160410337150097,0.01761341094970703,1.4194336472428404e-05,0.9527597427368164,0.5553064942359924,0.14693158864974976,0.2977619171142578,0.0002746477257460356,1.0,,,,,,,,,,,,,,
41,18999,,,,,,,,,,,,,,,0.05225149542093277,0.052251435816287994,3.542046727034176e-07,0.9994580149650574,0.0019287833711132407,0.013322089798748493,0.01780165545642376,0.00014483997074421495,0.9525498747825623,0.5562719106674194,0.14654399454593658,0.29718413949012756,0.00025631743483245373,1.0
41,19019,,,0.04662051424384117,0.04662041366100311,5.074467139820626e-07,0.011935766786336899,0.01763153076171875,1.3754397514276206e-05,0.9567083120346069,0.553650975227356,0.15143553912639618,0.29491347074508667,0.0002803630195558071,1.0,,,,,,,,,,,,,,
41,19039,,,0.05034865811467171,0.050348587334156036,3.589601078601845e-07,0.012847751379013062,0.016828536987304688,0.00019371163216419518,0.9739252328872681,0.5309473276138306,0.15524673461914062,0.31380587816238403,0.00025671301409602165,1.0,,,,,,,,,,,,,,
41,19059,,,0.04844263568520546,0.04844257980585098,2.854494880466518e-07,0.012428246438503265,0.018425941467285156,3.5565833968576044e-05,0.96399986743927,0.541626513004303,0.155059814453125,0.303313672542572,0.0003168762195855379,1.0,,,,,,,,,,,,,,
41,19079,,,0.06410576403141022,0.06410570442676544,2.9347927466005785e-07,0.016249671578407288,0.016287803649902344,1.0538092283240985e-06,0.9604442715644836,0.548847496509552,0.14981171488761902,0.301340788602829,0.0002232103142887354,1.0,,,,,,,,,,,,,,
41,19099,,,0.052185431122779846,0.05218536779284477,3.1843717351875966e-07,0.013322355225682259,0.018564224243164062,1.3508481515600579e-06,0.9579709768295288,0.5516352653503418,0.14932626485824585,0.29903846979141235,0.0002759709022939205,1.0,,,,,,,,,,,,,,
41,19119,,,0.05356970801949501,0.05356965959072113,2.4443014012831554e-07,0.013639947399497032,0.01728057861328125,1.8394972357782535e-05,0.9642730951309204,0.5439512729644775,0.15263447165489197,0.3034142851829529,0.00024715205654501915,1.0,,,,,,,,,,,,,,
41,19139,,,0.05110449716448784,0.05110444873571396,2.472460778335517e-07,0.013036447577178478,0.017841339111328125,7.30472820578143e-05,0.9486268758773804,0.5616357922554016,0.14701533317565918,0.2913488745689392,0.00025886204093694687,1.0,,,,,,,,,,,,,,
41,19159,,,0.0524204820394516,0.05242043733596802,2.2056958925986692e-07,0.0133562246337533,0.017220497131347656,6.691342605336104e-06,0.9564037919044495,0.5535731911659241,0.14753422141075134,0.298892617225647,0.00025097024627029896,1.0,,,,,,,,,,,,,,
41,19179,,,0.06163357198238373,0.061633527278900146,2.266006333684345e-07,0.015703115612268448,0.018045425415039062,8.119434642139822e-05,0.9487497806549072,0.5617477893829346,0.14840202033519745,0.2898501753807068,0.0002930993214249611,1.0,,,,,,,,,,,,,,
,19200,467.22868089314494,24.223684167600197,,,,,,,,,,,,,,,,,,,,,,,,,,
41,19199,,,0.04568575322628021,0.045685697346925735,2.827403022820363e-07,0.011701827868819237,0.019163131713867188,3.980181645601988e-05,0.9675552845001221,0.5412306189537048,0.15296125411987305,0.3058081269264221,0.00027959374710917473,1.0,,,,,,,,,,,,,,
41,19219,,,0.04899052903056145,0.04899049177765846,1.9256593475347472e-07,0.012570052407681942,0.017889022827148438,0.00011910241300938651,0.9406264424324036,0.5654076337814331,0.14307546615600586,0.29151690006256104,0.0003200378268957138,1.0,,,,,,,,,,,,,,
41,19239,,,0.04669209197163582,0.04669204354286194,2.451874934195075e-07,0.011952769942581654,0.01748180389404297,4.6897879656171426e-05,0.9660136699676514,0.5404753684997559,0.15324309468269348,0.30628150701522827,0.00027880934067070484,1.0,,,,,,,,,,,,,,
41,19259,,,0.04730834439396858,0.0473082959651947,2.364983089364614e-07,0.012092091143131256,0.01757526397705078,1.904485179693438e-05,0.952966570854187,0.5561699271202087,0.14704211056232452,0.29678791761398315,0.0002646239008754492,1.0,,,,,,,,,,,,,,
42,19279,,,0.06044912338256836,0.06044907867908478,2.212762808539992e-07,0.015367076732218266,0.017556190490722656,9.6111987659242e-05,0.9728960990905762,0.5361830592155457,0.15790197253227234,0.305914968252182,0.0002528734039515257,1.0,,,,,,,,,,,,,,
42,19299,,,0.05467402935028076,0.054673969745635986,2.967170757983695e-07,0.013967885635793209,0.019112586975097656,1.275509930565022e-06,0.9573835134506226,0.5489197373390198,0.14952127635478973,0.3015589714050293,0.0002993529196828604,1.0,,,,,,,,,,,,,,
42,19319,,,0.05658571794629097,0.05658566951751709,2.4797986952762585e-07,0.01444114837795496,0.01784801483154297,2.9570173865067773e-06,0.9542912244796753,0.5506408214569092,0.14764797687530518,0.3017112612724304,0.00029465951956808567,1.0,,,,,,,,,,,,,,
42,19339,,,0.055474042892456055,0.05547398328781128,3.053438035749423e-07,0.014152009971439838,0.0179595947265625,6.799302354920655e-05,0.9687850475311279,0.5384052991867065,0.15687516331672668,0.3047195374965668,0.00028213905170559883,1.0,,,,,,,,,,,,,,
42,19359,,,0.049312178045511246,0.04931212216615677,2.8790634587494424e-07,0.012622351758182049,0.018865585327148438,6.690171971968084e-07,0.9590047001838684,0.5488581657409668,0.1504107564687729,0.3007311224937439,0.00029429374262690544,1.0,,,,,,,,,,,,,,
42,19379,,,0.055784985423088074,0.05578494071960449,2.2993798154402612e-07,0.014192581176757812,0.01735973358154297,1.142030487244483e-05,0.9542422890663147,0.5544850826263428,0.14918698370456696,0.29632794857025146,0.0002461064141243696,1.0,,,,,,,,,,,,,,
,19400,459.04043898122626,24.220088375383202,,,,,,,,,,,,,,,,,,,,,,,,,,
42,19399,,,0.060008976608514786,0.06000890955328941,3.3067559002120106e-07,0.015262365341186523,0.017671585083007812,3.665607437142171e-06,0.9621236324310303,0.5473145246505737,0.15104353427886963,0.30164197087287903,0.0002600476145744324,1.0,,,,,,,,,,,,,,
42,19419,,,0.059519194066524506,0.059519149363040924,2.1903599645156646e-07,0.015161926858127117,0.01836872100830078,1.327780046267435e-05,0.952865719795227,0.5551245808601379,0.14696793258190155,0.2979074716567993,0.000281863147392869,1.0,,,,,,,,,,,,,,
42,19439,,,0.05198153480887413,0.05198148638010025,2.4282377353301854e-07,0.013279556296765804,0.018907546997070312,7.930421816126909e-06,0.9548237323760986,0.5506798028945923,0.14626172184944153,0.3030585050582886,0.0002840142697095871,1.0,,,,,,,,,,,,,,
42,19459,,,0.05109056457877159,0.05109051242470741,2.636180056470039e-07,0.013024711981415749,0.017304420471191406,4.777326466864906e-05,0.9683659076690674,0.5402518510818481,0.15549862384796143,0.30424952507019043,0.00025111553259193897,1.0,,,,,,,,,,,,,,
42,19479,,,0.048089101910591125,0.048089057207107544,2.2494224083402514e-07,0.012273469008505344,0.01706409454345703,3.5157345337211154e-06,0.9606666564941406,0.5495845079421997,0.15247578918933868,0.297939658164978,0.0002511229831725359,1.0,,,,,,,,,,,,,,
42,19499,,,0.05125328153371811,0.05125321447849274,3.390920255696983e-07,0.01308134663850069,0.01735687255859375,4.431794150150381e-05,0.966370701789856,0.5405961275100708,0.15431171655654907,0.3050921559333801,0.00026714010164141655,1.0,,,,,,,,,,,,,,
42,19519,,,0.055411141365766525,0.05541107803583145,3.1019391144582187e-07,0.014123883098363876,0.01752948760986328,1.933278690557927e-05,0.9530463814735413,0.5562062859535217,0.14722950756549835,0.2965641915798187,0.00027071102522313595,1.0,,,,,,,,,,,,,,
42,19539,,,0.04718819260597229,0.04718812555074692,3.2763074386821245e-07,0.012044517323374748,0.01752471923828125,1.577053262735717e-05,0.9520895481109619,0.5555497407913208,0.14647948741912842,0.297970712184906,0.0002471539191901684,1.0,,,,,,,,,,,,,,
42,19559,,,0.04628409072756767,0.0462840311229229,2.9014296387686045e-07,0.011844197288155556,0.018480300903320312,1.7242549802176654e-05,0.9636151194572449,0.5443361401557922,0.15148872137069702,0.30417516827583313,0.0002728295512497425,1.0,,,,,,,,,,,,,,
42,19579,,,0.057198815047740936,0.05719875544309616,2.9612624530273024e-07,0.014561002142727375,0.01746845245361328,2.0219389625708573e-05,0.9621096849441528,0.5438736081123352,0.1515868604183197,0.3045395314693451,0.0002608944196254015,1.0,,,,,,,,,,,,,,
,19600,450.76619731076676,24.22098210809921,,,,,,,,,,,,,,,,,,,,,,,,,,
42,19599,,,0.048215653747320175,0.048215605318546295,2.4666712761245435e-07,0.012316864915192127,0.017690658569335938,5.336494359653443e-05,0.966748833656311,0.5397599935531616,0.15393494069576263,0.30630502104759216,0.0002618841826915741,1.0,,,,,,,,,,,,,,
42,19619,,,0.05468377098441124,0.054683707654476166,3.1016062962407887e-07,0.013943100348114967,0.018568038940429688,8.45463637233479e-06,0.9619213342666626,0.5459737777709961,0.151289165019989,0.3027370572090149,0.00027198856696486473,1.0,,,,,,,,,,,,,,
42,19639,,,0.049973905086517334,0.049973852932453156,2.5844002493613516e-07,0.012762319296598434,0.017767906188964844,2.6927541512122843e-06,0.9611223340034485,0.5488485097885132,0.15232063829898834,0.2988308370113373,0.0002687887754291296,1.0,,,,,,,,,,,,,,
42,19659,,,0.052336640655994415,0.05233658105134964,3.072881042953668e-07,0.013366419821977615,0.01771831512451172,0.00017576015670783818,0.9411576986312866,0.568401038646698,0.143912672996521,0.2876863181591034,0.00027874414809048176,1.0,,,,,,,,,,,,,,
42,19679,,,0.061098601669073105,0.06109851598739624,4.2000368694061763e-07,0.01553503517061472,0.01795673370361328,9.89056752587203e-06,0.9533678889274597,0.554445207118988,0.14790374040603638,0.2976510524749756,0.00026018661446869373,1.0,,,,,,,,,,,,,,
42,19699,,,0.051858216524124146,0.05185815691947937,2.9568934678536607e-07,0.013207969255745411,0.016695022583007812,0.0001324788754573092,0.9438159465789795,0.5661293268203735,0.1438332200050354,0.29003745317459106,0.00024076597765088081,1.0,,,,,,,,,,,,,,
42,19719,,,0.05735957249999046,0.057359520345926285,2.6226697968922963e-07,0.014602705836296082,0.017632484436035156,3.1263489290722646e-06,0.9596060514450073,0.5488826632499695,0.1486213505268097,0.3024959862232208,0.00026275007985532284,1.0,,,,,,,,,,,,,,
43,19739,,,0.05622932314872742,0.05622927471995354,2.510958836410282e-07,0.014362837187945843,0.01894378662109375,3.6737139453180134e-05,0.9631474018096924,0.5415009260177612,0.1532851755619049,0.30521389842033386,0.0003047720529139042,1.0,,,,,,,,,,,,,,
43,19759,,,0.046282004565000534,0.04628196731209755,1.9265979744886863e-07,0.011871954426169395,0.018476486206054688,4.071090984325565e-07,0.9579342603683472,0.5491858720779419,0.15007001161575317,0.30074405670166016,0.0003014449030160904,1.0,,,,,,,,,,,,,,
43,19779,,,0.057821281254291534,0.05782116577029228,5.686304689334065e-07,0.014782333746552467,0.019535064697265625,2.43480517383432e-05,0.95811927318573,0.543984055519104,0.14994555711746216,0.30607038736343384,0.00032652681693434715,1.0,,,,,,,,,,,,,,
,19800,442.3756110448897,24.228279616690713,,,,,,,,,,,,,,,,,,,,,,,,,,
43,19799,,,0.051740970462560654,0.05174090713262558,3.0789811944487155e-07,0.013187251053750515,0.017511367797851562,3.7258414522511885e-06,0.9593435525894165,0.5513296127319336,0.1513998806476593,0.2972705364227295,0.0002519339323043823,1.0,,,,,,,,,,,,,,
43,19819,,,0.048611171543598175,0.04861106351017952,5.360811314858438e-07,0.012435512617230415,0.018817901611328125,1.5086184248502832e-05,0.9612494707107544,0.5452476739883423,0.14999061822891235,0.30476170778274536,0.0002824184484779835,1.0,,,,,,,,,,,,,,
43,19839,,,0.04822474718093872,0.048224642872810364,5.246297405392397e-07,0.012305268086493015,0.017638206481933594,1.1588343113544397e-05,0.9613819122314453,0.5457215309143066,0.1502278745174408,0.30405065417289734,0.0002488496247678995,1.0,,,,,,,,,,,,,,
43,19859,,,0.049487706273794174,0.0494876354932785,3.5831203604175244e-07,0.012639078311622143,0.018060684204101562,0.00023139691620599478,0.9754297733306885,0.5289368629455566,0.15674301981925964,0.3143201470375061,0.0002625235356390476,1.0,,,,,,,,,,,,,,
43,19879,,,0.05303128436207771,0.053031228482723236,2.796721219056053e-07,0.013522496446967125,0.017381668090820312,1.545391569379717e-05,0.9547064304351807,0.5548208951950073,0.14998745918273926,0.29519161581993103,0.00026436662301421165,1.0,,,,,,,,,,,,,,
43,19899,,,0.043751537799835205,0.043751493096351624,2.23595350234973e-07,0.011232009157538414,0.018807411193847656,7.942215233924799e-06,0.958271861076355,0.5461682677268982,0.1509663611650467,0.3028654158115387,0.00029396614991128445,1.0,,,,,,,,,,,,,,
43,19919,,,0.05023880675435066,0.050238750874996185,2.800734080210532e-07,0.012808415107429028,0.016733169555664062,0.00019325219909660518,0.9409812688827515,0.5695882439613342,0.14165633916854858,0.2887554168701172,0.00024484796449542046,1.0,,,,,,,,,,,,,,
43,19939,,,0.05512108653783798,0.055121034383773804,2.5647682377893943e-07,0.01406025793403387,0.01723194122314453,9.477078856434673e-05,0.9501800537109375,0.561951756477356,0.14994218945503235,0.28810611367225647,0.0002780912909656763,1.0,,,,,,,,,,,,,,
43,19959,,,0.052011702209711075,0.0520116463303566,2.7190640139451716e-07,0.013307221233844757,0.018743515014648438,2.6906889615929686e-05,0.9487192630767822,0.5573327541351318,0.1461508870124817,0.2965163588523865,0.0003037573769688606,1.0,,,,,,,,,,,,,,
43,19979,,,0.053552575409412384,0.05355251580476761,3.0075585755184875e-07,0.013670929707586765,0.0187530517578125,2.903702261392027e-05,0.9494490623474121,0.556257963180542,0.14310485124588013,0.3006371557712555,0.00028220517560839653,1.0,,,,,,,,,,,,,,
,20000,434.0885725772151,24.230078063455753,,,,,,,,,,,,,,,,,,,,,,,,,,
43,19999,,,0.05058066546916962,0.050580572336912155,4.686720274094114e-07,0.012951512821018696,0.018876075744628906,1.0928421033895575e-05,0.9519149661064148,0.5546251535415649,0.1470969021320343,0.29827800393104553,0.0003061278257519007,1.0,,,,,,,,,,,,,,
43,19999,,,,,,,,,,,,,,,0.04984252154827118,0.04984245449304581,3.6418774129742815e-07,0.9994259476661682,0.0017309593968093395,0.012725443579256535,0.017354631796479225,0.0005027828738093376,0.9334042072296143,0.5771443843841553,0.1397373229265213,0.28311827778816223,0.0002547591575421393,1.0
43,20019,,,0.054779067635536194,0.054779015481472015,2.6971736133418744e-07,0.013991664163768291,0.019164085388183594,4.5964719902258366e-05,0.9662437438964844,0.5406689643859863,0.15275609493255615,0.3065749406814575,0.0002959782723337412,1.0,,,,,,,,,,,,,,
43,20039,,,0.0483410581946373,0.04834095388650894,5.231538580119377e-07,0.012342936359345913,0.017070770263671875,7.747517520328984e-05,0.9495687484741211,0.5619151592254639,0.14716243743896484,0.2909224033355713,0.00025612208992242813,1.0,,,,,,,,,,,,,,
43,20059,,,0.048141591250896454,0.04814152792096138,3.087236848386965e-07,0.012327362783253193,0.01848602294921875,2.141192635463085e-05,0.9609182476997375,0.5439542531967163,0.15085390210151672,0.30519187450408936,0.0002915365621447563,1.0,,,,,,,,,,,,,,
43,20079,,,0.060731109231710434,0.060731031000614166,3.8780399336246774e-07,0.015450110659003258,0.017683029174804688,3.160582855343819e-05,0.9647812843322754,0.5420982837677002,0.1531887948513031,0.3047129511833191,0.00026670098304748535,1.0,,,,,,,,,,,,,,
43,20099,,,0.04687431454658508,0.046874258667230606,2.808484680372203e-07,0.011978132650256157,0.017421722412109375,3.719854703376768e-06,0.9627355337142944,0.5474426746368408,0.15210014581680298,0.3004571795463562,0.00025947997346520424,1.0,,,,,,,,,,,,,,
43,20119,,,0.05040460824966431,0.05040454491972923,3.078014856328082e-07,0.012886381708085537,0.0191802978515625,8.30390490591526e-06,0.9602183103561401,0.5466820597648621,0.14960977435112,0.30370819568634033,0.00028506387025117874,1.0,,,,,,,,,,,,,,
43,20139,,,0.04623012617230415,0.04622998833656311,6.89858723035286e-07,0.011819076724350452,0.016752243041992188,2.965146086353343e-05,0.9641523361206055,0.5424073934555054,0.15268224477767944,0.30491042137145996,0.000260951928794384,1.0,,,,,,,,,,,,,,
43,20159,,,0.05500694736838341,0.05500686541199684,4.0078484175865015e-07,0.014026902616024017,0.018301010131835938,0.0001004556761472486,0.9679610729217529,0.5361066460609436,0.1545146405696869,0.3093786835670471,0.00027315691113471985,1.0,,,,,,,,,,,,,,
43,20179,,,0.04875653237104416,0.04875646531581879,3.3811707567110716e-07,0.01244391780346632,0.017545700073242188,9.964335185941309e-05,0.9694759845733643,0.5359547138214111,0.15579283237457275,0.3082524538040161,0.0002527916803956032,1.0,,,,,,,,,,,,,,
,20200,427.78922541944314,24.11935454868762,,,,,,,,,,,,,,,,,,,,,,,,,,
44,20199,,,0.04170999675989151,0.041709937155246735,3.0408205020648893e-07,0.010712534189224243,0.017548561096191406,2.190263148804661e-05,0.9646157026290894,0.5434893369674683,0.15222470462322235,0.30428600311279297,0.0002845965791493654,1.0,,,,,,,,,,,,,,
44,20219,,,0.04628150165081024,0.04628140106797218,4.953720349476498e-07,0.011835401877760887,0.017810821533203125,0.00015248476120177656,0.973479151725769,0.5325822234153748,0.15761689841747284,0.309800922870636,0.00026197684928774834,1.0,,,,,,,,,,,,,,
44,20239,,,0.05140867829322815,0.0514085590839386,5.896591233067738e-07,0.013154705055058002,0.01869678497314453,2.821504313033074e-05,0.9631255865097046,0.5425900220870972,0.1547735333442688,0.30263641476631165,0.0003019713331013918,1.0,,,,,,,,,,,,,,
44,20259,,,0.051533859223127365,0.0515337809920311,3.9281405861402163e-07,0.013108315877616405,0.01674938201904297,2.7391613912186585e-05,0.9587480425834656,0.5554628372192383,0.15159355103969574,0.2929435968399048,0.00022430368699133396,1.0,,,,,,,,,,,,,,
44,20279,,,0.05520240589976311,0.055202335119247437,3.502397305510385e-07,0.014129925519227982,0.019674301147460938,3.59765617758967e-05,0.9604963064193726,0.5420973896980286,0.15128177404403687,0.30662083625793457,0.000328604131937027,1.0,,,,,,,,,,,,,,
44,20299,,,0.04808582738041878,0.04808575659990311,3.4581842101033544e-07,0.01229439489543438,0.01790618896484375,0.0001254148519365117,0.944114089012146,0.5654858350753784,0.14513179659843445,0.28938236832618713,0.0002704295329749584,1.0,,,,,,,,,,,,,,
44,20319,,,0.04374943673610687,0.0437493659555912,3.5529785691323923e-07,0.011242270469665527,0.01892566680908203,7.994606858119369e-05,0.9465770721435547,0.5625122785568237,0.14532548189163208,0.2921622693538666,0.0003033124376088381,1.0,,,,,,,,,,,,,,
44,20339,,,0.05069781467318535,0.05069775879383087,2.829929144354537e-07,0.012911486439406872,0.016890525817871094,0.0005068753380328417,0.9314770102500916,0.5815140008926392,0.13817524909973145,0.2803106904029846,0.00022689555771648884,1.0,,,,,,,,,,,,,,
44,20359,,,0.05443758890032768,0.05443752557039261,3.2471433542013983e-07,0.013971282169222832,0.01938343048095703,7.400673348456621e-05,0.9446747303009033,0.5621638894081116,0.14371809363365173,0.2941180169582367,0.00036040483973920345,1.0,,,,,,,,,,,,,,
44,20379,,,0.05355089157819748,0.05355078727006912,5.263977413960674e-07,0.013616255484521389,0.01684856414794922,3.1503332138527185e-06,0.9623197317123413,0.547510027885437,0.15097029507160187,0.3015197217464447,0.0002284699585288763,1.0,,,,,,,,,,,,,,
,20400,419.4322022437722,24.123088179384617,,,,,,,,,,,,,,,,,,,,,,,,,,
44,20399,,,0.040919601917266846,0.040919508785009384,4.615013722286676e-07,0.01051381230354309,0.01802825927734375,4.459473530005198e-06,0.9587293267250061,0.5470942258834839,0.15085580945014954,0.30204999446868896,0.0002838228829205036,1.0,,,,,,,,,,,,,,
44,20419,,,0.05097385495901108,0.050973787903785706,3.2891685464164766e-07,0.013052168302237988,0.019086837768554688,6.410501555365045e-06,0.9532438516616821,0.5535750389099121,0.1480388194322586,0.29838618636131287,0.0003085760399699211,1.0,,,,,,,,,,,,,,
44,20439,,,0.051244184374809265,0.051244135946035385,2.513147023819329e-07,0.013058677315711975,0.017111778259277344,6.261938324314542e-06,0.9603718519210815,0.5479487180709839,0.14852823317050934,0.30352306365966797,0.0002475057262927294,1.0,,,,,,,,,,,,,,
44,20459,,,0.041047513484954834,0.04104745760560036,2.8526926598715363e-07,0.010527383536100388,0.017370223999023438,0.0001329782244283706,0.9723182320594788,0.5337247848510742,0.1572403609752655,0.30903488397598267,0.0002628457732498646,1.0,,,,,,,,,,,,,,
44,20479,,,0.05167659372091293,0.051676541566848755,2.5274951553910796e-07,0.013181298971176147,0.017953872680664062,5.998986580380006e-06,0.9626100063323975,0.5465390682220459,0.1518525630235672,0.3016083836555481,0.0002620304003357887,1.0,,,,,,,,,,,,,,
44,20499,,,0.04613490775227547,0.04613485932350159,2.457302059610811e-07,0.011801959946751595,0.018995285034179688,1.6270925698336214e-05,0.9638280272483826,0.5443264842033386,0.15232208371162415,0.30335140228271484,0.0002679075114428997,1.0,,,,,,,,,,,,,,
44,20519,,,0.04574289917945862,0.045742832124233246,3.2634306990075856e-07,0.011691833846271038,0.017853736877441406,1.581098149472382e-05,0.9627174139022827,0.5443775653839111,0.15289855003356934,0.30272388458251953,0.0002557931002229452,1.0,,,,,,,,,,,,,,
44,20539,,,0.039342500269412994,0.03934245556592941,2.1899997193486342e-07,0.010118510574102402,0.01741504669189453,8.63822060637176e-05,0.9690333604812622,0.5370204448699951,0.15469498932361603,0.30828461050987244,0.00028115767054259777,1.0,,,,,,,,,,,,,,
44,20559,,,0.05398514121770859,0.05398508906364441,2.5230042410839815e-07,0.01374848186969757,0.016806602478027344,0.0003397861437406391,0.9390671253204346,0.5749803781509399,0.14396467804908752,0.2810549736022949,0.0002454004716128111,1.0,,,,,,,,,,,,,,
44,20579,,,0.0485866442322731,0.04858659952878952,2.2642905150860315e-07,0.01240465510636568,0.017294883728027344,0.0001528167340438813,0.9723528623580933,0.5325993895530701,0.15723773837089539,0.31016287207603455,0.0002549376804381609,1.0,,,,,,,,,,,,,,
,20600,411.20147670443566,24.11956318709644,,,,,,,,,,,,,,,,,,,,,,,,,,
44,20599,,,0.04882904142141342,0.04882897064089775,3.6316981777417823e-07,0.012508269399404526,0.01898193359375,3.607898179325275e-06,0.9543087482452393,0.5525599122047424,0.14942505955696106,0.2980150580406189,0.00030093686655163765,1.0,,,,,,,,,,,,,,
44,20619,,,0.04362024739384651,0.04362019896507263,2.485583934230817e-07,0.011127697303891182,0.01564311981201172,0.00034895361750386655,0.9399654865264893,0.5758940577507019,0.14158666133880615,0.28251931071281433,0.00021565635688602924,1.0,,,,,,,,,,,,,,
44,20639,,,0.049549102783203125,0.04954905062913895,2.537994419071765e-07,0.012731456197798252,0.019399642944335938,5.7119627854262944e-06,0.9534374475479126,0.5528824329376221,0.1500874161720276,0.29703018069267273,0.00034406641498208046,1.0,,,,,,,,,,,,,,
45,20659,,,0.04769326001405716,0.04769321531057358,2.2434323909692466e-07,0.012244902551174164,0.019847869873046875,3.8968057197052985e-05,0.9623430371284485,0.5419610738754272,0.1508597433567047,0.30717918276786804,0.0003208080306649208,1.0,,,,,,,,,,,,,,
45,20679,,,0.04725081846117973,0.047250762581825256,2.7770522592618363e-07,0.012102436274290085,0.018367767333984375,2.7959500584984198e-05,0.952417254447937,0.5572764277458191,0.14785492420196533,0.2948686480522156,0.0002891723997890949,1.0,,,,,,,,,,,,,,
45,20699,,,0.051518514752388,0.051518458873033524,2.742622200457845e-07,0.013165625743567944,0.017737388610839844,4.0175450521928724e-07,0.9564938545227051,0.5493108034133911,0.15084096789360046,0.2998482286930084,0.0002859893720597029,1.0,,,,,,,,,,,,,,
45,20719,,,0.040832869708538055,0.04083282873034477,2.01286297851766e-07,0.010498139075934887,0.018766403198242188,7.426247066177893e-07,0.9538686871528625,0.5511972904205322,0.1495983600616455,0.29920434951782227,0.00028990721330046654,1.0,,,,,,,,,,,,,,
45,20739,,,0.045231785625219345,0.045231737196445465,2.3376246360840014e-07,0.011579876765608788,0.01766490936279297,1.409311607858399e-06,0.9559367299079895,0.5513905882835388,0.1484900414943695,0.3001193404197693,0.00027190218679606915,1.0,,,,,,,,,,,,,,
45,20759,,,0.05416712909936905,0.05416704714298248,4.164268432305107e-07,0.013827559538185596,0.017955780029296875,2.8974743599974317e-06,0.9569738507270813,0.5482687950134277,0.14941701292991638,0.3023141920566559,0.00028571952134370804,1.0,,,,,,,,,,,,,,
45,20779,,,0.04673486948013306,0.04673478752374649,4.0302239767697756e-07,0.01195967011153698,0.017029762268066406,2.559581298555713e-05,0.9542149305343628,0.5567360520362854,0.14872075617313385,0.29454320669174194,0.00027544121257960796,1.0,,,,,,,,,,,,,,
,20800,402.829553258373,24.124347187027066,,,,,,,,,,,,,,,,,,,,,,,,,,
45,20799,,,0.051943402737379074,0.051943328231573105,3.6389599245012505e-07,0.013280673883855343,0.0184478759765625,8.106364839477465e-05,0.965686023235321,0.5373824238777161,0.15482798218727112,0.3077896237373352,0.0002932017669081688,1.0,,,,,,,,,,,,,,
45,20819,,,0.0463331900537014,0.04633314907550812,2.0534187683551863e-07,0.011847877874970436,0.018047332763671875,0.0001962911046575755,0.9776416420936584,0.5301957726478577,0.16043218970298767,0.30937203764915466,0.00026065483689308167,1.0,,,,,,,,,,,,,,
45,20839,,,0.05518162250518799,0.05518156290054321,2.897077706620621e-07,0.014041217975318432,0.017106056213378906,1.6908945781324292e-06,0.9574422836303711,0.5512648224830627,0.1482115089893341,0.30052366852760315,0.00024577858857810497,1.0,,,,,,,,,,,,,,
45,20859,,,0.044851552695035934,0.04485148936510086,3.211391685908893e-07,0.011444772593677044,0.017038345336914062,1.2756368960253894e-05,0.9639110565185547,0.5452675819396973,0.15389516949653625,0.3008372187614441,0.00023162923753261566,1.0,,,,,,,,,,,,,,
45,20879,,,0.04674898460507393,0.04674893617630005,2.513482968424796e-07,0.011963714845478535,0.017676353454589844,8.020835230126977e-05,0.9666035771369934,0.5377870798110962,0.15320026874542236,0.30901265144348145,0.000274864723905921,1.0,,,,,,,,,,,,,,
45,20899,,,0.04601132869720459,0.04601128399372101,2.2993532411419437e-07,0.011787998490035534,0.01843547821044922,4.43444077973254e-05,0.9689387083053589,0.5406278967857361,0.15548567473888397,0.30388641357421875,0.00028427899815142155,1.0,,,,,,,,,,,,,,
45,20919,,,0.05364447087049484,0.053644414991140366,2.7294757387608115e-07,0.01371238473802805,0.01899433135986328,3.2101663236971945e-05,0.9606810808181763,0.5429996252059937,0.15012402832508087,0.30687636137008667,0.0003006246406584978,1.0,,,,,,,,,,,,,,
45,20939,,,0.04305257648229599,0.04305252805352211,2.453826652981661e-07,0.011068097315728664,0.0186004638671875,4.82055293105077e-05,0.9485085010528564,0.5596752762794495,0.14661149680614471,0.29371321201324463,0.00030398881062865257,1.0,,,,,,,,,,,,,,
45,20959,,,0.049129076302051544,0.04912902042269707,2.7658674639496894e-07,0.012509478256106377,0.016414642333984375,0.00044116750359535217,0.9343464374542236,0.5792529582977295,0.1398399919271469,0.2809070348739624,0.00021838583052158356,1.0,,,,,,,,,,,,,,
45,20979,,,0.04170233756303787,0.0417022630572319,3.6589506180462195e-07,0.010670658200979233,0.017681121826171875,0.00015852609067223966,0.9439539313316345,0.5676718950271606,0.14305256307125092,0.28927546739578247,0.00024190358817577362,1.0,,,,,,,,,,,,,,
,21000,394.4313875498337,24.13093962710426,,,,,,,,,,,,,,,,,,,,,,,,,,
45,20999,,,0.04318244010210037,0.04318239539861679,2.1657473325831234e-07,0.011112239211797714,0.01873016357421875,5.135627361596562e-06,0.9504196643829346,0.5518800020217896,0.14681217074394226,0.3013077676296234,0.00031652674078941345,1.0,,,,,,,,,,,,,,
45,20999,,,,,,,,,,,,,,,0.047669969499111176,0.0476699136197567,2.6051313284369826e-07,0.9995696544647217,0.0019535112660378218,0.012193191796541214,0.018832731992006302,0.00014090159675106406,0.9531028866767883,0.554678738117218,0.1466638296842575,0.2986573278903961,0.00027287795091979206,1.0
45,21019,,,0.048002757132053375,0.048002682626247406,3.6629796795750735e-07,0.012259723618626595,0.01700115203857422,0.00016920936468522996,0.9446769952774048,0.5676465034484863,0.14567843079566956,0.2866750955581665,0.00025565014220774174,1.0,,,,,,,,,,,,,,
45,21039,,,0.051585402339696884,0.051585324108600616,3.869321858473995e-07,0.013127569109201431,0.01717662811279297,2.0675416578797012e-07,0.9589542150497437,0.5503454208374023,0.14935755729675293,0.3002970218658447,0.0002312141004949808,1.0,,,,,,,,,,,,,,
45,21059,,,0.04429728537797928,0.04429721087217331,3.6945590409231954e-07,0.011328489519655704,0.016898155212402344,6.971783295739442e-05,0.9512999057769775,0.5611220598220825,0.1478743553161621,0.29100361466407776,0.00025277421809732914,1.0,,,,,,,,,,,,,,
45,21079,,,0.0494978129863739,0.04949772730469704,4.2165223135270935e-07,0.012655406259000301,0.018294334411621094,1.378606066282373e-05,0.96064293384552,0.5455520153045654,0.14980727434158325,0.3046407401561737,0.0002806775737553835,1.0,,,,,,,,,,,,,,
45,21099,,,0.04714305326342583,0.04714298993349075,3.170493982906919e-07,0.012071837671101093,0.01836395263671875,0.0001735986879793927,0.9718196392059326,0.5316568613052368,0.15633514523506165,0.31200796365737915,0.00028260238468647003,1.0,,,,,,,,,,,,,,
46,21119,,,0.049486879259347916,0.04948682337999344,2.782378487609094e-07,0.012651816010475159,0.01787090301513672,0.00019815312407445163,0.9423888325691223,0.5695174932479858,0.14363688230514526,0.2868456244468689,0.00027613318525254726,1.0,,,,,,,,,,,,,,
46,21139,,,0.04323830455541611,0.04323825612664223,2.464311137373443e-07,0.011063885875046253,0.01688671112060547,7.084145181579515e-05,0.9498715996742249,0.5615247488021851,0.14681579172611237,0.291659414768219,0.0002528924960643053,1.0,,,,,,,,,,,,,,
46,21159,,,0.04973152279853821,0.04973146319389343,3.047958330171241e-07,0.012708326801657677,0.018218994140625,3.545083472999977e-06,0.960435152053833,0.5474356412887573,0.15066111087799072,0.30190321803092957,0.0002753753215074539,1.0,,,,,,,,,,,,,,
46,21179,,,0.0404534637928009,0.04045342653989792,1.9092544789600652e-07,0.01037691067904234,0.01738262176513672,3.224393003620207e-05,0.9498038291931152,0.5580297708511353,0.14607390761375427,0.2958962917327881,0.0002628995571285486,1.0,,,,,,,,,,,,,,
,21200,387.44689530852,24.049747495279764,,,,,,,,,,,,,,,,,,,,,,,,,,
46,21199,,,0.04400090500712395,0.04400085657835007,2.341687945772719e-07,0.011242267675697803,0.01693439483642578,1.4251423635869287e-05,0.9561685919761658,0.5544552803039551,0.1503199338912964,0.2952248156070709,0.00024175620637834072,1.0,,,,,,,,,,,,,,
46,21219,,,0.04220680892467499,0.04220675677061081,2.632311861816561e-07,0.010831765830516815,0.017995834350585938,6.972769915591925e-05,0.9466993808746338,0.561697244644165,0.14555588364601135,0.292746901512146,0.00027866940945386887,1.0,,,,,,,,,,,,,,
46,21239,,,0.04329709708690643,0.04329701513051987,4.141375882227294e-07,0.011081697419285774,0.017652511596679688,2.91997057502158e-05,0.9518656730651855,0.5576378107070923,0.14639869332313538,0.29596346616744995,0.00025683874264359474,1.0,,,,,,,,,,,,,,
46,21259,,,0.04710773006081581,0.047107670456171036,3.043628566956613e-07,0.01202049758285284,0.016881942749023438,8.826218981994316e-05,0.9695922136306763,0.5370087623596191,0.15408432483673096,0.3089068830013275,0.000241799745708704,1.0,,,,,,,,,,,,,,
46,21279,,,0.04388769716024399,0.043887633830308914,3.1902840191833093e-07,0.011224805377423763,0.01740550994873047,6.295036291703582e-05,0.9675361514091492,0.5388025641441345,0.1549755036830902,0.30622196197509766,0.0002516217064112425,1.0,,,,,,,,,,,,,,
46,21299,,,0.045731257647275925,0.04573117941617966,3.9927672901285405e-07,0.011745818890631199,0.019786834716796875,6.564499926753342e-05,0.965837299823761,0.5385818481445312,0.15488027036190033,0.3065378665924072,0.0003116913139820099,1.0,,,,,,,,,,,,,,
46,21319,,,0.04500699043273926,0.045006923377513885,3.3245245845137106e-07,0.011507517658174038,0.016948699951171875,5.773682914878009e-06,0.9604054689407349,0.5466177463531494,0.15140679478645325,0.30197542905807495,0.00025565456598997116,1.0,,,,,,,,,,,,,,
46,21339,,,0.043520569801330566,0.04352051764726639,2.5808608938859834e-07,0.011145595461130142,0.01798248291015625,3.7966205468364933e-07,0.9578337669372559,0.5498203039169312,0.1508282721042633,0.29935142397880554,0.0002654450945556164,1.0,,,,,,,,,,,,,,
46,21359,,,0.05016537755727768,0.0501653216779232,2.8425904474715935e-07,0.012813675217330456,0.018222808837890625,1.0589790235826513e-06,0.9580957889556885,0.5498262047767639,0.15133821964263916,0.2988355755805969,0.00027230940759181976,1.0,,,,,,,,,,,,,,
46,21379,,,0.05250147730112076,0.05250144004821777,1.7889807679694059e-07,0.013376799412071705,0.016847610473632812,0.0002637855359353125,0.9393062591552734,0.5727398991584778,0.14143206179141998,0.2858280539512634,0.00024615461006760597,1.0,,,,,,,,,,,,,,
,21400,379.03467313612083,24.055846723884013,,,,,,,,,,,,,,,,,,,,,,,,,,
46,21399,,,0.04951642453670502,0.049516383558511734,2.0493672536758822e-07,0.012651256285607815,0.017444610595703125,1.532247188151814e-05,0.952584981918335,0.5555355548858643,0.14727585017681122,0.29718858003616333,0.000271843746304512,1.0,,,,,,,,,,,,,,
46,21419,,,0.042908549308776855,0.04290848225355148,3.2655486847943394e-07,0.011025727726519108,0.018854141235351562,5.170222721062601e-07,0.9549530148506165,0.5490027666091919,0.15032614767551422,0.3006709814071655,0.0002985796891152859,1.0,,,,,,,,,,,,,,
46,21439,,,0.043697044253349304,0.043696969747543335,3.680908662317961e-07,0.011177454143762589,0.01739215850830078,1.234224509971682e-05,0.9616272449493408,0.5456931591033936,0.15000823140144348,0.3042985796928406,0.0002529460471123457,1.0,,,,,,,,,,,,,,
46,21459,,,0.050812430679798126,0.05081237852573395,2.563352552442666e-07,0.013036452233791351,0.019387245178222656,0.00010227061284240335,0.963947057723999,0.5361406803131104,0.153872549533844,0.3099867105484009,0.0003312996122986078,1.0,,,,,,,,,,,,,,
46,21479,,,0.04876430705189705,0.048764217644929886,4.417148034008278e-07,0.012427128851413727,0.017251014709472656,9.622472134651616e-06,0.9622571468353271,0.5460129976272583,0.15357829630374908,0.30040863156318665,0.00023585953749716282,1.0,,,,,,,,,,,,,,
46,21499,,,0.04517996311187744,0.045179907232522964,2.849721738584776e-07,0.011577220633625984,0.01832103729248047,8.487528475598083e-07,0.9542891979217529,0.5507569909095764,0.14870315790176392,0.30053985118865967,0.0002822133246809244,1.0,,,,,,,,,,,,,,
46,21519,,,0.038201071321964264,0.03820102661848068,2.2541928501595976e-07,0.009804724715650082,0.016927719116210938,1.9119556782243308e-06,0.9608263969421387,0.5486600399017334,0.15190339088439941,0.2994365692138672,0.0002544182352721691,1.0,,,,,,,,,,,,,,
46,21539,,,0.0496913343667984,0.04969126358628273,3.5271904152978095e-07,0.012698630802333355,0.017765045166015625,8.131818321999162e-05,0.9702284932136536,0.5372759103775024,0.15562030673027039,0.30710381269454956,0.0002741711214184761,1.0,,,,,,,,,,,,,,
46,21559,,,0.04434078186750412,0.04434072598814964,2.8576863542184583e-07,0.011365262791514397,0.017118453979492188,9.59276658250019e-05,0.9430439472198486,0.5638443231582642,0.1426999866962433,0.29345571994781494,0.0002781488001346588,1.0,,,,,,,,,,,,,,
47,21579,,,0.03971363231539726,0.03971357271075249,2.9331437190194265e-07,0.010211209766566753,0.018591880798339844,7.827143235772382e-06,0.9531262516975403,0.5539458394050598,0.1482791155576706,0.2977750599384308,0.0002826449926942587,1.0,,,,,,,,,,,,,,
,21600,370.70661104134905,24.056760074897277,,,,,,,,,,,,,,,,,,,,,,,,,,
47,21599,,,0.04348888620734215,0.04348883032798767,2.8827167852796265e-07,0.011136808432638645,0.017810821533203125,8.46039765747264e-05,0.9689401388168335,0.537276566028595,0.1540183275938034,0.3087051212787628,0.0002628946676850319,1.0,,,,,,,,,,,,,,
47,21619,,,0.05210154131054878,0.0521015003323555,2.1038167119513673e-07,0.013296482153236866,0.01717853546142578,0.00010410025424789637,0.9504353404045105,0.5627652406692505,0.1494428664445877,0.2877918481826782,0.00026901508681476116,1.0,,,,,,,,,,,,,,
47,21639,,,0.04325494170188904,0.04325488954782486,2.545286577060324e-07,0.011045469902455807,0.016732215881347656,5.598302959697321e-05,0.9478592872619629,0.5604571104049683,0.14337103068828583,0.2961718440055847,0.00023061526007950306,1.0,,,,,,,,,,,,,,
47,21659,,,0.04166099429130554,0.04166094958782196,2.307051545358263e-07,0.010730794630944729,0.01837444305419922,0.00010648663010215387,0.9679715037345886,0.5356314182281494,0.1549733281135559,0.3093951940536499,0.0003134163562208414,1.0,,,,,,,,,,,,,,
47,21679,,,0.048433899879455566,0.048433851450681686,2.4137941068147484e-07,0.012345791794359684,0.017047882080078125,0.00011740362242562696,0.9749001264572144,0.5347559452056885,0.15627329051494598,0.3089708089828491,0.00023496849462389946,1.0,,,,,,,,,,,,,,
47,21699,,,0.04748498648405075,0.047484926879405975,2.9213146035544924e-07,0.012101590633392334,0.016763687133789062,4.0568585973232985e-05,0.951633870601654,0.5588859915733337,0.14683467149734497,0.2942793667316437,0.00022953283041715622,1.0,,,,,,,,,,,,,,
47,21719,,,0.04129958897829056,0.04129954054951668,2.49269277219355e-07,0.01060483418405056,0.018408775329589844,2.472495543770492e-05,0.9496566653251648,0.5570249557495117,0.14621391892433167,0.29676109552383423,0.00027944264002144337,1.0,,,,,,,,,,,,,,
47,21739,,,0.05079793184995651,0.05079787224531174,2.899129754041496e-07,0.012975979596376419,0.018319129943847656,5.00647074659355e-05,0.9485533237457275,0.5600062012672424,0.14506158232688904,0.2949322462081909,0.00027549522928893566,1.0,,,,,,,,,,,,,,
47,21759,,,0.04285729303956032,0.042857252061367035,2.018842053530534e-07,0.010982192121446133,0.017624855041503906,0.00015044849715195596,0.9427340626716614,0.5672742128372192,0.1427316516637802,0.28999409079551697,0.0002648599911481142,1.0,,,,,,,,,,,,,,
47,21779,,,0.052278783172369,0.05227874964475632,1.6448660744572408e-07,0.013384873978793621,0.018500328063964844,9.937924914993346e-06,0.9541822671890259,0.5543433427810669,0.14869917929172516,0.29695746302604675,0.0003149795811623335,1.0,,,,,,,,,,,,,,
,21800,362.3188947699041,24.061676401216925,,,,,,,,,,,,,,,,,,,,,,,,,,
47,21799,,,0.04008040949702263,0.04008033126592636,3.8997518458927516e-07,0.010255719535052776,0.016874313354492188,0.00017797137843444943,0.9463448524475098,0.5681114196777344,0.14552029967308044,0.28636831045150757,0.00023205764591693878,1.0,,,,,,,,,,,,,,
47,21819,,,0.046620700508356094,0.04662063717842102,3.1950133916325285e-07,0.011890140362083912,0.016063690185546875,0.00013027484237682074,0.9438563585281372,0.5660614967346191,0.14335986971855164,0.2905786633491516,0.0002323593944311142,1.0,,,,,,,,,,,,,,
47,21839,,,0.04487613961100578,0.0448760911822319,2.4149824184860336e-07,0.011509048752486706,0.019455909729003906,0.00023754923313390464,0.974801778793335,0.5286419987678528,0.15691056847572327,0.31444740295410156,0.0002852629404515028,1.0,,,,,,,,,,,,,,
47,21859,,,0.054339755326509476,0.0543397031724453,2.5782333068491425e-07,0.01386835053563118,0.01851940155029297,3.5319055314175785e-05,0.9622266292572021,0.5421895980834961,0.15121689438819885,0.30659347772598267,0.0002827050630003214,1.0,,,,,,,,,,,,,,
47,21879,,,0.049509890377521515,0.04950982332229614,3.3466261584180756e-07,0.012718777172267437,0.018896102905273438,4.473692570172716e-06,0.9581952691078186,0.5474755167961121,0.14987266063690186,0.3026517629623413,0.00034121470525860786,1.0,,,,,,,,,,,,,,
47,21899,,,0.05198860168457031,0.051988549530506134,2.537713896799687e-07,0.013326860964298248,0.019220352172851562,5.923935896134935e-05,0.9673463702201843,0.5391185283660889,0.1556738317012787,0.30520761013031006,0.00032852543517947197,1.0,,,,,,,,,,,,,,
47,21919,,,0.05375377833843231,0.05375371873378754,3.038139197997225e-07,0.013711499981582165,0.017940521240234375,4.3631465814542025e-05,0.9497209787368774,0.5591937303543091,0.14683611690998077,0.29397010803222656,0.00027218274772167206,1.0,,,,,,,,,,,,,,
47,21939,,,0.04519142955541611,0.045191384851932526,2.2417235356897436e-07,0.011579655110836029,0.017960548400878906,2.543449681979837e-06,0.9557795524597168,0.5494427680969238,0.1483859270811081,0.3021713197231293,0.00028174719773232937,1.0,,,,,,,,,,,,,,
47,21959,,,0.04715608060359955,0.04715603217482567,2.412083972558321e-07,0.012071406468749046,0.017940521240234375,9.787849558051676e-05,0.9454161524772644,0.5635756254196167,0.14614373445510864,0.2902805805206299,0.0002804286777973175,1.0,,,,,,,,,,,,,,
47,21979,,,0.04051241651177406,0.04051237553358078,2.0961434188393469e-07,0.010405078530311584,0.018095970153808594,8.37608786241617e-06,0.9615433216094971,0.5459272265434265,0.15238778293132782,0.30168500542640686,0.00027680653147399426,1.0,,,,,,,,,,,,,,
,22000,353.95009772465494,24.06553933663928,,,,,,,,,,,,,,,,,,,,,,,,,,
47,21999,,,0.04941418766975403,0.049414150416851044,1.881464584130299e-07,0.012607578188180923,0.01771068572998047,1.2474516552174464e-05,0.9629859924316406,0.5450470447540283,0.15303580462932587,0.3019171953201294,0.0002537814434617758,1.0,,,,,,,,,,,,,,
47,21999,,,,,,,,,,,,,,,0.04551057144999504,0.045510537922382355,2.07020278253367e-07,0.9996393918991089,0.0020524233113974333,0.011637534014880657,0.01787208393216133,0.0001414473808836192,0.963388979434967,0.5449622869491577,0.15292441844940186,0.30211323499679565,0.0002570600190665573,1.0
47,22019,,,0.041166115552186966,0.041166067123413086,2.4938151454989566e-07,0.010603310540318489,0.018781661987304688,5.311560926202219e-06,0.953971266746521,0.5532351732254028,0.1487252414226532,0.2980395555496216,0.0003116750158369541,1.0,,,,,,,,,,,,,,
48,22039,,,0.04369936138391495,0.04369930922985077,2.694618501664081e-07,0.01119229942560196,0.017330169677734375,0.00015064836770761758,0.9437849521636963,0.5671263933181763,0.14388372004032135,0.2889898717403412,0.00026444578543305397,1.0,,,,,,,,,,,,,,
48,22059,,,0.04045490548014641,0.040454864501953125,2.1077131862057286e-07,0.010453849099576473,0.020242691040039062,2.7129572117701173e-06,0.9548555612564087,0.547776460647583,0.15051069855690002,0.30171287059783936,0.0003400682471692562,1.0,,,,,,,,,,,,,,
48,22079,,,0.042490433901548386,0.042490385472774506,2.3570206053591392e-07,0.01084317546337843,0.016725540161132812,9.087831131182611e-05,0.9512255191802979,0.5629234910011292,0.1468631625175476,0.29021334648132324,0.0002187490463256836,1.0,,,,,,,,,,,,,,
48,22099,,,0.044888731092214584,0.04488867521286011,2.7120714207740093e-07,0.011489396914839745,0.017540931701660156,9.932877219398506e-06,0.9600398540496826,0.5460799932479858,0.15012305974960327,0.3037969768047333,0.0002670150715857744,1.0,,,,,,,,,,,,,,
48,22119,,,0.04591097682714462,0.04591091722249985,2.9313918048501364e-07,0.011778242886066437,0.01820850372314453,1.632097701076418e-05,0.9620455503463745,0.5442911386489868,0.1530497819185257,0.3026590645313263,0.0003001720178872347,1.0,,,,,,,,,,,,,,
48,22139,,,0.05124349519610405,0.05124344304203987,2.6676664788283233e-07,0.013084749691188335,0.017554283142089844,0.0001016081077978015,0.9440915584564209,0.5641930103302002,0.14405688643455505,0.2917500138282776,0.0002718439791351557,1.0,,,,,,,,,,,,,,
48,22159,,,0.038558490574359894,0.03855844587087631,2.2785567921346228e-07,0.009878015145659447,0.01688098907470703,3.1750583730172366e-05,0.9634662866592407,0.5431400537490845,0.14991828799247742,0.3069416284561157,0.00023775710724294186,1.0,,,,,,,,,,,,,,
48,22179,,,0.0567423477768898,0.05674230307340622,2.3099752866073686e-07,0.014434896409511566,0.01785755157470703,5.4960586567176506e-05,0.9688034057617188,0.5396102666854858,0.15397793054580688,0.3064118027687073,0.0002482098061591387,1.0,,,,,,,,,,,,,,
,22200,346.91041449893567,23.977371829595274,,,,,,,,,,,,,,,,,,,,,,,,,,
48,22199,,,0.04990273341536522,0.049902670085430145,3.1098286967790045e-07,0.012732225470244884,0.018239974975585938,2.6634086225385545e-07,0.9606216549873352,0.5493270754814148,0.1500917375087738,0.3005811870098114,0.000256536528468132,1.0,,,,,,,,,,,,,,
48,22219,,,0.04911292344331741,0.04911288619041443,1.851204132208295e-07,0.012560124509036541,0.018207550048828125,1.3593596577265998e-06,0.9568781852722168,0.5516198873519897,0.14945657551288605,0.2989235520362854,0.0002818661741912365,1.0,,,,,,,,,,,,,,
48,22239,,,0.04384205490350723,0.04384201020002365,2.304225716898145e-07,0.011210236698389053,0.017164230346679688,2.1114878109074198e-05,0.9652436375617981,0.5436664819717407,0.15442658960819244,0.301906943321228,0.00024930108338594437,1.0,,,,,,,,,,,,,,
48,22259,,,0.04230262711644173,0.04230257123708725,2.771041920368589e-07,0.010811921209096909,0.016648292541503906,0.00018921720038633794,0.9764144420623779,0.5306756496429443,0.1577250361442566,0.31159934401512146,0.00023247976787388325,1.0,,,,,,,,,,,,,,
48,22279,,,0.04743342474102974,0.047433383762836456,2.0137704836997727e-07,0.012128815054893494,0.018563270568847656,6.595997547265142e-05,0.9665040969848633,0.5390555262565613,0.1524549424648285,0.30848950147628784,0.00026913941837847233,1.0,,,,,,,,,,,,,,
48,22299,,,0.046126753091812134,0.04612670838832855,2.3072388444234093e-07,0.011824437417089939,0.018538475036621094,8.222064934670925e-06,0.9521578550338745,0.5538263916969299,0.1469239890575409,0.2992495894432068,0.0002925849985331297,1.0,,,,,,,,,,,,,,
48,22319,,,0.050333622843027115,0.05033358559012413,1.833909379911347e-07,0.012852821499109268,0.01767253875732422,2.9101670406816993e-06,0.9588986039161682,0.5476289987564087,0.15079954266548157,0.30157148838043213,0.00026935734786093235,1.0,,,,,,,,,,,,,,
48,22339,,,0.04191821441054344,0.04191816970705986,2.2791793696796958e-07,0.010813616216182709,0.018901824951171875,5.655336394738697e-07,0.9567949771881104,0.5490742921829224,0.15091627836227417,0.30000942945480347,0.0003340509720146656,1.0,,,,,,,,,,,,,,
48,22359,,,0.04094971343874931,0.04094964265823364,3.5037643897339876e-07,0.010519379749894142,0.018067359924316406,0.0003520953468978405,0.9746871590614319,0.5244960784912109,0.1564033031463623,0.31910061836242676,0.00027490989305078983,1.0,,,,,,,,,,,,,,
48,22379,,,0.046682339161634445,0.04668227955698967,2.9923708666501625e-07,0.011916921474039555,0.017581939697265625,0.00019964906095992774,0.9785758256912231,0.5300189256668091,0.15978798270225525,0.31019309163093567,0.00024234410375356674,1.0,,,,,,,,,,,,,,
,22400,338.44113817252554,23.98644574898494,,,,,,,,,,,,,,,,,,,,,,,,,,
48,22399,,,0.0432422012090683,0.043242160230875015,2.054464403045131e-07,0.011079912073910236,0.017584800720214844,0.00014852869207970798,0.9715539216995239,0.5330180525779724,0.15594086050987244,0.31104108691215515,0.00026639108546078205,1.0,,,,,,,,,,,,,,
48,22419,,,0.048095595091581345,0.04809555038809776,2.1883076328776951e-07,0.01226822566241026,0.017950057983398438,1.9357710698386654e-05,0.95604407787323,0.5557191371917725,0.149262934923172,0.29501789808273315,0.00024393992498517036,1.0,,,,,,,,,,,,,,
48,22439,,,0.03936665505170822,0.03936661779880524,1.8029217585535662e-07,0.010130921378731728,0.01851367950439453,2.3847524062148295e-05,0.9630906581878662,0.5434696674346924,0.15131905674934387,0.30521127581596375,0.00028878101147711277,1.0,,,,,,,,,,,,,,
48,22459,,,0.047046370804309845,0.04704632610082626,2.2590603521166486e-07,0.012037600390613079,0.018256187438964844,2.6284320483682677e-05,0.9516116380691528,0.5572487711906433,0.1465093195438385,0.2962418794631958,0.00027548219077289104,1.0,,,,,,,,,,,,,,
48,22479,,,0.041875582188367844,0.04187551885843277,3.1115459364627895e-07,0.010763689875602722,0.01826953887939453,8.311477722600102e-05,0.9627470970153809,0.5384464263916016,0.15082117915153503,0.3107324242591858,0.000293131684884429,1.0,,,,,,,,,,,,,,
49,22499,,,0.04990197345614433,0.04990193247795105,2.048463016990354e-07,0.012791682966053486,0.018907546997070312,1.4719726095790975e-05,0.9603509902954102,0.5446646213531494,0.1518132984638214,0.3035220503807068,0.00031589483842253685,1.0,,,,,,,,,,,,,,
49,22519,,,0.04740061238408089,0.04740053415298462,3.9713239630145836e-07,0.012145975604653358,0.01929187774658203,0.000100753728474956,0.9674779176712036,0.5362814664840698,0.1536998450756073,0.3100186884403229,0.0002938073594123125,1.0,,,,,,,,,,,,,,
49,22539,,,0.044649939984083176,0.0446498766541481,3.1277983225663775e-07,0.011452988721430302,0.018747329711914062,3.28890819218941e-05,0.9630240797996521,0.5419467091560364,0.15319496393203735,0.30485838651657104,0.0002898457460105419,1.0,,,,,,,,,,,,,,
49,22559,,,0.04737722501158714,0.04737716168165207,3.1391721222462365e-07,0.012134191580116749,0.01821422576904297,2.9807377359247766e-05,0.9644296169281006,0.5422988533973694,0.1533706784248352,0.3043304681777954,0.0002892890479415655,1.0,,,,,,,,,,,,,,
49,22579,,,0.04710289463400841,0.04710282385349274,3.4671171533773304e-07,0.012036818079650402,0.017477035522460938,3.940373005661968e-07,0.9592137336730957,0.5491167306900024,0.1503647267818451,0.30051857233047485,0.00026108697056770325,1.0,,,,,,,,,,,,,,
,22600,330.0881847193027,23.987529292310885,,,,,,,,,,,,,,,,,,,,,,,,,,
49,22599,,,0.039336420595645905,0.03933636471629143,2.8437870014386135e-07,0.01016896590590477,0.01966571807861328,0.00020339692127890885,0.9684464335441589,0.5308772325515747,0.15400846302509308,0.3151143193244934,0.000330792972818017,1.0,,,,,,,,,,,,,,
49,22619,,,0.046502675861120224,0.04650261998176575,2.774184224563214e-07,0.011897587217390537,0.017795562744140625,0.00019796918786596507,0.9724781513214111,0.5304657220840454,0.15648654103279114,0.31304776668548584,0.00026795919984579086,1.0,,,,,,,,,,,,,,
49,22639,,,0.046161212027072906,0.04616117477416992,1.916107379429377e-07,0.011841745115816593,0.01855754852294922,0.0003385443123988807,0.9773082733154297,0.5240229368209839,0.16168099641799927,0.3142961263656616,0.00029467162676155567,1.0,,,,,,,,,,,,,,
49,22659,,,0.040783099830150604,0.04078304022550583,3.040382807739661e-07,0.010469111613929272,0.01733684539794922,3.3620242447796045e-06,0.9605274200439453,0.5474905967712402,0.15068881213665009,0.3018205761909485,0.000273269833996892,1.0,,,,,,,,,,,,,,
49,22679,,,0.04643455892801285,0.046434491872787476,3.3853081049528555e-07,0.011877663433551788,0.018568992614746094,5.360544309951365e-05,0.9679728746414185,0.5398370623588562,0.1533656120300293,0.3067973256111145,0.0002679515164345503,1.0,,,,,,,,,,,,,,
49,22699,,,0.04084479436278343,0.040844742208719254,2.5177985207847087e-07,0.010490555316209793,0.01781940460205078,6.44150932203047e-05,0.9660549163818359,0.5390344262123108,0.15294507145881653,0.3080204725265503,0.00027806847356259823,1.0,,,,,,,,,,,,,,
49,22719,,,0.043802883476018906,0.04380282759666443,2.8619746217373176e-07,0.011243090033531189,0.018815994262695312,6.330064479698194e-06,0.9630277156829834,0.5468659400939941,0.15302591025829315,0.3001081347465515,0.00029224297031760216,1.0,,,,,,,,,,,,,,
49,22739,,,0.046975746750831604,0.04697570204734802,2.2593143000904092e-07,0.012008698657155037,0.017486572265625,8.248217636719346e-05,0.9707196950912476,0.537205696105957,0.15542104840278625,0.3073732256889343,0.0002631125971674919,1.0,,,,,,,,,,,,,,
49,22759,,,0.03921489417552948,0.039214830845594406,3.1136568168221856e-07,0.010056782513856888,0.01735210418701172,5.8251822338206694e-05,0.953662633895874,0.55973219871521,0.14917632937431335,0.2910915017127991,0.0002518936526030302,1.0,,,,,,,,,,,,,,
49,22779,,,0.04344110190868378,0.043441031128168106,3.5117523111694027e-07,0.011151461862027645,0.018695831298828125,0.0001334908592980355,0.9397236704826355,0.566315770149231,0.14107853174209595,0.2926056981086731,0.0002885162830352783,1.0,,,,,,,,,,,,,,
,22800,321.64081286583377,23.995711026944253,,,,,,,,,,,,,,,,,,,,,,,,,,
49,22799,,,0.04421535134315491,0.044215284287929535,3.407772055652458e-07,0.011382211931049824,0.019410133361816406,5.150864126335364e-06,0.95132976770401,0.5519752502441406,0.14682146906852722,0.30120331048965454,0.0003282709512859583,1.0,,,,,,,,,,,,,,
49,22819,,,0.04425846412777901,0.04425840079784393,3.2431472618554835e-07,0.011323896236717701,0.016820907592773438,1.557996256451588e-05,0.9556689262390137,0.5555326342582703,0.14787596464157104,0.2965914309024811,0.00025896821171045303,1.0,,,,,,,,,,,,,,
49,22839,,,0.04507174715399742,0.04507162421941757,6.10165102443716e-07,0.011536835692822933,0.016776084899902344,1.9794567833741894e-06,0.9617780447006226,0.5480716228485107,0.15138870477676392,0.30053964257240295,0.0002688595559448004,1.0,,,,,,,,,,,,,,
49,22859,,,0.043339889496564865,0.04333982616662979,3.158718300255714e-07,0.011098159477114677,0.017800331115722656,2.5137801458186004e-06,0.9619805216789246,0.5489267110824585,0.1522415578365326,0.2988317608833313,0.00026313704438507557,1.0,,,,,,,,,,,,,,
49,22879,,,0.0355781614780426,0.035578079521656036,4.034507696815126e-07,0.009195654653012753,0.0188140869140625,1.2093786608602386e-05,0.9590221643447876,0.5453778505325317,0.15085595846176147,0.3037662208080292,0.0003008721396327019,1.0,,,,,,,,,,,,,,
49,22899,,,0.04608979448676109,0.04608975350856781,2.0415910739757237e-07,0.011737636290490627,0.016547203063964844,3.615644891397096e-05,0.968415379524231,0.5415346026420593,0.15493085980415344,0.30353453755378723,0.00021446426399052143,1.0,,,,,,,,,,,,,,
49,22919,,,0.040819935500621796,0.04081987589597702,3.061017537220323e-07,0.010505790822207928,0.019359588623046875,1.5525058188359253e-05,0.95942223072052,0.5448132753372192,0.1508295238018036,0.3043571710586548,0.00030049681663513184,1.0,,,,,,,,,,,,,,
49,22939,,,0.04126691445708275,0.04126686975359917,2.157391634227679e-07,0.010575340129435062,0.017066001892089844,2.7724883693736047e-05,0.9637106657028198,0.542563796043396,0.15337969362735748,0.3040564954280853,0.00025805667974054813,1.0,,,,,,,,,,,,,,
50,22959,,,0.043519213795661926,0.043519165366888046,2.3599011456099106e-07,0.011157006025314331,0.01773357391357422,5.6973774917423725e-05,0.9514257907867432,0.5598993301391602,0.14850914478302002,0.2915915548801422,0.0002760628703981638,1.0,,,,,,,,,,,,,,
50,22979,,,0.04147676005959511,0.041476719081401825,1.9927028915844858e-07,0.010624579153954983,0.01763439178466797,7.14812777005136e-05,0.965831458568573,0.5383251905441284,0.1536022573709488,0.308072566986084,0.00025395932607352734,1.0,,,,,,,,,,,,,,
,23000,313.2109823924888,24.002989750145783,,,,,,,,,,,,,,,,,,,,,,,,,,
50,22999,,,0.047121256589889526,0.04712121933698654,1.879962354678355e-07,0.012032387778162956,0.017467498779296875,0.00021776002540718764,0.9746230840682983,0.5292466878890991,0.1584753841161728,0.3122779428958893,0.00024771876633167267,1.0,,,,,,,,,,,,,,
50,22999,,,,,,,,,,,,,,,0.044251974672079086,0.0442519448697567,1.87835439646733e-07,0.9996527433395386,0.0018051434308290482,0.011323411948978901,0.01750606670975685,0.00031758740078657866,0.9746705889701843,0.5306665897369385,0.1574239581823349,0.31190943717956543,0.0002540657587815076,1.0
50,23019,,,0.0424564853310585,0.042456433176994324,2.699418644169782e-07,0.010898532345890999,0.017508506774902344,2.3012064048089087e-05,0.9538045525550842,0.5561564564704895,0.14938987791538239,0.2944536507129669,0.0002839507069438696,1.0,,,,,,,,,,,,,,
50,23039,,,0.04566483944654465,0.04566478729248047,2.516232200377999e-07,0.011697007343173027,0.01839923858642578,1.1447379222317977e-07,0.958899736404419,0.5495413541793823,0.15034741163253784,0.30011120438575745,0.00028079492039978504,1.0,,,,,,,,,,,,,,
50,23059,,,0.04313550144433975,0.04313545674085617,2.225682749212865e-07,0.011075250804424286,0.018485069274902344,4.7397952585015446e-05,0.9486655592918396,0.5596588850021362,0.1462317556142807,0.2941093146800995,0.00029042758978903294,1.0,,,,,,,,,,,,,,
50,23079,,,0.04015335440635681,0.04015330970287323,2.3175338981218374e-07,0.010320531204342842,0.01831340789794922,6.394102820195258e-05,0.9663890600204468,0.5391732454299927,0.15258540213108063,0.3082413673400879,0.0002809136640280485,1.0,,,,,,,,,,,,,,
50,23099,,,0.04281220585107803,0.042812131345272064,3.791708991229825e-07,0.010930581949651241,0.01604461669921875,0.0001264449383597821,0.9462997913360596,0.565504789352417,0.1453084647655487,0.2891867756843567,0.0002250014804303646,1.0,,,,,,,,,,,,,,
50,23119,,,0.04311816394329071,0.04311810061335564,3.107623740561394e-07,0.011074887588620186,0.01868724822998047,7.61031114961952e-05,0.969829261302948,0.5377875566482544,0.15459054708480835,0.3076218366622925,0.0002938241232186556,1.0,,,,,,,,,,,,,,
50,23139,,,0.043815165758132935,0.04381510987877846,2.8579802346939687e-07,0.011171981692314148,0.01636791229248047,9.710268386697862e-06,0.9597561955451965,0.5527315139770508,0.15162917971611023,0.2956393361091614,0.00021799630485475063,1.0,,,,,,,,,,,,,,
50,23159,,,0.0434810146689415,0.04348097741603851,1.8649416233529337e-07,0.01113058440387249,0.01775074005126953,6.393207740984508e-07,0.9568119049072266,0.5506472587585449,0.14887338876724243,0.30047935247421265,0.0002603183966130018,1.0,,,,,,,,,,,,,,
50,23179,,,0.03972754254937172,0.03972749784588814,2.1519247184187407e-07,0.010205521248281002,0.017316818237304688,0.00017892225878313184,0.9424694180488586,0.568518877029419,0.1440829336643219,0.28739815950393677,0.00027005700394511223,1.0,,,,,,,,,,,,,,
,23200,305.9198228483311,23.921300463187432,,,,,,,,,,,,,,,,,,,,,,,,,,
50,23199,,,0.04583773389458656,0.045837678015232086,2.726364414229465e-07,0.011773243546485901,0.018973350524902344,5.445297574624419e-05,0.946295440196991,0.5604214668273926,0.14526301622390747,0.29431554675102234,0.00031272112391889095,1.0,,,,,,,,,,,,,,
50,23219,,,0.04092003405094147,0.040919989347457886,2.2854419512441382e-07,0.010495046153664589,0.017601966857910156,1.651516868150793e-05,0.9516640305519104,0.555033266544342,0.1450807750225067,0.29988592863082886,0.0002647077199071646,1.0,,,,,,,,,,,,,,
50,23239,,,0.04292738437652588,0.042927335947752,2.4060454961727373e-07,0.010999561287462711,0.01752758026123047,2.507102908566594e-05,0.9557268619537354,0.5561537742614746,0.14995703101158142,0.2938891649246216,0.0002672134432941675,1.0,,,,,,,,,,,,,,
50,23259,,,0.04011310636997223,0.04011305421590805,2.5925049840225256e-07,0.010348906740546227,0.018865585327148438,6.130287511041388e-05,0.9635165929794312,0.5392948389053345,0.15290233492851257,0.30780285596847534,0.0003194045275449753,1.0,,,,,,,,,,,,,,
50,23279,,,0.036255937069654465,0.036255888640880585,2.3525907977273164e-07,0.009379959665238857,0.017948150634765625,0.0005701070185750723,0.9278656244277954,0.5832058787345886,0.13870631158351898,0.2780878245830536,0.0003045732155442238,1.0,,,,,,,,,,,,,,
50,23299,,,0.044531673192977905,0.044531628489494324,2.1508046188500884e-07,0.011371553875505924,0.016282081604003906,8.315153536386788e-05,0.9489239454269409,0.5626887083053589,0.1456492841243744,0.29166197776794434,0.00023697293363511562,1.0,,,,,,,,,,,,,,
50,23319,,,0.042994990944862366,0.042994946241378784,2.3149492278662365e-07,0.011009170673787594,0.018077850341796875,7.03659825376235e-05,0.9471738338470459,0.5618630051612854,0.14409883320331573,0.29403817653656006,0.0002590157091617584,1.0,,,,,,,,,,,,,,
50,23339,,,0.04550761729478836,0.04550757259130478,2.2165349378155952e-07,0.011669489555060863,0.018194198608398438,4.166379221715033e-05,0.9479295611381531,0.5591258406639099,0.14525018632411957,0.2956239581108093,0.0002917521633207798,1.0,,,,,,,,,,,,,,
50,23359,,,0.04410224407911301,0.04410219565033913,2.332058528509151e-07,0.011273604817688465,0.017986297607421875,2.4907770068693935e-08,0.9600659608840942,0.5500324964523315,0.14979253709316254,0.3001750111579895,0.00024804286658763885,1.0,,,,,,,,,,,,,,
50,23379,,,0.03977900743484497,0.039778970181941986,1.9392271610740863e-07,0.010282027535140514,0.018659591674804688,8.955397788668051e-06,0.9565295577049255,0.5468373894691467,0.14914579689502716,0.30401676893234253,0.0003370968624949455,1.0,,,,,,,,,,,,,,
,23400,297.3874444766622,23.93510597774612,,,,,,,,,,,,,,,,,,,,,,,,,,
50,23399,,,0.041757166385650635,0.04175712168216705,2.3139627103319071e-07,0.01072293147444725,0.01856708526611328,7.815564231350436e-07,0.956206202507019,0.5490814447402954,0.1511937975883484,0.2997247576713562,0.00028362427838146687,1.0,,,,,,,,,,,,,,
51,23419,,,0.042172353714704514,0.04217229411005974,3.0009010743015097e-07,0.010749610140919685,0.015961647033691406,1.8513561371946707e-05,0.9674762487411499,0.5441329479217529,0.15153571963310242,0.3043312728404999,0.00020615174435079098,1.0,,,,,,,,,,,,,,
51,23439,,,0.043337006121873856,0.043336957693099976,2.4970569256765884e-07,0.01111165527254343,0.01835918426513672,7.657517926418222e-06,0.9604908227920532,0.5466314554214478,0.15340936183929443,0.29995912313461304,0.00027725030668079853,1.0,,,,,,,,,,,,,,
51,23459,,,0.040183063596487045,0.04018302634358406,1.8304081095266156e-07,0.010278736241161823,0.01728534698486328,3.318623930681497e-05,0.9515897035598755,0.5581077337265015,0.14525485038757324,0.2966374158859253,0.00023230700753629208,1.0,,,,,,,,,,,,,,
51,23479,,,0.046673282980918884,0.046673208475112915,3.7125028029549867e-07,0.011928790248930454,0.01752948760986328,0.00023949670139700174,0.943620502948761,0.5706703662872314,0.14589354395866394,0.2834360897541046,0.00025567994453012943,1.0,,,,,,,,,,,,,,
51,23499,,,0.039342544972896576,0.0393424928188324,2.694385727863846e-07,0.010115736164152622,0.017533302307128906,1.629057624086272e-05,0.9616533517837524,0.5445641279220581,0.1512097865343094,0.3042260408401489,0.00027977372519671917,1.0,,,,,,,,,,,,,,
51,23519,,,0.03943044692277908,0.0394304022192955,2.297606300771804e-07,0.010113883763551712,0.01782512664794922,1.2796471082765493e-06,0.9566277265548706,0.5508716702461243,0.14840242266654968,0.30072587728500366,0.00025624665431678295,1.0,,,,,,,,,,,,,,
51,23539,,,0.04375680536031723,0.04375674948096275,2.744552602962358e-07,0.011189882643520832,0.017640113830566406,9.753572157933377e-06,0.9548184871673584,0.5543168783187866,0.14865021407604218,0.2970329523086548,0.0002504859585314989,1.0,,,,,,,,,,,,,,
51,23559,,,0.03707471117377281,0.03707466274499893,2.3432082230101514e-07,0.009530184790492058,0.0173187255859375,4.5425444113789126e-05,0.949008584022522,0.5594826936721802,0.14609366655349731,0.2944236695766449,0.00026059849187731743,1.0,,,,,,,,,,,,,,
51,23579,,,0.041135743260383606,0.04113568365573883,2.979866451369162e-07,0.010528253391385078,0.01740741729736328,2.287169627379626e-05,0.9633017778396606,0.5432699918746948,0.15278372168540955,0.30394625663757324,0.0002438605297356844,1.0,,,,,,,,,,,,,,
,23600,289.0092109339256,23.936953350533937,,,,,,,,,,,,,,,,,,,,,,,,,,
51,23599,,,0.04060102254152298,0.0406009741127491,2.468901243446453e-07,0.010431166738271713,0.018212318420410156,0.00019873538985848427,0.9756864309310913,0.5303207635879517,0.157073974609375,0.31260526180267334,0.0002769364509731531,1.0,,,,,,,,,,,,,,
51,23619,,,0.047184836119413376,0.047184787690639496,2.3534371962341538e-07,0.012095227837562561,0.018738746643066406,6.631619180552661e-05,0.964500904083252,0.5390822291374207,0.152284637093544,0.30863314867019653,0.000297692371532321,1.0,,,,,,,,,,,,,,
51,23639,,,0.03872225806117058,0.0387222059071064,2.569688604125986e-07,0.009969741106033325,0.01781749725341797,1.3744049283559434e-05,0.9636555910110474,0.5448995232582092,0.15360139310359955,0.30149906873703003,0.0002889020834118128,1.0,,,,,,,,,,,,,,
51,23659,,,0.04402371123433113,0.04402364790439606,3.081377712987887e-07,0.01130506582558155,0.019377708435058594,8.498402621626155e-07,0.9581480026245117,0.5490076541900635,0.1512284278869629,0.299763947725296,0.0002991210203617811,1.0,,,,,,,,,,,,,,
51,23679,,,0.04083968326449394,0.04083964228630066,2.0628212382689526e-07,0.010508647188544273,0.01873302459716797,9.738534572534263e-05,0.9443191289901733,0.563924252986908,0.14385293424129486,0.292222797870636,0.0002967782784253359,1.0,,,,,,,,,,,,,,
51,23699,,,0.047287508845329285,0.0472874641418457,2.2379664699201385e-07,0.012085996568202972,0.017373085021972656,0.0001756117562763393,0.9402239322662354,0.5685887932777405,0.1427697241306305,0.2886415123939514,0.0002606071066111326,1.0,,,,,,,,,,,,,,
51,23719,,,0.039525605738162994,0.03952556475996971,1.9866844525040506e-07,0.010157156735658646,0.017551422119140625,5.48947923562082e-07,0.9584382176399231,0.549896240234375,0.15095484256744385,0.29914891719818115,0.00027574412524700165,1.0,,,,,,,,,,,,,,
51,23739,,,0.04147488623857498,0.041474830359220505,2.783903028102941e-07,0.01063136663287878,0.017029762268066406,3.437317718635313e-05,0.9648734331130981,0.5418323278427124,0.15284815430641174,0.3053194582462311,0.00026195752434432507,1.0,,,,,,,,,,,,,,
51,23759,,,0.041847024112939835,0.04184698313474655,2.0767092223650252e-07,0.010776432231068611,0.01939678192138672,0.00021956043201498687,0.9754613637924194,0.529298722743988,0.15753400325775146,0.3131672739982605,0.00031028524972498417,1.0,,,,,,,,,,,,,,
51,23779,,,0.045988939702510834,0.045988887548446655,2.5264367309318914e-07,0.011797421611845493,0.018873214721679688,2.649153975653462e-05,0.9634581804275513,0.54274582862854,0.1541467308998108,0.30310744047164917,0.000299657229334116,1.0,,,,,,,,,,,,,,
,23800,280.5396831030362,23.94670132115542,,,,,,,,,,,,,,,,,,,,,,,,,,
51,23799,,,0.04204628989100456,0.042046237736940384,2.638094542817271e-07,0.010781400837004185,0.018505096435546875,1.767850699252449e-05,0.9532202482223511,0.5559152364730835,0.1475670337677002,0.2965177297592163,0.00026947492733597755,1.0,,,,,,,,,,,,,,
51,23819,,,0.05086486041545868,0.050864819437265396,2.077975693737244e-07,0.01297400426119566,0.017015457153320312,0.00015032586816232651,0.9714027047157288,0.5333406925201416,0.1541655957698822,0.3124937117099762,0.00025478238239884377,1.0,,,,,,,,,,,,,,
51,23839,,,0.03642238676548004,0.03642231225967407,3.6622571997213527e-07,0.009427023120224476,0.01947021484375,3.0462322683888488e-05,0.9511164426803589,0.5571731328964233,0.14907865226268768,0.29374825954437256,0.00032081734389066696,1.0,,,,,,,,,,,,,,
51,23859,,,0.04494506120681763,0.044945020228624344,1.9854837773891632e-07,0.011496992781758308,0.016730308532714844,0.00014639919390901923,0.9440568685531616,0.566938042640686,0.14363467693328857,0.289427250623703,0.00025779963470995426,1.0,,,,,,,,,,,,,,
52,23879,,,0.05136838182806969,0.0513683445751667,1.8534807111336704e-07,0.013120176270604134,0.0179595947265625,3.6421133700059727e-06,0.9564136266708374,0.5526350736618042,0.14918795228004456,0.29817700386047363,0.00027800770476460457,1.0,,,,,,,,,,,,,,
52,23899,,,0.03590906783938408,0.0359090231359005,2.325823231785762e-07,0.009263855405151844,0.01819133758544922,1.1119966529804515e-06,0.9576632976531982,0.551484227180481,0.14938348531723022,0.29913225769996643,0.00028656586073338985,1.0,,,,,,,,,,,,,,
52,23919,,,0.04565725848078728,0.045657217502593994,2.0844935022523714e-07,0.011641278862953186,0.017500877380371094,1.4907520835549803e-06,0.9586716294288635,0.5517240762710571,0.14922061562538147,0.2990553379058838,0.00022693420760333538,1.0,,,,,,,,,,,,,,
52,23939,,,0.04195360466837883,0.041953567415475845,1.9221067759644939e-07,0.010758674703538418,0.01749134063720703,5.284369035507552e-05,0.9494105577468872,0.560238242149353,0.14568659663200378,0.2940751314163208,0.0002692167181521654,1.0,,,,,,,,,,,,,,
52,23959,,,0.03973480314016342,0.03973475843667984,2.167528805330221e-07,0.010218661278486252,0.017775535583496094,4.254457599017769e-05,0.9641029834747314,0.5409190654754639,0.15313720703125,0.3059437572956085,0.00028410996310412884,1.0,,,,,,,,,,,,,,
52,23979,,,0.04178142920136452,0.04178138077259064,2.3514935776347556e-07,0.010715923272073269,0.018497467041015625,2.884533751057461e-05,0.9636427164077759,0.5428467392921448,0.15136505663394928,0.30578821897506714,0.0002699890173971653,1.0,,,,,,,,,,,,,,
,24000,272.10251379367634,23.954207218174837,,,,,,,,,,,,,,,,,,,,,,,,,,
52,23999,,,0.0389368012547493,0.038936764001846313,1.804682767669874e-07,0.009990716353058815,0.01754283905029297,0.00010121048399014398,0.9460390210151672,0.5638352036476135,0.14595574140548706,0.2902090549468994,0.0002544920425862074,1.0,,,,,,,,,,,,,,
52,23999,,,,,,,,,,,,,,,0.04262210801243782,0.042622074484825134,1.9356791369773418e-07,0.9996308088302612,0.002077151322737336,0.010914918966591358,0.017574453726410866,0.0002529226476326585,0.9460169672966003,0.5652505159378052,0.1460835039615631,0.2886659502983093,0.00025433406699448824,1.0
52,24019,,,0.044833965599536896,0.044833920896053314,2.2086186390879448e-07,0.011475092731416225,0.01756763458251953,0.00014772724534850568,0.9712377786636353,0.5333456993103027,0.15464377403259277,0.3120104670524597,0.00026364694349467754,1.0,,,,,,,,,,,,,,
52,24039,,,0.03969637677073479,0.0396963432431221,1.7028452248268877e-07,0.010201238095760345,0.01746082305908203,9.815771591092926e-06,0.9619801044464111,0.5455700159072876,0.15214326977729797,0.30228668451309204,0.0002769471611827612,1.0,,,,,,,,,,,,,,
52,24059,,,0.05361977964639664,0.053619738668203354,2.1061923405341076e-07,0.013662006705999374,0.017992019653320312,5.936325032962486e-05,0.9684953093528748,0.539106011390686,0.1556350439786911,0.30525898933410645,0.0002558743581175804,1.0,,,,,,,,,,,,,,
52,24079,,,0.04633739963173866,0.04633735865354538,2.0146264034792694e-07,0.01184200681746006,0.017747879028320312,0.00015956549032125622,0.9440164566040039,0.5669732093811035,0.1463383585214615,0.2866883873939514,0.0002544657327234745,1.0,,,,,,,,,,,,,,
52,24099,,,0.04221736639738083,0.04221732169389725,2.1609332634398015e-07,0.010848024860024452,0.01906871795654297,4.457566683413461e-05,0.9457169771194458,0.55857253074646,0.1422863006591797,0.29914113879203796,0.00029279175214469433,1.0,,,,,,,,,,,,,,
52,24119,,,0.04280824586749077,0.042808204889297485,2.0541142475849483e-07,0.010923449881374836,0.016948699951171875,4.0773258660919964e-05,0.9529712200164795,0.5589423179626465,0.14661800861358643,0.2944397032260895,0.0002205725759267807,1.0,,,,,,,,,,,,,,
52,24139,,,0.03996020928025246,0.03996016085147858,2.3414104077801312e-07,0.010308591648936272,0.01979351043701172,2.0911197395889758e-07,0.9548423886299133,0.5504779815673828,0.150138258934021,0.2993837594985962,0.0003185353707522154,1.0,,,,,,,,,,,,,,
52,24159,,,0.04813509061932564,0.04813505336642265,1.9421813135522825e-07,0.01236659660935402,0.019072532653808594,0.00012275276822037995,0.9673614501953125,0.5346331596374512,0.15503308176994324,0.3103337585926056,0.00033036922104656696,1.0,,,,,,,,,,,,,,
52,24179,,,0.04476798698306084,0.04476793855428696,2.3349640798642213e-07,0.011466986499726772,0.018477439880371094,1.867917671916075e-05,0.9495437145233154,0.5561120510101318,0.1469770073890686,0.29691100120544434,0.00027461606077849865,1.0,,,,,,,,,,,,,,
,24200,264.6109060503345,23.876566897050665,,,,,,,,,,,,,,,,,,,,,,,,,,
52,24199,,,0.04745634272694588,0.04745621979236603,6.216999395292078e-07,0.012094824574887753,0.016569137573242188,1.1293142961221747e-05,0.9545483589172363,0.5547240972518921,0.14808738231658936,0.29718855023384094,0.000230513047426939,1.0,,,,,,,,,,,,,,
52,24219,,,0.04115467891097069,0.041154615581035614,3.1557360102851817e-07,0.010559609159827232,0.01793384552001953,4.615386842488078e-06,0.9605224132537842,0.5470243692398071,0.150956392288208,0.3020191788673401,0.0002708474639803171,1.0,,,,,,,,,,,,,,
52,24239,,,0.044737573713064194,0.044737521559000015,2.613879814816755e-07,0.01144354697316885,0.017742156982421875,5.95150631852448e-05,0.9502986669540405,0.5607927441596985,0.14598573744297028,0.29322153329849243,0.00025796331465244293,1.0,,,,,,,,,,,,,,
52,24259,,,0.04119995981454849,0.04119991511106491,2.1476861888913845e-07,0.010590487159788609,0.018380165100097656,3.955163720092969e-06,0.9539322853088379,0.5527905225753784,0.14830055832862854,0.29890894889831543,0.0002904178109019995,1.0,,,,,,,,,,,,,,
52,24279,,,0.04322914406657219,0.04322909563779831,2.3567616835862282e-07,0.011098754592239857,0.018815994262695312,8.718689059605822e-06,0.9617939591407776,0.5458403825759888,0.152398020029068,0.30176156759262085,0.0002912944182753563,1.0,,,,,,,,,,,,,,
52,24299,,,0.03635204955935478,0.0363520011305809,2.417508824237302e-07,0.009375536814332008,0.01881122589111328,1.912343577714637e-06,0.9563169479370117,0.5518739819526672,0.14857858419418335,0.2995474338531494,0.00028748600743710995,1.0,,,,,,,,,,,,,,
52,24319,,,0.04482081159949303,0.044820770621299744,2.0713537196570542e-07,0.011420571245253086,0.016320228576660156,3.3402011467842385e-05,0.9526601433753967,0.5581632852554321,0.14626994729042053,0.29556676745414734,0.00021469988860189915,1.0,,,,,,,,,,,,,,
53,24339,,,0.04718944802880287,0.04718940332531929,2.1910142322667525e-07,0.012079402804374695,0.01859569549560547,2.057407527900068e-06,0.9552380442619324,0.5520164966583252,0.1488010287284851,0.2991824150085449,0.00028200005181133747,1.0,,,,,,,,,,,,,,
53,24359,,,0.04134137183427811,0.04134130850434303,3.1922988341648306e-07,0.010616782121360302,0.018593788146972656,5.765563400927931e-06,0.955183744430542,0.5532668828964233,0.14916902780532837,0.2975640892982483,0.00028132391162216663,1.0,,,,,,,,,,,,,,
53,24379,,,0.04955557733774185,0.04955552890896797,2.4859934910637094e-07,0.012656665407121181,0.01750659942626953,0.00020894789486192167,0.9418630003929138,0.5701977014541626,0.14263272285461426,0.28716957569122314,0.00026359246112406254,1.0,,,,,,,,,,,,,,
,24400,256.12598779132895,23.886681912904752,,,,,,,,,,,,,,,,,,,,,,,,,,
53,24399,,,0.03779328614473343,0.03779321536421776,3.484935859887628e-07,0.009693149477243423,0.016915321350097656,0.00016125976981129497,0.9451439380645752,0.5677948594093323,0.14319953322410583,0.2890056371688843,0.00024160300381481647,1.0,,,,,,,,,,,,,,
53,24419,,,0.03216882795095444,0.032168757170438766,3.462694166955771e-07,0.008355310186743736,0.01915264129638672,2.2238637029659003e-05,0.9613087773323059,0.5438940525054932,0.15073004364967346,0.3053759038448334,0.0003126582596451044,1.0,,,,,,,,,,,,,,
53,24439,,,0.047834526747465134,0.047834474593400955,2.6710497991189186e-07,0.012230264954268932,0.017540931701660156,2.145867483704933e-06,0.9555989503860474,0.5514875650405884,0.15050485730171204,0.2980075478553772,0.00027159065939486027,1.0,,,,,,,,,,,,,,
53,24459,,,0.04518738016486168,0.04518730938434601,3.53555179799514e-07,0.011569172143936157,0.017671585083007812,1.078667992260307e-05,0.9621641635894775,0.5454272031784058,0.151581272482872,0.30299150943756104,0.000272111501544714,1.0,,,,,,,,,,,,,,
53,24479,,,0.043483905494213104,0.043483853340148926,2.644908363436116e-07,0.011148419231176376,0.018182754516601562,0.00012893025996163487,0.9430366158485413,0.5657260417938232,0.1449502408504486,0.28932374715805054,0.00027486402541399,1.0,,,,,,,,,,,,,,
53,24499,,,0.03456638753414154,0.03456634655594826,2.1096835212119913e-07,0.008906298317015171,0.01767444610595703,0.00010381483298260719,0.9458343982696533,0.5642746686935425,0.14456483721733093,0.2911604642868042,0.00026262481696903706,1.0,,,,,,,,,,,,,,
53,24519,,,0.04252888634800911,0.04252883791923523,2.3562552087241784e-07,0.010865451768040657,0.016675949096679688,7.063187513267621e-05,0.9495745301246643,0.5614269971847534,0.14711764454841614,0.29145532846450806,0.0002318178303539753,1.0,,,,,,,,,,,,,,
53,24539,,,0.03573576360940933,0.03573571890592575,2.2101055208167963e-07,0.009209990501403809,0.0184783935546875,0.0002656958531588316,0.976571798324585,0.5273436903953552,0.15764543414115906,0.3150108754634857,0.0002707354724407196,1.0,,,,,,,,,,,,,,
53,24559,,,0.04037601500749588,0.0403759703040123,2.2569525981452898e-07,0.01033864077180624,0.017495155334472656,8.511576743330806e-05,0.9679973721504211,0.5373474955558777,0.1535678207874298,0.3090847134590149,0.0002429343294352293,1.0,,,,,,,,,,,,,,
53,24579,,,0.03574124351143837,0.035741206258535385,1.9534532214038336e-07,0.009258395060896873,0.018553733825683594,0.00021503881725948304,0.9382998943328857,0.5699328184127808,0.1449904590845108,0.28507673740386963,0.0003187831025570631,1.0,,,,,,,,,,,,,,
,24600,247.58906459613152,23.90250962680226,,,,,,,,,,,,,,,,,,,,,,,,,,
53,24599,,,0.03936440125107765,0.039364367723464966,1.6016193171708437e-07,0.010105536319315434,0.01754283905029297,3.663502138806507e-05,0.9505164623260498,0.5585398077964783,0.14623650908470154,0.2952237129211426,0.0002637032885104418,1.0,,,,,,,,,,,,,,
53,24619,,,0.0368172824382782,0.03681723028421402,2.519951749491156e-07,0.009446063078939915,0.0164642333984375,0.00011192951933480799,0.9512208700180054,0.5632507801055908,0.14939188957214355,0.2873573899269104,0.00023950356990098953,1.0,,,,,,,,,,,,,,
53,24639,,,0.03578297421336174,0.03578290715813637,3.380670818842191e-07,0.00925887655466795,0.018434524536132812,3.772287891479209e-05,0.9478429555892944,0.5586856007575989,0.14572593569755554,0.29558849334716797,0.0003123781643807888,1.0,,,,,,,,,,,,,,
53,24659,,,0.03824356198310852,0.038243524730205536,1.8715124383561488e-07,0.009812920354306698,0.017172813415527344,0.00031823653262108564,0.9360744953155518,0.5750201344490051,0.14029158651828766,0.284688264131546,0.0002456654328852892,1.0,,,,,,,,,,,,,,
53,24679,,,0.043171755969524384,0.043171707540750504,2.4677731857991603e-07,0.011108661070466042,0.01904296875,0.0003290264867246151,0.9743450880050659,0.5254719257354736,0.15575861930847168,0.3187694251537323,0.0003091413527727127,1.0,,,,,,,,,,,,,,
53,24699,,,0.041341930627822876,0.0413418784737587,2.627452033721056e-07,0.010586420074105263,0.01745128631591797,2.921964187407866e-05,0.965545654296875,0.5424288511276245,0.15470093488693237,0.30287015438079834,0.0002503527794033289,1.0,,,,,,,,,,,,,,
53,24719,,,0.0440109483897686,0.04401090741157532,1.9769473169617413e-07,0.011247731745243073,0.017068862915039062,1.7555539670865983e-05,0.9554660320281982,0.555598258972168,0.14888247847557068,0.29551923274993896,0.00024464400485157967,1.0,,,,,,,,,,,,,,
53,24739,,,0.04363721236586571,0.043637171387672424,1.9876722490153043e-07,0.011152729392051697,0.01689910888671875,1.734838224365376e-05,0.9510471224784851,0.5548145771026611,0.14465375244617462,0.30053168535232544,0.00024307938292622566,1.0,,,,,,,,,,,,,,
53,24759,,,0.039942242205142975,0.03994220867753029,1.6378726286347955e-07,0.01028589066118002,0.01869964599609375,3.6006520076625748e-06,0.9572075605392456,0.5512138605117798,0.15146572887897491,0.2973204255104065,0.0003002583980560303,1.0,,,,,,,,,,,,,,
53,24779,,,0.04275321215391159,0.042753174901008606,1.9355501024165278e-07,0.010968093760311604,0.01790618896484375,3.755020543394494e-06,0.9548365473747253,0.5527384281158447,0.1485396921634674,0.29872187972068787,0.00027971528470516205,1.0,,,,,,,,,,,,,,
,24800,239.13067628540662,23.911612214802034,,,,,,,,,,,,,,,,,,,,,,,,,,
54,24799,,,0.03897901996970177,0.038978978991508484,2.085470924839683e-07,0.01000974327325821,0.018218040466308594,7.252851901284885e-06,0.956925630569458,0.5529980659484863,0.15053518116474152,0.29646676778793335,0.0002648427616804838,1.0,,,,,,,,,,,,,,
54,24819,,,0.035127319395542145,0.03512727469205856,2.2469575355898996e-07,0.009039921686053276,0.017673492431640625,1.9835939383483492e-05,0.9536765813827515,0.5559160709381104,0.14891386032104492,0.2951700687408447,0.0002576950937509537,1.0,,,,,,,,,,,,,,
54,24839,,,0.044171713292598724,0.04417166858911514,2.3241260294071253e-07,0.011355215683579445,0.017488479614257812,4.8888963647186756e-05,0.948526918888092,0.5597226023674011,0.1466996967792511,0.2935777008533478,0.00031130947172641754,1.0,,,,,,,,,,,,,,
54,24859,,,0.0443420447409153,0.04434193670749664,5.334184720595658e-07,0.011367600411176682,0.018495559692382812,2.246102667413652e-05,0.9526536464691162,0.5565439462661743,0.1479826420545578,0.2954733967781067,0.00028163986280560493,1.0,,,,,,,,,,,,,,
54,24879,,,0.03202762454748154,0.032027579843997955,2.3128606585487432e-07,0.008252858184278011,0.016542434692382812,0.00023319022147916257,0.9413971900939941,0.5713275671005249,0.14227505028247833,0.28639739751815796,0.0002412884496152401,1.0,,,,,,,,,,,,,,
54,24899,,,0.03755602985620499,0.03755597770214081,2.6006065922956623e-07,0.009677000343799591,0.018260955810546875,0.0005878512747585773,0.9839591383934021,0.5160536170005798,0.16278891265392303,0.3211575150489807,0.0002762358635663986,1.0,,,,,,,,,,,,,,
54,24919,,,0.0381106361746788,0.03811059892177582,1.829830864608084e-07,0.009784847497940063,0.01792430877685547,5.054766370449215e-05,0.966789722442627,0.5399571061134338,0.1546013057231903,0.30544161796569824,0.0002561777364462614,1.0,,,,,,,,,,,,,,
54,24939,,,0.039234913885593414,0.03923486918210983,2.2241471242523403e-07,0.010075001046061516,0.017798423767089844,7.316882147279102e-06,0.960322380065918,0.5471140146255493,0.14926844835281372,0.30361753702163696,0.00026612658984959126,1.0,,,,,,,,,,,,,,
54,24959,,,0.03738894313573837,0.037388876080513,3.426291073083121e-07,0.009600428864359856,0.017269134521484375,0.00011228172661503777,0.9472814798355103,0.5642127990722656,0.147007018327713,0.28878021240234375,0.00025094766169786453,1.0,,,,,,,,,,,,,,
54,24979,,,0.03972335904836655,0.039723314344882965,2.2254167220125964e-07,0.010200257413089275,0.017673492431640625,0.0002770548453554511,0.9364561438560486,0.5735236406326294,0.1389869749546051,0.2874893546104431,0.0002638762816786766,1.0,,,,,,,,,,,,,,
,25000,230.62324258539286,23.926469587976808,,,,,,,,,,,,,,,,,,,,,,,,,,
54,24999,,,0.04439037665724754,0.04439033567905426,2.0740773720717698e-07,0.011337433010339737,0.017572402954101562,1.1126061508548446e-05,0.9537529945373535,0.5540962815284729,0.14592590928077698,0.29997777938842773,0.000239616259932518,1.0,,,,,,,,,,,,,,
54,24999,,,,,,,,,,,,,,,0.03982296586036682,0.03982291370630264,2.3907062995931483e-07,0.9995258450508118,0.0020524233113974333,0.01021455880254507,0.017687082290649414,0.00016807687643449754,0.9492380619049072,0.5588730573654175,0.1447216123342514,0.2964054346084595,0.00025545383687131107,1.0
54,25019,,,0.04088903218507767,0.04088898003101349,2.6321816903873696e-07,0.010509688407182693,0.01800823211669922,0.00012224218517076224,0.9459608793258667,0.5652632117271423,0.14530757069587708,0.2894291877746582,0.0002849854063242674,1.0,,,,,,,,,,,,,,
54,25039,,,0.03507567569613457,0.035075630992650986,2.2701846091877087e-07,0.009033529087901115,0.018718719482421875,3.627848855103366e-05,0.9651350975036621,0.5418437123298645,0.15195120871067047,0.3062050938606262,0.00026388466358184814,1.0,,,,,,,,,,,,,,
54,25059,,,0.035854700952768326,0.03585466369986534,1.9418362739997974e-07,0.009222516790032387,0.01698589324951172,9.699196380097419e-05,0.9484743475914001,0.5629932880401611,0.14784716069698334,0.28915953636169434,0.00025690183974802494,1.0,,,,,,,,,,,,,,
54,25079,,,0.041540928184986115,0.04154088720679283,2.0969972069906362e-07,0.010741381905972958,0.019794464111328125,0.00014369447308126837,0.9367052316665649,0.5668662786483765,0.14008766412734985,0.2930460274219513,0.0003532762639224529,1.0,,,,,,,,,,,,,,
54,25099,,,0.034121446311473846,0.03412141650915146,1.4334754894207435e-07,0.00880146212875843,0.01784229278564453,5.56356280867476e-06,0.9586156010627747,0.5524914264678955,0.1506752073764801,0.2968333661556244,0.000270989490672946,1.0,,,,,,,,,,,,,,
54,25119,,,0.0486745685338974,0.048674531280994415,1.9176670207343705e-07,0.012418113648891449,0.017381668090820312,2.2207991605682764e-06,0.9560979604721069,0.552014946937561,0.14952747523784637,0.2984575629234314,0.00024942681193351746,1.0,,,,,,,,,,,,,,
54,25139,,,0.04405953362584114,0.04405949264764786,2.0673158473982767e-07,0.011291834525763988,0.01715850830078125,2.265822104163817e-06,0.9586483240127563,0.5478954315185547,0.1513293832540512,0.3007752299308777,0.00027690595015883446,1.0,,,,,,,,,,,,,,
54,25159,,,0.03929399326443672,0.03929395228624344,2.0810178114061273e-07,0.01013914030045271,0.018613815307617188,0.0003131460980512202,0.97225022315979,0.5262951850891113,0.15490391850471497,0.31880083680152893,0.00030937884002923965,1.0,,,,,,,,,,,,,,
54,25179,,,0.0419759675860405,0.041975926607847214,2.012172188869954e-07,0.01076730340719223,0.01795482635498047,8.408198482356966e-06,0.9623277187347412,0.5465248823165894,0.15362301468849182,0.2998521029949188,0.0002731436397880316,1.0,,,,,,,,,,,,,,
,25200,222.86641736274214,23.861827470149123,,,,,,,,,,,,,,,,,,,,,,,,,,
54,25199,,,0.03307625651359558,0.033076219260692596,1.8895258335760445e-07,0.008519869297742844,0.017334938049316406,2.788730398606276e-06,0.9543989896774292,0.5513251423835754,0.14764447510242462,0.30103039741516113,0.0002507490571588278,1.0,,,,,,,,,,,,,,
54,25219,,,0.03487290069460869,0.03487285226583481,2.39449946093373e-07,0.009014997631311417,0.018514633178710938,0.0001771919196471572,0.9703660607337952,0.5314964056015015,0.15625163912773132,0.3122519254684448,0.00029322877526283264,1.0,,,,,,,,,,,,,,
54,25239,,,0.037485554814338684,0.0374855175614357,1.9413811003232695e-07,0.009640534408390522,0.01820087432861328,1.3465161828207783e-05,0.9649133682250977,0.5451401472091675,0.15400603413581848,0.30085378885269165,0.00026887631975114346,1.0,,,,,,,,,,,,,,
55,25259,,,0.04076118767261505,0.04076114296913147,2.261455733787443e-07,0.010445023886859417,0.017763137817382812,0.00023645092733204365,0.941184401512146,0.5710394382476807,0.14424294233322144,0.2847176194190979,0.00024999817833304405,1.0,,,,,,,,,,,,,,
55,25279,,,0.048483673483133316,0.04848363250494003,2.0553558499614155e-07,0.012366598471999168,0.017251968383789062,4.3523024942260236e-05,0.9498540163040161,0.5592455863952637,0.1464606374502182,0.29429376125335693,0.0002448097802698612,1.0,,,,,,,,,,,,,,
55,25299,,,0.033483780920505524,0.03348374366760254,1.9041883092540957e-07,0.008655295707285404,0.01823139190673828,4.786284262081608e-05,0.961576521396637,0.5408601760864258,0.1515464186668396,0.3075934648513794,0.0002833928447216749,1.0,,,,,,,,,,,,,,
55,25319,,,0.03258194401860237,0.03258189931511879,2.3160505691066646e-07,0.008418107405304909,0.01784229278564453,4.19167336076498e-05,0.9660636186599731,0.540910005569458,0.15359407663345337,0.30549588799476624,0.00027178344316780567,1.0,,,,,,,,,,,,,,
55,25339,,,0.04203050956130028,0.0420304574072361,2.66116444436193e-07,0.010817063972353935,0.0192718505859375,2.7798811061074957e-05,0.9616543650627136,0.5430091023445129,0.15124958753585815,0.3057412803173065,0.0003088805824518204,1.0,,,,,,,,,,,,,,
55,25359,,,0.036407794803380966,0.036407746374607086,2.3315743646890041e-07,0.009350777603685856,0.017844200134277344,3.844963066512719e-05,0.9510055780410767,0.5587150454521179,0.14648526906967163,0.29479965567588806,0.0002480598632246256,1.0,,,,,,,,,,,,,,
55,25379,,,0.04180791974067688,0.041807882487773895,1.9054840549870278e-07,0.010723305866122246,0.017902374267578125,8.68195784278214e-05,0.9709551334381104,0.5368533134460449,0.15579679608345032,0.3073498606681824,0.00026958994567394257,1.0,,,,,,,,,,,,,,
,25400,214.3946008111677,23.871869816851312,,,,,,,,,,,,,,,,,,,,,,,,,,
55,25399,,,0.04087933525443077,0.04087929427623749,1.9884900837041641e-07,0.01053106039762497,0.018503189086914062,5.861495083081536e-05,0.9488175511360168,0.5602514743804932,0.14789140224456787,0.29185715317726135,0.0003100540488958359,1.0,,,,,,,,,,,,,,
55,25419,,,0.04103483632206917,0.04103480279445648,1.711906634227489e-07,0.010540910065174103,0.018210411071777344,3.4864064218709245e-05,0.9491056799888611,0.5582208037376404,0.14462080597877502,0.2971583604812622,0.00028150412254035473,1.0,,,,,,,,,,,,,,
55,25439,,,0.039147231727838516,0.039147187024354935,2.1798794591632031e-07,0.01007996778935194,0.018657684326171875,1.1477673979243264e-05,0.9615705013275146,0.545265793800354,0.15300501883029938,0.3017292022705078,0.0002929302863776684,1.0,,,,,,,,,,,,,,
55,25459,,,0.04435150325298309,0.04435146600008011,1.9396722450437665e-07,0.01142389141023159,0.019202232360839844,4.022655775770545e-05,0.9633219242095947,0.5413296222686768,0.1523456573486328,0.30632472038269043,0.00033521116711199284,1.0,,,,,,,,,,,,,,
55,25479,,,0.04308750480413437,0.04308745637536049,2.480381340319582e-07,0.011075809597969055,0.018955230712890625,1.1793983958341414e-06,0.95612633228302,0.5506294965744019,0.15089848637580872,0.2984720468521118,0.00030390964820981026,1.0,,,,,,,,,,,,,,
55,25499,,,0.03514883294701576,0.03514879196882248,2.0090212160539522e-07,0.009043549187481403,0.017334938049316406,2.4614591893623583e-06,0.9552926421165466,0.5520007610321045,0.14816901087760925,0.29983019828796387,0.0002562918234616518,1.0,,,,,,,,,,,,,,
55,25519,,,0.040384117513895035,0.04038407653570175,2.0814464107843378e-07,0.01037583313882351,0.017806053161621094,2.968490298371762e-05,0.9529834985733032,0.5567972660064697,0.14974382519721985,0.29345887899398804,0.0002792098093777895,1.0,,,,,,,,,,,,,,
55,25539,,,0.04204363375902176,0.04204360023140907,1.6771284094829753e-07,0.01075324323028326,0.017686843872070312,5.3643540013581514e-05,0.9516180157661438,0.5598874092102051,0.14772924780845642,0.2923833429813385,0.00024126237258315086,1.0,,,,,,,,,,,,,,
55,25559,,,0.03476446866989136,0.03476442024111748,2.4007294996408746e-07,0.008963089436292648,0.017892837524414062,6.89233547745971e-06,0.9572988748550415,0.5471239686012268,0.1494045853614807,0.3034714460372925,0.00027183396741747856,1.0,,,,,,,,,,,,,,
55,25579,,,0.03315161541104317,0.033151574432849884,2.095637938737127e-07,0.008593329228460789,0.01881885528564453,8.716260708752088e-07,0.9585156440734863,0.5487367510795593,0.1509641408920288,0.30029916763305664,0.0003054083790630102,1.0,,,,,,,,,,,,,,
,25600,205.92371147124038,23.882630926098354,,,,,,,,,,,,,,,,,,,,,,,,,,
55,25599,,,0.04344536364078522,0.043445318937301636,2.3024931294912676e-07,0.011054974980652332,0.015280723571777344,4.4127562432549894e-05,0.9537843465805054,0.5590526461601257,0.1476481556892395,0.2932991683483124,0.00019275140948593616,1.0,,,,,,,,,,,,,,
55,25619,,,0.03617307171225548,0.036173008382320404,3.228286118428514e-07,0.00932537205517292,0.018540382385253906,3.900207229889929e-05,0.9501933455467224,0.5587847232818604,0.14639785885810852,0.29481738805770874,0.00028132391162216663,1.0,,,,,,,,,,,,,,
55,25639,,,0.03828039392828941,0.03828034549951553,2.3940643245623505e-07,0.009864935651421547,0.017571449279785156,4.606184234035027e-07,0.9583830833435059,0.5491794347763062,0.15084147453308105,0.2999790608882904,0.00029482762329280376,1.0,,,,,,,,,,,,,,
55,25659,,,0.043796006590127945,0.04379597306251526,1.6330810126419237e-07,0.011192061938345432,0.016988754272460938,4.519398316915613e-06,0.962163507938385,0.5469973087310791,0.15137134492397308,0.3016313910484314,0.00024296948686242104,1.0,,,,,,,,,,,,,,
55,25679,,,0.03517738729715347,0.03517734259366989,2.2793904008722166e-07,0.009053061716258526,0.01729869842529297,0.00013492222933564335,0.9716161489486694,0.5338245630264282,0.15560778975486755,0.31056761741638184,0.0002560161519795656,1.0,,,,,,,,,,,,,,
55,25699,,,0.035396020859479904,0.03539598360657692,1.871030406164209e-07,0.009139863774180412,0.0190887451171875,6.551027036039159e-05,0.9677250981330872,0.5385894179344177,0.15492162108421326,0.3064889907836914,0.00028954818844795227,1.0,,,,,,,,,,,,,,
56,25719,,,0.03449671342968941,0.034496668726205826,2.198796096308797e-07,0.008869566023349762,0.01756572723388672,2.369109097344335e-05,0.9638834595680237,0.5432302951812744,0.15230561792850494,0.3044641315937042,0.0002449143212288618,1.0,,,,,,,,,,,,,,
56,25739,,,0.03556757792830467,0.03556753322482109,2.2537710719916504e-07,0.00912393443286419,0.017572402954101562,9.15438577067107e-05,0.971722424030304,0.5366840958595276,0.15457689762115479,0.3087390065193176,0.00023020943626761436,1.0,,,,,,,,,,,,,,
56,25759,,,0.04028904810547829,0.04028899595141411,2.6380382678325986e-07,0.010313929058611393,0.016872406005859375,1.8256432667840272e-06,0.9577767848968506,0.5512990951538086,0.15056400001049042,0.2981368899345398,0.00024163071066141129,1.0,,,,,,,,,,,,,,
56,25779,,,0.0374949686229229,0.03749492019414902,2.4870723791536875e-07,0.009697419591248035,0.0194091796875,7.052616183500504e-06,0.9574477076530457,0.5466477274894714,0.15020963549613953,0.30314263701438904,0.00032353680580854416,1.0,,,,,,,,,,,,,,
,25800,197.48947304349718,23.889880950570248,,,,,,,,,,,,,,,,,,,,,,,,,,
56,25799,,,0.03999854996800423,0.039998508989810944,2.131754825995813e-07,0.010315325111150742,0.018996238708496094,9.527851216262206e-05,0.9667994976043701,0.5367593169212341,0.15323936939239502,0.31000131368637085,0.0003137823659926653,1.0,,,,,,,,,,,,,,
56,25819,,,0.03646579384803772,0.036465734243392944,2.983797173783387e-07,0.009366855025291443,0.01757049560546875,1.617725138203241e-05,0.9661022424697876,0.544416069984436,0.15373042225837708,0.3018534779548645,0.00025008292868733406,1.0,,,,,,,,,,,,,,
56,25839,,,0.0406184121966362,0.04061836749315262,2.213469514344979e-07,0.01040689367800951,0.017812728881835938,1.5067856111272704e-05,0.9627264738082886,0.544707179069519,0.15138480067253113,0.30390793085098267,0.00025198934599757195,1.0,,,,,,,,,,,,,,
56,25859,,,0.02630605176091194,0.02630600892007351,2.111720220909774e-07,0.00688938656821847,0.01875019073486328,0.0005057238158769906,0.9823787212371826,0.5188604593276978,0.15997232496738434,0.3211672604084015,0.0003027592319995165,1.0,,,,,,,,,,,,,,
56,25879,,,0.035519927740097046,0.03551986813545227,2.9627796038766974e-07,0.009146238677203655,0.01706218719482422,6.103404302848503e-05,0.9524785280227661,0.55898118019104,0.1510820984840393,0.28993672132492065,0.00026503647677600384,1.0,,,,,,,,,,,,,,
56,25899,,,0.0381912887096405,0.038191236555576324,2.5191621944031795e-07,0.00982259027659893,0.01806926727294922,6.16248871665448e-05,0.947513222694397,0.5611016750335693,0.1444934904575348,0.2944048345088959,0.0002735357265919447,1.0,,,,,,,,,,,,,,
56,25919,,,0.04255567118525505,0.04255563020706177,1.9716816268555704e-07,0.010933385230600834,0.018462181091308594,8.13588994788006e-05,0.9483113884925842,0.5622743964195251,0.1468699425458908,0.29085567593574524,0.00029284018091857433,1.0,,,,,,,,,,,,,,
56,25939,,,0.031083179637789726,0.03108314611017704,1.6301190441936342e-07,0.008081850595772266,0.017995834350585938,0.00010635970102157444,0.9433829188346863,0.5645302534103394,0.1438274085521698,0.29164236783981323,0.00030892807990312576,1.0,,,,,,,,,,,,,,
56,25959,,,0.04344553127884865,0.043445490300655365,1.9989880684079253e-07,0.011171897873282433,0.018303871154785156,3.766635563806631e-05,0.9619029760360718,0.5419142246246338,0.15131080150604248,0.3067750334739685,0.00030976138077676296,1.0,,,,,,,,,,,,,,
56,25979,,,0.04164009168744087,0.04164004325866699,2.338426270398486e-07,0.010675163939595222,0.01742839813232422,5.332095952326199e-06,0.9618115425109863,0.5467362403869629,0.1517265886068344,0.3015372157096863,0.0002650346141308546,1.0,,,,,,,,,,,,,,
,26000,189.00248311931054,23.904447843407155,,,,,,,,,,,,,,,,,,,,,,,,,,
56,25999,,,0.039465926587581635,0.03946588560938835,1.9800422990101652e-07,0.010102035477757454,0.017157554626464844,1.335053980255907e-06,0.9621492624282837,0.5483705997467041,0.15070807933807373,0.30092132091522217,0.0002355270553380251,1.0,,,,,,,,,,,,,,
56,25999,,,,,,,,,,,,,,,0.03864195942878723,0.03864191100001335,2.060980932583334e-07,0.9995676279067993,0.002101879334077239,0.009917120449244976,0.01748361997306347,0.00012890050129499286,0.9567709565162659,0.5521745085716248,0.14919131994247437,0.2986343204975128,0.0002540548157412559,1.0
56,26019,,,0.036502595990896225,0.03650255873799324,1.7747986191807286e-07,0.009345050901174545,0.01702404022216797,9.555304131936282e-05,0.9504399299621582,0.5630888938903809,0.14730781316757202,0.28960326313972473,0.00021749059669673443,1.0,,,,,,,,,,,,,,
56,26039,,,0.0399138517677784,0.03991380333900452,2.4778177021289594e-07,0.010265462100505829,0.017446517944335938,3.690336598083377e-05,0.9618359208106995,0.5425782203674316,0.14996355772018433,0.3074582815170288,0.00028626155108213425,1.0,,,,,,,,,,,,,,
56,26059,,,0.04764155298471451,0.047641512006521225,2.03165356538193e-07,0.012220467440783978,0.019025802612304688,0.00022641166287939996,0.9733937978744507,0.5292395353317261,0.15633435547351837,0.31442615389823914,0.00030555063858628273,1.0,,,,,,,,,,,,,,
56,26079,,,0.039378974586725235,0.03937894105911255,1.6596678165115009e-07,0.010149647481739521,0.018465042114257812,0.00021383869170676917,0.9729493856430054,0.5294878482818604,0.15797649323940277,0.31253567337989807,0.000300627201795578,1.0,,,,,,,,,,,,,,
56,26099,,,0.035431262105703354,0.03543121740221977,2.1717771403473307e-07,0.009164327755570412,0.018807411193847656,9.386116289533675e-05,0.9687647223472595,0.5363268852233887,0.15607735514640808,0.30759572982788086,0.00030463491566479206,1.0,,,,,,,,,,,,,,
56,26119,,,0.04314594715833664,0.04314591363072395,1.7693253084871685e-07,0.011032979004085064,0.017469406127929688,4.629543036571704e-05,0.9687982797622681,0.5403929352760315,0.15433305501937866,0.30527400970458984,0.000245566014200449,1.0,,,,,,,,,,,,,,
56,26139,,,0.033443741500377655,0.03344370424747467,1.954742714360691e-07,0.008576408959925175,0.016498565673828125,8.435679774265736e-05,0.9707438945770264,0.5370886325836182,0.15522783994674683,0.307683527469635,0.00021378649398684502,1.0,,,,,,,,,,,,,,
56,26159,,,0.039307210594415665,0.03930717334151268,1.8864290041165077e-07,0.010075706988573074,0.017244338989257812,0.00025721179554238915,0.941024899482727,0.5722068548202515,0.1428915560245514,0.28490161895751953,0.00024376017972826958,1.0,,,,,,,,,,,,,,
57,26179,,,0.04157651588320732,0.04157647490501404,2.0105659359614947e-07,0.010658902116119862,0.017828941345214844,0.00013760516594629735,0.942568838596344,0.5665591955184937,0.14085301756858826,0.2925877571105957,0.0002620208542793989,1.0,,,,,,,,,,,,,,
,26200,181.2446519245194,23.824151246119314,,,,,,,,,,,,,,,,,,,,,,,,,,
57,26199,,,0.041757047176361084,0.0417570024728775,2.1827057139489625e-07,0.010726903565227985,0.018934249877929688,9.982883057091385e-05,0.9674844741821289,0.5365612506866455,0.15293879806995392,0.31049999594688416,0.0002856454811990261,1.0,,,,,,,,,,,,,,
57,26219,,,0.04353582113981247,0.043535780161619186,2.033470707374363e-07,0.011187536641955376,0.018873214721679688,4.243078365107067e-06,0.9550168514251709,0.5515732169151306,0.1513366997241974,0.2970901131629944,0.0003034966066479683,1.0,,,,,,,,,,,,,,
57,26239,,,0.04208427295088768,0.042084239423274994,1.757870791152527e-07,0.010769547894597054,0.01732921600341797,3.641428338596597e-05,0.9650492668151855,0.5421221852302551,0.15109699964523315,0.3067808151245117,0.00024775112979114056,1.0,,,,,,,,,,,,,,
57,26259,,,0.04252074286341667,0.042520672082901,3.5875928006134927e-07,0.01089454535394907,0.017681121826171875,5.990811041556299e-05,0.9511269927024841,0.5604992508888245,0.1474311351776123,0.29206961393356323,0.0002631614916026592,1.0,,,,,,,,,,,,,,
57,26279,,,0.03205316513776779,0.03205312043428421,2.1765808355667104e-07,0.008269142359495163,0.016984939575195312,1.697086736385245e-05,0.9550114274024963,0.5558013916015625,0.14663639664649963,0.29756224155426025,0.0002555116079747677,1.0,,,,,,,,,,,,,,
57,26299,,,0.037594739347696304,0.037594690918922424,2.3330552778588753e-07,0.009648488834500313,0.017635345458984375,2.525252511986764e-06,0.9576382637023926,0.5518559217453003,0.15016961097717285,0.29797452688217163,0.0002497537061572075,1.0,,,,,,,,,,,,,,
57,26319,,,0.03518722578883171,0.03518717363476753,2.6765155780594796e-07,0.009054817259311676,0.017515182495117188,6.03602165938355e-06,0.9558340311050415,0.5534645915031433,0.148040771484375,0.2984946370124817,0.0002578902058303356,1.0,,,,,,,,,,,,,,
57,26339,,,0.04153425619006157,0.04153421148657799,2.1593980648049182e-07,0.01066499948501587,0.017439842224121094,0.00016817879804875702,0.9442561268806458,0.5670514702796936,0.1473226398229599,0.2856258749961853,0.0002780721988528967,1.0,,,,,,,,,,,,,,
57,26359,,,0.0372304804623127,0.03723044693470001,1.6814131242881558e-07,0.009660044685006142,0.01983928680419922,1.038768641592469e-05,0.9492849111557007,0.5508103966712952,0.1457103192806244,0.30347922444343567,0.0003522171173244715,1.0,,,,,,,,,,,,,,
57,26379,,,0.03837081789970398,0.03837078809738159,1.5452515356173535e-07,0.009843450970947742,0.017060279846191406,0.0004580595705192536,0.9348272085189819,0.5792980790138245,0.1419317126274109,0.27877020835876465,0.00024158530868589878,1.0,,,,,,,,,,,,,,
,26400,172.88332044527849,23.819533251638585,,,,,,,,,,,,,,,,,,,,,,,,,,
57,26399,,,0.036871783435344696,0.03687174618244171,1.8216150010630372e-07,0.009462513029575348,0.01679229736328125,7.469966658391058e-05,0.9467552900314331,0.5622092485427856,0.14439579844474792,0.2933949828147888,0.00024307286366820335,1.0,,,,,,,,,,,,,,
57,26419,,,0.03489350527524948,0.0348934680223465,1.8705070203850482e-07,0.009020470082759857,0.01961803436279297,2.0552542991936207e-05,0.9628950357437134,0.543731153011322,0.15197044610977173,0.30429843068122864,0.0002966823522001505,1.0,,,,,,,,,,,,,,
57,26439,,,0.034342411905527115,0.03434237837791443,1.6942908587225247e-07,0.008861919865012169,0.0172271728515625,0.0003283115802332759,0.9362808465957642,0.5750523805618286,0.1421375572681427,0.2828100323677063,0.00026975059881806374,1.0,,,,,,,,,,,,,,
57,26459,,,0.037675660103559494,0.037675611674785614,2.345550456084311e-07,0.009701811708509922,0.018105506896972656,0.000253172212978825,0.9384744763374329,0.5721069574356079,0.1425824761390686,0.2853105664253235,0.0002778328489512205,1.0,,,,,,,,,,,,,,
57,26479,,,0.03834550082683563,0.03834546357393265,1.9323519495628716e-07,0.009897315874695778,0.01928997039794922,6.689891597488895e-05,0.9638454914093018,0.5393746495246887,0.15135356783866882,0.30927181243896484,0.000309602590277791,1.0,,,,,,,,,,,,,,
57,26499,,,0.029120899736881256,0.029120855033397675,2.274383916756051e-07,0.007533497642725706,0.016683578491210938,9.086637146538123e-05,0.9491798877716064,0.5629456043243408,0.146784245967865,0.2902701795101166,0.00025145523250102997,1.0,,,,,,,,,,,,,,
57,26519,,,0.03736942261457443,0.03736937791109085,2.1758452817266516e-07,0.00959638599306345,0.017484664916992188,7.357308641076088e-05,0.9516288042068481,0.5616860389709473,0.14697429537773132,0.2913396954536438,0.0002525593154132366,1.0,,,,,,,,,,,,,,
57,26539,,,0.0344996452331543,0.034499600529670715,2.2950780476094224e-07,0.008920211344957352,0.018276214599609375,0.00024293866590596735,0.9364244937896729,0.5719385147094727,0.14088401198387146,0.28717750310897827,0.0002904413267970085,1.0,,,,,,,,,,,,,,
57,26559,,,0.04296073690056801,0.042960695922374725,2.071344198384395e-07,0.011003564111888409,0.017612457275390625,6.920519126651925e-07,0.9572386145591736,0.5506433844566345,0.1488252878189087,0.3005312979221344,0.0002633659169077873,1.0,,,,,,,,,,,,,,
57,26579,,,0.03584054484963417,0.03584050387144089,2.0718754001336492e-07,0.009201250039041042,0.0175933837890625,3.5894368011213373e-07,0.9604589343070984,0.5493807792663574,0.15081045031547546,0.2998088002204895,0.00024110637605190277,1.0,,,,,,,,,,,,,,
,26600,164.40831853362292,23.8309109596467,,,,,,,,,,,,,,,,,,,,,,,,,,
57,26599,,,0.0410587452352047,0.041058704257011414,1.9843369614136463e-07,0.010561954230070114,0.01808643341064453,2.797184379232931e-06,0.9581068158149719,0.547749400138855,0.15175527334213257,0.30049532651901245,0.0002972118090838194,1.0,,,,,,,,,,,,,,
57,26619,,,0.039979588240385056,0.03997954726219177,1.9906555337456666e-07,0.010279604233801365,0.01788043975830078,0.0001299175200983882,0.9675168395042419,0.5348811745643616,0.1527177095413208,0.3124011158943176,0.0002821090165525675,1.0,,,,,,,,,,,,,,
58,26639,,,0.03922370448708534,0.03922366350889206,2.1375089431785455e-07,0.010082071647047997,0.017942428588867188,0.00012412281648721546,0.9479564428329468,0.5647696852684021,0.14736667275428772,0.28786367177963257,0.00027366261929273605,1.0,,,,,,,,,,,,,,
58,26659,,,0.03554343432188034,0.035543400794267654,1.7595759516098042e-07,0.009127738885581493,0.01723194122314453,4.4137268560007215e-05,0.9492228031158447,0.558923065662384,0.14299090206623077,0.298086017370224,0.00024099764414131641,1.0,,,,,,,,,,,,,,
58,26679,,,0.03412298858165741,0.03412294387817383,2.2515027353620098e-07,0.008801835589110851,0.017508506774902344,1.0841300536412746e-05,0.9628197550773621,0.5456147193908691,0.1535486876964569,0.3008366525173187,0.0002708716783672571,1.0,,,,,,,,,,,,,,
58,26699,,,0.033151425421237946,0.03315138816833496,1.9328831513121258e-07,0.008541683666408062,0.01713275909423828,4.23257406509947e-05,0.9507578015327454,0.5591902732849121,0.1457827389240265,0.2950269877910614,0.0002529809717088938,1.0,,,,,,,,,,,,,,
58,26719,,,0.037255678325891495,0.03725564107298851,1.872698049965038e-07,0.009560576640069485,0.017110824584960938,2.158982533728704e-05,0.953920841217041,0.5564022064208984,0.1480809897184372,0.29551684856414795,0.00024622539058327675,1.0,,,,,,,,,,,,,,
58,26739,,,0.03253455460071564,0.032534513622522354,2.0591659222191083e-07,0.008394692093133926,0.017815589904785156,0.0003022952005267143,0.9369995594024658,0.5739222764968872,0.14296193420886993,0.28311580419540405,0.00025500799529254436,1.0,,,,,,,,,,,,,,
58,26759,,,0.039928194135427475,0.03992815315723419,2.0366380226732872e-07,0.010247544385492802,0.01810169219970703,1.5373761925729923e-06,0.9601909518241882,0.5482637882232666,0.1506555676460266,0.30108070373535156,0.00026546535082161427,1.0,,,,,,,,,,,,,,
58,26779,,,0.04000896215438843,0.040008917450904846,2.220245818307376e-07,0.010289172641932964,0.0179443359375,0.00013108107668813318,0.9428751468658447,0.5659682750701904,0.14433583617210388,0.2896958887577057,0.0002843104302883148,1.0,,,,,,,,,,,,,,
,26800,155.932273647897,23.843684908971653,,,,,,,,,,,,,,,,,,,,,,,,,,
58,26799,,,0.03629341721534729,0.03629337251186371,2.216775953911565e-07,0.009332054294645786,0.017577171325683594,4.0796538087306544e-05,0.9640346765518188,0.5418959856033325,0.15059685707092285,0.3075072169303894,0.00025788391940295696,1.0,,,,,,,,,,,,,,
58,26819,,,0.03417356312274933,0.03417352959513664,1.6140799630193214e-07,0.008837376721203327,0.01856517791748047,1.8081580492435023e-05,0.9611542820930481,0.5440934300422668,0.1539313793182373,0.30197519063949585,0.00029362388886511326,1.0,,,,,,,,,,,,,,
58,26839,,,0.038824573159217834,0.03882453963160515,1.613208269191091e-07,0.009953114204108715,0.017992019653320312,1.6748566849855706e-05,0.9541453123092651,0.5556731224060059,0.14815571904182434,0.2961711585521698,0.00024663563817739487,1.0,,,,,,,,,,,,,,
58,26859,,,0.028085090219974518,0.02808505669236183,1.681357275629125e-07,0.007281861733645201,0.017455101013183594,0.00034114712616428733,0.9359441995620728,0.5756075382232666,0.14165842533111572,0.2827340364456177,0.0002537660766392946,1.0,,,,,,,,,,,,,,
58,26879,,,0.03673481196165085,0.036734774708747864,1.906873308143986e-07,0.009452245198190212,0.01796436309814453,8.457105650450103e-06,0.9559180736541748,0.54756098985672,0.1483517587184906,0.3040872812271118,0.0002683729398995638,1.0,,,,,,,,,,,,,,
58,26899,,,0.0349409393966198,0.03494090214371681,1.8155756720261707e-07,0.008970038965344429,0.017151832580566406,3.609371924540028e-05,0.9513438940048218,0.5583546161651611,0.14716096222400665,0.2944844365119934,0.00023408210836350918,1.0,,,,,,,,,,,,,,
58,26919,,,0.041532982140779495,0.04153294861316681,1.6695361182428314e-07,0.010734866373240948,0.020704269409179688,0.0003940512833651155,0.9742713570594788,0.5231406688690186,0.15635792911052704,0.3205013871192932,0.0003437395207583904,1.0,,,,,,,,,,,,,,
58,26939,,,0.03412807360291481,0.03412802889943123,2.1462277288719633e-07,0.008800790645182133,0.017198562622070312,8.947405945036735e-07,0.9568659067153931,0.5494785308837891,0.15132759511470795,0.2991939187049866,0.0002687545493245125,1.0,,,,,,,,,,,,,,
58,26959,,,0.03491814434528351,0.034918103367090225,2.0391354382809368e-07,0.008987577632069588,0.01787567138671875,5.331310148903867e-07,0.9582002758979797,0.5509600639343262,0.14919070899486542,0.2998492419719696,0.00025803130120038986,1.0,,,,,,,,,,,,,,
58,26979,,,0.044102419167757034,0.04410238191485405,1.8467190443516301e-07,0.011300677433609962,0.01777362823486328,8.207450264308136e-06,0.9546940326690674,0.5539498925209045,0.14880609512329102,0.29724404215812683,0.0002749080304056406,1.0,,,,,,,,,,,,,,
,27000,147.48711834988038,23.852930610891235,,,,,,,,,,,,,,,,,,,,,,,,,,
58,26999,,,0.03171314299106598,0.031713102012872696,2.0043111703671457e-07,0.008227534592151642,0.018383026123046875,6.284289702307433e-05,0.9640806913375854,0.5394251346588135,0.15206357836723328,0.30851131677627563,0.0002979915589094162,1.0,,,,,,,,,,,,,,
58,26999,,,,,,,,,,,,,,,0.037667203694581985,0.037667158991098404,2.078640335412274e-07,0.9995406270027161,0.0020524233113974333,0.009678847156465054,0.018057508394122124,0.0001334434637101367,0.9608210921287537,0.5471804141998291,0.15119785070419312,0.30162158608436584,0.00025937744067050517,1.0
58,27019,,,0.03617047145962715,0.036170437932014465,1.6753219256315788e-07,0.009325389750301838,0.017877578735351562,8.242593321483582e-05,0.9491409063339233,0.5618274211883545,0.14841333031654358,0.2897592782974243,0.00028112344443798065,1.0,,,,,,,,,,,,,,
58,27039,,,0.03335646539926529,0.0333564318716526,1.719753299767035e-07,0.008575362153351307,0.017340660095214844,5.966582102701068e-05,0.9485583305358887,0.5608630180358887,0.14556583762168884,0.2935711145401001,0.0002350520808249712,1.0,,,,,,,,,,,,,,
58,27059,,,0.03777407109737396,0.037774037569761276,1.606451576208201e-07,0.009744402021169662,0.018654823303222656,4.65345146949403e-05,0.962441623210907,0.5409419536590576,0.15165406465530396,0.3074040114879608,0.00029995362274348736,1.0,,,,,,,,,,,,,,
58,27079,,,0.037467267364263535,0.03746722638607025,2.1037820374658622e-07,0.00960666872560978,0.01685619354248047,3.528379602357745e-05,0.9639344215393066,0.541928768157959,0.15201888978481293,0.3060523271560669,0.00023914664052426815,1.0,,,,,,,,,,,,,,
59,27099,,,0.038487426936626434,0.03848738968372345,1.932579607455409e-07,0.009864156134426594,0.017354965209960938,8.469632302876562e-05,0.951847493648529,0.5615890026092529,0.1493353545665741,0.2890756130218506,0.00024060579016804695,1.0,,,,,,,,,,,,,,
59,27119,,,0.03903545066714287,0.03903539851307869,2.5655265289969975e-07,0.010016144253313541,0.01790618896484375,3.1408660561282886e-06,0.9550948739051819,0.5510344505310059,0.1475057303905487,0.3014598488807678,0.00025721918791532516,1.0,,,,,,,,,,,,,,
59,27139,,,0.039536360651254654,0.03953631967306137,2.0952688828401733e-07,0.010173364542424679,0.018586158752441406,9.531466275802813e-06,0.9538933038711548,0.5540422201156616,0.14940810203552246,0.2965497076511383,0.0002890836913138628,1.0,,,,,,,,,,,,,,
59,27159,,,0.029475171118974686,0.02947511523962021,2.777279064503091e-07,0.007602899335324764,0.016553878784179688,0.00010835558350663632,0.946897029876709,0.5645148754119873,0.14486907422542572,0.2906160354614258,0.00023193936794996262,1.0,,,,,,,,,,,,,,
59,27179,,,0.03716827556490898,0.0371682345867157,2.027946095495281e-07,0.009594316594302654,0.019112586975097656,6.924154877196997e-05,0.9653592705726624,0.5386597514152527,0.15294769406318665,0.3083925247192383,0.00030086259357631207,1.0,,,,,,,,,,,,,,
,27200,139.39216532280375,23.80334642421395,,,,,,,,,,,,,,,,,,,,,,,,,,
59,27199,,,0.036591313779354095,0.03659127280116081,1.97748278196741e-07,0.009423398412764072,0.01842498779296875,1.3811257986162673e-06,0.9586660861968994,0.5489420890808105,0.15163904428482056,0.2994188666343689,0.0002755424939095974,1.0,,,,,,,,,,,,,,
59,27219,,,0.03353293612599373,0.033532898873090744,1.950695889263443e-07,0.0086368378251791,0.01749897003173828,4.549092409433797e-06,0.9600297212600708,0.5469877123832703,0.1516411304473877,0.30137115716934204,0.0002535127568989992,1.0,,,,,,,,,,,,,,
59,27239,,,0.040586069226264954,0.04058602452278137,2.2408897848436027e-07,0.010417652316391468,0.01819610595703125,1.5983358025550842e-05,0.9653013944625854,0.5444429516792297,0.15187600255012512,0.30368101596832275,0.00027081510052084923,1.0,,,,,,,,,,,,,,
59,27259,,,0.0367395281791687,0.03673947602510452,2.6378847906016745e-07,0.009426056407392025,0.016771316528320312,0.0001572410692460835,0.9460245370864868,0.5669939517974854,0.14589235186576843,0.2871137261390686,0.00023802928626537323,1.0,,,,,,,,,,,,,,
59,27279,,,0.03243887051939964,0.03243882209062576,2.4400199549745594e-07,0.008347862400114536,0.017579078674316406,8.109284681268036e-05,0.9463680982589722,0.5627347826957703,0.14354154467582703,0.2937236726284027,0.00023652310483157635,1.0,,,,,,,,,,,,,,
59,27299,,,0.03326544165611267,0.033265404403209686,1.9532399164745584e-07,0.008596934378147125,0.017953872680664062,2.034791759797372e-05,0.949347734451294,0.5560415387153625,0.1452053189277649,0.29875314235687256,0.00028016697615385056,1.0,,,,,,,,,,,,,,
59,27319,,,0.04202340543270111,0.042023368179798126,1.8632484000136174e-07,0.010766074992716312,0.01820087432861328,3.98300426240894e-06,0.9547975063323975,0.5527926683425903,0.1489575207233429,0.2982497811317444,0.00026014423929154873,1.0,,,,,,,,,,,,,,
59,27339,,,0.042149823158979416,0.04214978218078613,1.9863364286720753e-07,0.010833987034857273,0.018522262573242188,1.7048236031769193e-06,0.9545180797576904,0.5518126487731934,0.14939866960048676,0.29878872632980347,0.00029649678617715836,1.0,,,,,,,,,,,,,,
59,27359,,,0.03524838387966156,0.035248346626758575,1.9386524741094036e-07,0.009087995626032352,0.018407821655273438,1.3631000683744787e-06,0.9600234031677246,0.5485303401947021,0.15008318424224854,0.3013865351676941,0.0002758726477622986,1.0,,,,,,,,,,,,,,
59,27379,,,0.04510552063584328,0.04510548710823059,1.7558313913923485e-07,0.011565118096768856,0.018888473510742188,0.00012052538659190759,0.9443042278289795,0.5650362372398376,0.14583174884319305,0.2891319990158081,0.00028632767498493195,1.0,,,,,,,,,,,,,,
,27400,130.9404008896364,23.81236027089926,,,,,,,,,,,,,,,,,,,,,,,,,,
59,27399,,,0.03844287991523743,0.03844284638762474,1.6000942082428082e-07,0.009892614558339119,0.01797962188720703,7.320147688005818e-06,0.9541293382644653,0.5495278239250183,0.14694777131080627,0.3035244047641754,0.0002817485947161913,1.0,,,,,,,,,,,,,,
59,27419,,,0.03533317893743515,0.035333141684532166,1.8213769692465576e-07,0.009155788458883762,0.0185699462890625,0.00016364370821975172,0.968438982963562,0.5324066877365112,0.15514671802520752,0.31244659423828125,0.0003192205913364887,1.0,,,,,,,,,,,,,,
59,27439,,,0.0385238416492939,0.03852378949522972,2.676952703950519e-07,0.009938264265656471,0.01864910125732422,0.00021419947734102607,0.9758812189102173,0.5293126702308655,0.15977391600608826,0.31091344356536865,0.0003030200023204088,1.0,,,,,,,,,,,,,,
59,27459,,,0.041590988636016846,0.04159095138311386,1.8876777119203325e-07,0.010672125034034252,0.017669677734375,2.3485958081437275e-05,0.9521799087524414,0.5568398833274841,0.14695541560649872,0.29620468616485596,0.00027390802279114723,1.0,,,,,,,,,,,,,,
59,27479,,,0.027044398710131645,0.02704436704516411,1.6076917574991967e-07,0.007053021807223558,0.018430709838867188,8.435017662122846e-05,0.9456167221069336,0.5627979040145874,0.14552079141139984,0.29168128967285156,0.0002902350388467312,1.0,,,,,,,,,,,,,,
59,27499,,,0.03646139055490494,0.03646135330200195,1.8822869662926678e-07,0.009435603395104408,0.018962860107421875,0.00012904778122901917,0.942233681678772,0.565845251083374,0.14437252283096313,0.28978222608566284,0.00031767459586262703,1.0,,,,,,,,,,,,,,
59,27519,,,0.028875205665826797,0.028875170275568962,1.735915873268823e-07,0.00746340025216341,0.0168304443359375,1.619884824322071e-05,0.9547521471977234,0.5556906461715698,0.147257462143898,0.2970518469810486,0.00024427473545074463,1.0,,,,,,,,,,,,,,
59,27539,,,0.0368303582072258,0.036830320954322815,1.807760128258451e-07,0.009506774134933949,0.018257515504956245,0.00028820993611589074,0.976266622543335,0.5261131525039673,0.15985073149204254,0.3140360713005066,0.00029342022025957704,1.0,,,,,,,,,,,,,,
60,27559,,,0.040224988013505936,0.04022495448589325,1.643195872702563e-07,0.010423223488032818,0.01970958709716797,0.0001497631164966151,0.9667961001396179,0.5331785678863525,0.15488599240779877,0.3119354844093323,0.0003639815840870142,1.0,,,,,,,,,,,,,,
60,27579,,,0.04016200080513954,0.04016195982694626,2.109687784468406e-07,0.010292676277458668,0.016984939575195312,8.23910886538215e-06,0.9637735486030579,0.5459960699081421,0.15142318606376648,0.3025807738304138,0.0002520112320780754,1.0,,,,,,,,,,,,,,
,27600,122.48454124231412,23.82341453381656,,,,,,,,,,,,,,,,,,,,,,,,,,
60,27599,,,0.03607024624943733,0.03607020527124405,1.982961634894309e-07,0.009303524158895016,0.017740249633789062,0.0001700134453130886,0.9427627921104431,0.567723274230957,0.1455467790365219,0.28672993183135986,0.00028256233781576157,1.0,,,,,,,,,,,,,,
60,27619,,,0.03153861686587334,0.031538575887680054,1.9614361690400983e-07,0.008150484412908554,0.0184478759765625,2.9352288038353436e-05,0.9489688873291016,0.5565125346183777,0.14324821531772614,0.3002392649650574,0.0002652429975569248,1.0,,,,,,,,,,,,,,
60,27639,,,0.033911291509866714,0.03391125798225403,1.7351436554235988e-07,0.008737588301301003,0.017223358154296875,4.224337681080215e-05,0.9532418251037598,0.5587530136108398,0.14805321395397186,0.2931937575340271,0.00025892071425914764,1.0,,,,,,,,,,,,,,
60,27659,,,0.03483985736966133,0.034839827567338943,1.4807190495957911e-07,0.008972152136266232,0.01816272735595703,7.055919013509993e-07,0.9589952230453491,0.550426721572876,0.15074673295021057,0.29882651567459106,0.00026217405684292316,1.0,,,,,,,,,,,,,,
60,27679,,,0.040630389004945755,0.04063035175204277,1.832905240917171e-07,0.010409160517156124,0.017556190490722656,0.00023294566199183464,0.9365782737731934,0.5715653896331787,0.14000388979911804,0.28843069076538086,0.0002469040919095278,1.0,,,,,,,,,,,,,,
60,27699,,,0.04102815315127373,0.04102811962366104,1.748598492667952e-07,0.010527648963034153,0.017792701721191406,6.65965853841044e-05,0.9655442237854004,0.5391424894332886,0.15204037725925446,0.3088170886039734,0.00026927911676466465,1.0,,,,,,,,,,,,,,
60,27719,,,0.04132291302084923,0.04132287949323654,1.7071909041987965e-07,0.010583736933767796,0.017441749572753906,1.8394199287286028e-05,0.9654684066772461,0.5439373254776001,0.1531868278980255,0.3028758764266968,0.0002526410389691591,1.0,,,,,,,,,,,,,,
60,27739,,,0.029178045690059662,0.02917800098657608,2.281472575305088e-07,0.007565787527710199,0.017789840698242188,2.068092544504907e-05,0.9509661197662354,0.5564036965370178,0.14731375873088837,0.2962825298309326,0.0002708625979721546,1.0,,,,,,,,,,,,,,
60,27759,,,0.02848184108734131,0.028481807559728622,1.6944834158039157e-07,0.007441165391355753,0.01851367950439453,2.1789919628645293e-05,0.9617887139320374,0.543710470199585,0.15140807628631592,0.3048814833164215,0.0003202694933861494,1.0,,,,,,,,,,,,,,
60,27779,,,0.03232628107070923,0.03232623636722565,2.2912672648089938e-07,0.00836182665079832,0.01781940460205078,0.00015940738376230001,0.9736113548278809,0.5321587324142456,0.15830577909946442,0.3095354735851288,0.0002770682331174612,1.0,,,,,,,,,,,,,,
,27800,114.03862726577178,23.834029443949614,,,,,,,,,,,,,,,,,,,,,,,,,,
60,27799,,,0.03745732828974724,0.03745729476213455,1.7352277836835128e-07,0.009703236632049084,0.01939105987548828,5.0226790335727856e-05,0.9459071159362793,0.5597101449966431,0.14729541540145874,0.2929943799972534,0.0003378998953849077,1.0,,,,,,,,,,,,,,
60,27819,,,0.03670958802103996,0.036709513515233994,3.689106051751878e-07,0.009478706866502762,0.01721954345703125,6.945803761482239e-05,0.9453539848327637,0.561765193939209,0.1447276771068573,0.2935071587562561,0.00029992032796144485,1.0,,,,,,,,,,,,,,
60,27839,,,0.0331248976290226,0.033124856650829315,2.0163898284408788e-07,0.00852847658097744,0.0170745849609375,2.5135581381618977e-05,0.9532514810562134,0.5570122003555298,0.14740218222141266,0.295585572719574,0.00024674925953149796,1.0,,,,,,,,,,,,,,
60,27859,,,0.03659314662218094,0.03659310191869736,2.1497018565241888e-07,0.009396911598742008,0.017889022827148438,6.915221456438303e-05,0.9697614908218384,0.5384086966514587,0.15407544374465942,0.3075159192085266,0.00024724192917346954,1.0,,,,,,,,,,,,,,
60,27879,,,0.042400166392326355,0.04240012913942337,1.933297397727074e-07,0.010867011733353138,0.017683029174804688,1.2495465853135101e-05,0.9557695388793945,0.5548155903816223,0.14875447750091553,0.29642996191978455,0.0002667205408215523,1.0,,,,,,,,,,,,,,
60,27899,,,0.039157684892416,0.03915764391422272,2.016795690451545e-07,0.010081993415951729,0.018674850463867188,2.341761501156725e-05,0.9510155916213989,0.5566554069519043,0.14805278182029724,0.29529184103012085,0.00029210373759269714,1.0,,,,,,,,,,,,,,
60,27919,,,0.04124537110328674,0.04124533385038376,1.9038279219785181e-07,0.010566811077296734,0.01700592041015625,6.20967402937822e-05,0.9502129554748535,0.560303270816803,0.14852628111839294,0.2911704480648041,0.000254225917160511,1.0,,,,,,,,,,,,,,
60,27939,,,0.03843554109334946,0.03843551129102707,1.4291975958258263e-07,0.009915626607835293,0.019456863403320312,1.767509638739284e-05,0.9575304388999939,0.5452845096588135,0.14922156929969788,0.30549395084381104,0.00030638743191957474,1.0,,,,,,,,,,,,,,
60,27959,,,0.031781893223524094,0.03178185224533081,2.1230354718682065e-07,0.008209850639104843,0.01767444610595703,3.3148905913549243e-06,0.9558712244033813,0.5519953370094299,0.1504116952419281,0.29759296774864197,0.0002643109764903784,1.0,,,,,,,,,,,,,,
60,27979,,,0.03469372168183327,0.03469368442893028,1.845320554139107e-07,0.008920102380216122,0.017531394958496094,2.6136054657399654e-05,0.9500038027763367,0.5572236776351929,0.14664874970912933,0.2961275577545166,0.0002461487893015146,1.0,,,,,,,,,,,,,,
,28000,105.60451316620043,23.84367793104799,,,,,,,,,,,,,,,,,,,,,,,,,,
61,27999,,,0.034726373851299286,0.0347263403236866,1.6443121353404422e-07,0.00892725307494402,0.016757965087890625,0.00022936139430385083,0.9395491480827332,0.571266770362854,0.14156559109687805,0.28716763854026794,0.0002410723827779293,1.0,,,,,,,,,,,,,,
61,27999,,,,,,,,,,,,,,,0.036628756672143936,0.03662872314453125,1.609257935797359e-07,0.9996253252029419,0.002101879334077239,0.009418580681085587,0.017583727836608887,0.00035467895213514566,0.9395580291748047,0.5710306167602539,0.14244361221790314,0.28652575612068176,0.0002542985021136701,1.0
61,28019,,,0.03410209342837334,0.034102048724889755,2.204672995276269e-07,0.008821921423077583,0.018311500549316406,1.3792123354505748e-05,0.9589617252349854,0.5457806587219238,0.14940112829208374,0.30481818318367004,0.0002961221616715193,1.0,,,,,,,,,,,,,,
61,28039,,,0.03943896293640137,0.03943892568349838,1.8151463621052244e-07,0.010169358924031258,0.018558502197265625,5.471103577292524e-06,0.9519282579421997,0.5532227754592896,0.14903438091278076,0.2977428734302521,0.0003095087595283985,1.0,,,,,,,,,,,,,,
61,28059,,,0.030198683962225914,0.030198656022548676,1.4234936429602385e-07,0.007829935289919376,0.01864147186279297,5.368552137952065e-06,0.9592416286468506,0.5470631122589111,0.1502099186182022,0.30272695422172546,0.00028015696443617344,1.0,,,,,,,,,,,,,,
61,28079,,,0.03248019888997078,0.032480157911777496,1.9898344305602222e-07,0.008425237610936165,0.01849365234375,1.5405959857162088e-05,0.9522480964660645,0.5552468299865723,0.14894574880599976,0.29580748081207275,0.0003048796206712723,1.0,,,,,,,,,,,,,,
61,28099,,,0.040024470537900925,0.040024422109127045,2.36033628198129e-07,0.010221526958048344,0.016206741333007812,1.9584631445468403e-06,0.96207594871521,0.5502943396568298,0.15154774487018585,0.2981579303741455,0.00021536974236369133,1.0,,,,,,,,,,,,,,
61,28119,,,0.03944316506385803,0.03944312036037445,2.164837411555709e-07,0.010168827138841152,0.019196510314941406,1.143436566053424e-05,0.953552782535553,0.5538367033004761,0.15055371820926666,0.2956095337867737,0.0003078074660152197,1.0,,,,,,,,,,,,,,
61,28139,,,0.03565667197108269,0.03565663844347,1.6619678433471563e-07,0.009177378378808498,0.017068862915039062,0.00018996495055034757,0.9407681226730347,0.569433867931366,0.14158347249031067,0.28898265957832336,0.0002594110555946827,1.0,,,,,,,,,,,,,,
61,28159,,,0.039604708552360535,0.03960467129945755,1.8395039091956278e-07,0.010159670375287533,0.017948150634765625,6.022373213454557e-07,0.9579533338546753,0.5491368174552917,0.14984458684921265,0.3010185658931732,0.00025848113000392914,1.0,,,,,,,,,,,,,,
61,28179,,,0.03718140721321106,0.03718136250972748,2.2771777707930596e-07,0.009576625190675259,0.01907634735107422,2.68339499598369e-06,0.9584194421768188,0.5485956072807312,0.14910662174224854,0.30229777097702026,0.000281220069155097,1.0,,,,,,,,,,,,,,
,28200,97.50254659890327,23.7737380289724,,,,,,,,,,,,,,,,,,,,,,,,,,
61,28199,,,0.03331148996949196,0.03331145644187927,1.7486972581082227e-07,0.008570695295929909,0.016902923583984375,1.4086260307522025e-05,0.9577704071998596,0.5543029308319092,0.15053978562355042,0.295157253742218,0.00024254154413938522,1.0,,,,,,,,,,,,,,
61,28219,,,0.04134684056043625,0.041346803307533264,1.8542311863711802e-07,0.010690124705433846,0.02010631561279297,0.00029873239691369236,0.9727268218994141,0.5260393619537354,0.15779532492160797,0.31616532802581787,0.0003474398981779814,1.0,,,,,,,,,,,,,,
61,28239,,,0.03433963283896446,0.034339599311351776,1.7398680540736677e-07,0.008814473636448383,0.016378402709960938,0.00012166996020823717,0.9476152658462524,0.5650824308395386,0.14590758085250854,0.2890098989009857,0.00022713188081979752,1.0,,,,,,,,,,,,,,
61,28259,,,0.033582594245672226,0.03358255699276924,1.9532836859070812e-07,0.008696258068084717,0.019036293029785156,1.9449340470600873e-05,0.958163857460022,0.545954704284668,0.14791157841682434,0.3061336874961853,0.000300220912322402,1.0,,,,,,,,,,,,,,
61,28279,,,0.04101157933473587,0.041011542081832886,1.9110129301225243e-07,0.010516325943171978,0.018102645874023438,0.00010119758371729404,0.9481543898582458,0.5633838176727295,0.14748558402061462,0.2891305983066559,0.00026140687987208366,1.0,,,,,,,,,,,,,,
61,28299,,,0.0330829843878746,0.03308294713497162,1.8028453041551984e-07,0.00851033441722393,0.017583847045898438,2.8328231564955786e-05,0.9530906677246094,0.5574851632118225,0.14694425463676453,0.29557061195373535,0.00023902207612991333,1.0,,,,,,,,,,,,,,
61,28319,,,0.034579798579216,0.03457975760102272,1.9702477516148065e-07,0.008886182680726051,0.016832351684570312,8.718284334463533e-06,0.964131772518158,0.5458277463912964,0.15223293006420135,0.30193936824798584,0.00024105887860059738,1.0,,,,,,,,,,,,,,
61,28339,,,0.03593134507536888,0.0359313040971756,1.965170497442159e-07,0.009213239885866642,0.01735401153564453,7.205489396255871e-07,0.958827793598175,0.5510197877883911,0.15003865957260132,0.29894161224365234,0.0002303889486938715,1.0,,,,,,,,,,,,,,
61,28359,,,0.03432184085249901,0.034321799874305725,2.0253301613593067e-07,0.008839733898639679,0.017360687255859375,1.3219740822023596e-06,0.9575566053390503,0.5515378713607788,0.14968842267990112,0.29877370595932007,0.00025924714282155037,1.0,,,,,,,,,,,,,,
61,28379,,,0.03443925827741623,0.03443921357393265,2.1958889817597083e-07,0.008844460360705853,0.017213821411132812,2.2449907191912644e-05,0.9524866938591003,0.5566824674606323,0.14708682894706726,0.296230673789978,0.00023419689387083054,1.0,,,,,,,,,,,,,,
,28400,89.08469207788922,23.775128482772033,,,,,,,,,,,,,,,,,,,,,,,,,,
61,28399,,,0.03314276039600372,0.03314271569252014,2.2919974185242609e-07,0.008550197817385197,0.017385482788085938,0.00015190021076705307,0.9476989507675171,0.5666496753692627,0.14614073932170868,0.28720957040786743,0.0002614692784845829,1.0,,,,,,,,,,,,,,
61,28419,,,0.034254029393196106,0.03425398841500282,2.0066332240276097e-07,0.008842960000038147,0.018489837646484375,0.00011505752627272159,0.9450293779373169,0.5651652812957764,0.14272844791412354,0.2921062409877777,0.00027715135365724564,1.0,,,,,,,,,,,,,,
61,28439,,,0.03412172198295593,0.03412168100476265,2.0740867512358818e-07,0.008804836310446262,0.01765727996826172,9.631816647015512e-05,0.945375919342041,0.5637694597244263,0.14462482929229736,0.29160571098327637,0.00027247914113104343,1.0,,,,,,,,,,,,,,
62,28459,,,0.0364893414080143,0.036489300429821014,2.047188019105306e-07,0.00939682126045227,0.018564224243164062,9.219452294928487e-07,0.9559285044670105,0.5507521033287048,0.1486448347568512,0.30060309171676636,0.0002744672819972038,1.0,,,,,,,,,,,,,,
62,28479,,,0.04011957347393036,0.040119536221027374,1.7893825088322046e-07,0.010284693911671638,0.017393112182617188,6.31619002433581e-07,0.9566681981086731,0.5510559678077698,0.14980533719062805,0.2991386651992798,0.00025478797033429146,1.0,,,,,,,,,,,,,,
62,28499,,,0.035577647387981415,0.03557760640978813,2.0684495893874555e-07,0.009160446003079414,0.0185089111328125,2.1506586563191377e-05,0.9636129140853882,0.5440257787704468,0.1506437063217163,0.3053304851055145,0.0002656038850545883,1.0,,,,,,,,,,,,,,
62,28519,,,0.03954671695828438,0.0395466648042202,2.5883420562422543e-07,0.010192995890974998,0.017111778259277344,4.116898708161898e-06,0.9594355821609497,0.5471314191818237,0.1514950394630432,0.30137360095977783,0.00030623446218669415,1.0,,,,,,,,,,,,,,
62,28539,,,0.03576669096946716,0.035766638815402985,2.5620872179388243e-07,0.009217669256031513,0.018568992614746094,2.3078498998074792e-05,0.9533634185791016,0.556694507598877,0.1476553976535797,0.29565006494522095,0.0002755352761596441,1.0,,,,,,,,,,,,,,
62,28559,,,0.03626808524131775,0.036268047988414764,1.936717808348476e-07,0.00930583756417036,0.01687335968017578,3.113781349384226e-05,0.9508726596832275,0.5578898787498474,0.146193265914917,0.2959168553352356,0.0002381934318691492,1.0,,,,,,,,,,,,,,
62,28579,,,0.031786367297172546,0.03178631514310837,2.6641069439392595e-07,0.008243798278272152,0.01830291748046875,6.925960769876838e-05,0.9661649465560913,0.5384742021560669,0.15369977056980133,0.3078260123729706,0.0002958211116492748,1.0,,,,,,,,,,,,,,
,28600,80.63538478617608,23.786083554831837,,,,,,,,,,,,,,,,,,,,,,,,,,
62,28599,,,0.03990470618009567,0.03990466147661209,2.322135657095714e-07,0.010253727436065674,0.017751693725585938,2.5722733880684245e-06,0.9601656198501587,0.5477592945098877,0.1508156657218933,0.301425039768219,0.0002774996683001518,1.0,,,,,,,,,,,,,,
62,28619,,,0.04084404930472374,0.040844012051820755,1.8549485503172036e-07,0.010472471825778484,0.017578125,3.9906106394482777e-05,0.9667397737503052,0.5411038398742676,0.1537388265132904,0.30515730381011963,0.0002606618218123913,1.0,,,,,,,,,,,,,,
62,28639,,,0.03361551836133003,0.03361547738313675,2.0970833247702103e-07,0.00869804061949253,0.017416000366210938,2.881348700611852e-05,0.9648991823196411,0.5425254106521606,0.1525890827178955,0.3048854470252991,0.00029358500614762306,1.0,,,,,,,,,,,,,,
62,28659,,,0.03626716509461403,0.03626713156700134,1.705209626834403e-07,0.009355518966913223,0.018123626708984375,7.408689270960167e-05,0.9664803743362427,0.5379396677017212,0.15460143983364105,0.30745893716812134,0.0002872454933822155,1.0,,,,,,,,,,,,,,
62,28679,,,0.03253742307424545,0.03253738209605217,2.0343901496744365e-07,0.008371615782380104,0.017276763916015625,5.0262160584679805e-06,0.963187575340271,0.546928882598877,0.1508532613515854,0.30221784114837646,0.00023715943098068237,1.0,,,,,,,,,,,,,,
62,28699,,,0.03494757041335106,0.034947529435157776,1.9868062395289598e-07,0.00904112495481968,0.01961040496826172,0.00013748570927418768,0.9696332216262817,0.5337824821472168,0.1551133543252945,0.3111041784286499,0.000301482854411006,1.0,,,,,,,,,,,,,,
62,28719,,,0.03168947994709015,0.03168945014476776,1.5360859606516897e-07,0.008182648569345474,0.017111778259277344,4.058024933328852e-05,0.9666441679000854,0.5410311222076416,0.15521904826164246,0.30374985933303833,0.00025946670211851597,1.0,,,,,,,,,,,,,,
62,28739,,,0.039567869156599045,0.03956783190369606,1.8296468340395222e-07,0.010158893652260303,0.017790794372558594,0.00017341086640954018,0.9726460576057434,0.531956136226654,0.15503057837486267,0.3130132555961609,0.0002634583506733179,1.0,,,,,,,,,,,,,,
62,28759,,,0.03608302026987076,0.03608298301696777,1.7953372832835157e-07,0.00935327261686325,0.01872539520263672,5.9976962802466005e-05,0.965558648109436,0.5390748977661133,0.15479375422000885,0.3061313033103943,0.00033131823875010014,1.0,,,,,,,,,,,,,,
62,28779,,,0.031033840030431747,0.031033799052238464,2.0728465699448861e-07,0.008012106642127037,0.017159461975097656,2.778778252832126e-06,0.9597271084785461,0.5508122444152832,0.15151047706604004,0.29767727851867676,0.0002535914536565542,1.0,,,,,,,,,,,,,,
,28800,72.20434305409263,23.793582592572616,,,,,,,,,,,,,,,,,,,,,,,,,,
62,28799,,,0.03851202130317688,0.038511984050273895,1.842033725552028e-07,0.009864992462098598,0.01650524139404297,8.274549327325076e-05,0.9485227465629578,0.5628634691238403,0.14369651675224304,0.29343998432159424,0.00023533240891993046,1.0,,,,,,,,,,,,,,
62,28819,,,0.03774172440171242,0.037741683423519135,2.0367151876143907e-07,0.009701421484351158,0.0169677734375,0.00013919381308369339,0.9457801580429077,0.5662600994110107,0.14510995149612427,0.288629949092865,0.0002632066607475281,1.0,,,,,,,,,,,,,,
62,28839,,,0.03416619822382927,0.03416616842150688,1.5587320945087413e-07,0.008815275505185127,0.01803112030029297,1.199323742184788e-05,0.9555221199989319,0.5543709397315979,0.149727925658226,0.2959011495113373,0.0002734863664954901,1.0,,,,,,,,,,,,,,
62,28859,,,0.02892795018851757,0.02892790548503399,2.2082808470713644e-07,0.007542423438280821,0.01839447021484375,2.258637687191367e-05,0.9485294222831726,0.5564739108085632,0.14519909024238586,0.2983269989490509,0.0003099841997027397,1.0,,,,,,,,,,,,,,
62,28879,,,0.029983485117554665,0.02998344972729683,1.8085674469148216e-07,0.007782729342579842,0.017556190490722656,3.1704737921245396e-05,0.953121542930603,0.5575385093688965,0.1484522521495819,0.2940092086791992,0.000286224065348506,1.0,,,,,,,,,,,,,,
62,28899,,,0.03243858367204666,0.03243853151798248,2.540653554206074e-07,0.008355356752872467,0.01721477508544922,8.962447464000434e-05,0.9485390186309814,0.5627875924110413,0.1470405012369156,0.29017186164855957,0.00024391827173531055,1.0,,,,,,,,,,,,,,
63,28919,,,0.0335683599114418,0.033568330109119415,1.539723655241687e-07,0.008676272816956043,0.01833629608154297,0.0001080622459994629,0.9694563746452332,0.535352349281311,0.15623843669891357,0.3084092140197754,0.00028202193789184093,1.0,,,,,,,,,,,,,,
63,28939,,,0.03940264508128166,0.039402611553668976,1.7023336340571404e-07,0.0100695276632905,0.016828536987304688,4.714403621619567e-05,0.9527525901794434,0.559434175491333,0.1472737193107605,0.2932921051979065,0.00021792389452457428,1.0,,,,,,,,,,,,,,
63,28959,,,0.044541385024785995,0.04454135149717331,1.6719221207495139e-07,0.011394709348678589,0.017913818359375,4.885850285063498e-05,0.9663364291191101,0.5404783487319946,0.1524604856967926,0.3070611357688904,0.00025838613510131836,1.0,,,,,,,,,,,,,,
63,28979,,,0.03651813790202141,0.03651810809969902,1.5726168101082294e-07,0.009427204728126526,0.01803112030029297,0.00026214669924229383,0.9403167963027954,0.5720138549804688,0.14444854855537415,0.2835375666618347,0.00029242713935673237,1.0,,,,,,,,,,,,,,
,29000,63.77332444771654,23.80305579403354,,,,,,,,,,,,,,,,,,,,,,,,,,
63,28999,,,0.035746458917856216,0.03574642539024353,1.6632384358672425e-07,0.00917747337371111,0.017691612243652344,0.00029049417935311794,0.9369629621505737,0.5739785432815552,0.14013515412807465,0.285886287689209,0.00023504835553467274,1.0,,,,,,,,,,,,,,
63,28999,,,,,,,,,,,,,,,0.0342753566801548,0.034275323152542114,2.0269646938686492e-07,0.9995201230049133,0.0019287833711132407,0.008827810175716877,0.01755811832845211,0.00022402481408789754,0.9462971687316895,0.5637811422348022,0.14488482475280762,0.29133400321006775,0.00025449012173339725,1.0
63,29019,,,0.043033432215452194,0.04303339868783951,1.6030145388867822e-07,0.010993900708854198,0.017212867736816406,4.5417127694236115e-06,0.9569922685623169,0.5525621175765991,0.1473444402217865,0.300093412399292,0.00023545208387076855,1.0,,,,,,,,,,,,,,
63,29039,,,0.037339478731155396,0.03733944892883301,1.561877525091404e-07,0.009602622129023075,0.0176544189453125,0.0001850759726949036,0.94327712059021,0.5684848427772522,0.14537782967090607,0.28613731265068054,0.0002640513703227043,1.0,,,,,,,,,,,,,,
63,29059,,,0.037584852427244186,0.0375848151743412,1.839070336018267e-07,0.00964432954788208,0.01761627197265625,0.00016896839952096343,0.9439569711685181,0.5682846307754517,0.14250293374061584,0.2892124354839325,0.0002447366714477539,1.0,,,,,,,,,,,,,,
63,29079,,,0.031781867146492004,0.03178182989358902,1.8739220308816584e-07,0.008239188231527805,0.01889514923095703,5.237768164079171e-06,0.9540834426879883,0.5532357692718506,0.1484452337026596,0.2983189821243286,0.00029361690394580364,1.0,,,,,,,,,,,,,,
63,29099,,,0.029520532116293907,0.029520494863390923,1.846942438987753e-07,0.007703620009124279,0.01853179931640625,5.861030786036281e-06,0.951674222946167,0.5533316135406494,0.14901748299598694,0.29765093326568604,0.0003233696334064007,1.0,,,,,,,,,,,,,,
63,29119,,,0.040797021239995956,0.04079698026180267,2.0260982580566633e-07,0.01043886598199606,0.01703357696533203,1.76861558429664e-05,0.9630816578865051,0.5442061424255371,0.15173397958278656,0.3040599226951599,0.00023925700224936008,1.0,,,,,,,,,,,,,,
63,29139,,,0.03773166984319687,0.037731632590293884,1.8776162846734223e-07,0.009700821712613106,0.01815032958984375,5.865673301741481e-05,0.9516152739524841,0.5599527359008789,0.14872398972511292,0.29132330417633057,0.00026673078536987305,1.0,,,,,,,,,,,,,,
63,29159,,,0.03599958121776581,0.035999543964862823,1.8900004761235323e-07,0.009381631389260292,0.020009994506835938,0.00025537199690006673,0.9698584079742432,0.5282667279243469,0.15549945831298828,0.3162338137626648,0.00037662824615836143,1.0,,,,,,,,,,,,,,
63,29179,,,0.034446872770786285,0.034446828067302704,2.1510993519768817e-07,0.008862738497555256,0.01704120635986328,1.5166427147050854e-05,0.9588803648948669,0.5527085065841675,0.15279877185821533,0.2944927215576172,0.00025071692653000355,1.0,,,,,,,,,,,,,,
,29200,55.49951191884349,23.747956593335473,,,,,,,,,,,,,,,,,,,,,,,,,,
63,29199,,,0.028505748137831688,0.028505703434348106,2.240433900624339e-07,0.007406155113130808,0.017450332641601562,1.0808095794345718e-05,0.9605432748794556,0.5466814637184143,0.14883919060230255,0.30447930097579956,0.0002795020118355751,1.0,,,,,,,,,,,,,,
63,29219,,,0.03855128958821297,0.038551248610019684,2.1164247243632417e-07,0.009907262399792671,0.01778125762939453,0.00010698299593059346,0.9704199433326721,0.5354059934616089,0.15643949806690216,0.30815455317497253,0.00026730052195489407,1.0,,,,,,,,,,,,,,
63,29239,,,0.03527403995394707,0.035273998975753784,2.0452556270811328e-07,0.009075436741113663,0.01766681671142578,4.742785677080974e-05,0.9663687944412231,0.5405985116958618,0.15249831974506378,0.3069031834602356,0.0002559784334152937,1.0,,,,,,,,,,,,,,
63,29259,,,0.035253509879112244,0.03525347262620926,1.932460662601443e-07,0.009097302332520485,0.018662452697753906,1.0157377801078837e-06,0.9580751657485962,0.5492956638336182,0.14927908778190613,0.3014252781867981,0.0002839041408151388,1.0,,,,,,,,,,,,,,
63,29279,,,0.035438451915979385,0.0354384109377861,2.0345434847968136e-07,0.009160109795629978,0.017972946166992188,0.00015679546049796045,0.9413282871246338,0.5673118233680725,0.14457190036773682,0.2881162762641907,0.0002973605878651142,1.0,,,,,,,,,,,,,,
63,29299,,,0.04113947972655296,0.04113943874835968,2.0640614195599483e-07,0.010568001307547092,0.01811981201171875,2.953852117570932e-06,0.9559618234634399,0.5515503883361816,0.14760369062423706,0.3008459210395813,0.00028307223692536354,1.0,,,,,,,,,,,,,,
63,29319,,,0.033784978091716766,0.03378493711352348,2.1337778832730692e-07,0.008684658445417881,0.0172119140625,5.7651413953863084e-06,0.9636895060539246,0.5470539331436157,0.15293529629707336,0.3000107407569885,0.0002382984384894371,1.0,,,,,,,,,,,,,,
63,29339,,,0.02962157130241394,0.029621530324220657,2.0787661014765035e-07,0.007685403805226088,0.017574310302734375,7.510168870794587e-06,0.9550399780273438,0.5538755059242249,0.14808742702007294,0.2980370819568634,0.00027986057102680206,1.0,,,,,,,,,,,,,,
63,29359,,,0.037595298141241074,0.03759525343775749,2.2668024257654906e-07,0.009678461588919163,0.01823139190673828,7.072821972542442e-07,0.9565262794494629,0.5511764287948608,0.14956316351890564,0.29926037788391113,0.00027962285093963146,1.0,,,,,,,,,,,,,,
64,29379,,,0.034841541200876236,0.03484150767326355,1.6932031599026232e-07,0.008975486271083355,0.017673492431640625,3.3106211958511267e-06,0.9614149332046509,0.547444224357605,0.1515365093946457,0.3010193109512329,0.00026503484696149826,1.0,,,,,,,,,,,,,,
,29400,47.051570509610954,23.76116222882789,,,,,,,,,,,,,,,,,,,,,,,,,,
64,29399,,,0.0359182134270668,0.03591817617416382,1.8220397635104746e-07,0.009249643422663212,0.017663002014160156,1.2392617918521864e-06,0.9612027406692505,0.5484386682510376,0.15060573816299438,0.30095556378364563,0.0002700656186789274,1.0,,,,,,,,,,,,,,
64,29419,,,0.030971543863415718,0.030971504747867584,1.9163076103723142e-07,0.008045513182878494,0.018301010131835938,0.00011906050349352881,0.9688787460327148,0.5348879098892212,0.1548524796962738,0.310259610414505,0.00030024582520127296,1.0,,,,,,,,,,,,,,
64,29439,,,0.031959861516952515,0.03195982426404953,1.8842104054783704e-07,0.008274522610008717,0.0182647705078125,5.5329666793113574e-05,0.9660742282867432,0.539624810218811,0.15368378162384033,0.30669134855270386,0.0002834503538906574,1.0,,,,,,,,,,,,,,
64,29459,,,0.031754303723573685,0.031754270195961,1.6203057384700514e-07,0.008207348175346851,0.0184173583984375,4.7096324124140665e-05,0.9659472703933716,0.5405426025390625,0.1528412401676178,0.3066161870956421,0.0002678302116692066,1.0,,,,,,,,,,,,,,
64,29479,,,0.030557364225387573,0.030557330697774887,1.6464019836348598e-07,0.007917883805930614,0.018141746520996094,4.223128598823678e-06,0.9609364867210388,0.5473394393920898,0.15234306454658508,0.30031752586364746,0.0002784586977213621,1.0,,,,,,,,,,,,,,
64,29499,,,0.03587795048952103,0.03587792068719864,1.556680047087866e-07,0.009221252985298634,0.017907142639160156,1.9167061964253662e-06,0.9598100185394287,0.5513161420822144,0.15059725940227509,0.29808658361434937,0.00025172694586217403,1.0,,,,,,,,,,,,,,
64,29519,,,0.036406874656677246,0.03640683740377426,1.7738139490575122e-07,0.009406857192516327,0.01829051971435547,0.00013346632476896048,0.9690274000167847,0.5340173244476318,0.1550561487674713,0.31092649698257446,0.00030246912501752377,1.0,,,,,,,,,,,,,,
64,29539,,,0.03231751173734665,0.03231745958328247,2.642112519879447e-07,0.008338809944689274,0.01774883270263672,4.6364810259547085e-05,0.9670822024345398,0.5403763651847839,0.15451796352863312,0.30510568618774414,0.0002585051115602255,1.0,,,,,,,,,,,,,,
64,29559,,,0.026265868917107582,0.02626582607626915,2.1801743343985436e-07,0.006853317376226187,0.01863384246826172,4.11330365750473e-05,0.9508882761001587,0.559044361114502,0.14606890082359314,0.2948867678642273,0.0002860275562852621,1.0,,,,,,,,,,,,,,
64,29579,,,0.03272280842065811,0.03272277116775513,1.8148109859339456e-07,0.008454418741166592,0.018212318420410156,1.9936287571908906e-05,0.9512471556663513,0.5560649633407593,0.1484895795583725,0.2954454720020294,0.00027331779710948467,1.0,,,,,,,,,,,,,,
,29600,38.614972854859055,23.773161862639636,,,,,,,,,,,,,,,,,,,,,,,,,,
64,29599,,,0.03441555052995682,0.03441549837589264,2.647042833814339e-07,0.00884141493588686,0.017498016357421875,0.0001500430516898632,0.9443567991256714,0.5673012733459473,0.14210031926631927,0.29059839248657227,0.0002345261164009571,1.0,,,,,,,,,,,,,,
64,29619,,,0.03883431851863861,0.038834281265735626,1.809662535379175e-07,0.009971129707992077,0.017791748046875,1.1476555300760083e-05,0.9635410308837891,0.5453286170959473,0.15141457319259644,0.3032568097114563,0.00026232097297906876,1.0,,,,,,,,,,,,,,
64,29639,,,0.036684636026620865,0.03668459504842758,2.0728721494833735e-07,0.009409693069756031,0.016861915588378906,1.6469293768750504e-05,0.9574834108352661,0.5547979474067688,0.15032841265201569,0.2948736250400543,0.0002382046077400446,1.0,,,,,,,,,,,,,,
64,29659,,,0.039604783058166504,0.039604753255844116,1.5414340737152088e-07,0.010174496099352837,0.018671035766601562,1.3099088391754776e-05,0.9525352716445923,0.5551066398620605,0.14714625477790833,0.29774707555770874,0.0002730381675064564,1.0,,,,,,,,,,,,,,
64,29679,,,0.037556134164333344,0.03755609318614006,1.9948221563481638e-07,0.009655206464231014,0.018097877502441406,1.273369207410724e-06,0.9605762362480164,0.5485721230506897,0.1513311266899109,0.3000967502593994,0.0002661470789462328,1.0,,,,,,,,,,,,,,
64,29699,,,0.02999546378850937,0.029995422810316086,2.0738377770612715e-07,0.007788834162056446,0.01797771453857422,5.0807982916012406e-05,0.949428379535675,0.5596144199371338,0.14781658351421356,0.29256901144981384,0.0002889519091695547,1.0,,,,,,,,,,,,,,
64,29719,,,0.03778504207730293,0.03778500482439995,1.8294122128281742e-07,0.009743867442011833,0.018029212951660156,0.00011703904601745307,0.9670511484146118,0.5352421998977661,0.15388399362564087,0.31087377667427063,0.00029526627622544765,1.0,,,,,,,,,,,,,,
64,29739,,,0.03933184593915939,0.03933180868625641,1.8593594575122552e-07,0.010112259536981583,0.01906299591064453,0.00011489664757391438,0.9747390747070312,0.5349483489990234,0.15908491611480713,0.30596673488616943,0.0002770002465695143,1.0,,,,,,,,,,,,,,
64,29759,,,0.03573985397815704,0.03573981672525406,1.8962050774007366e-07,0.00923409964889288,0.018294334411621094,6.195687092258595e-06,0.9536120891571045,0.5535186529159546,0.14815205335617065,0.29832929372787476,0.0002990120556205511,1.0,,,,,,,,,,,,,,
64,29779,,,0.03517267480492592,0.035172637552022934,1.9092331626779924e-07,0.009041592478752136,0.01715373992919922,0.00012197810428915545,0.9725393056869507,0.5344996452331543,0.1560855209827423,0.3094148635864258,0.0002459839452058077,1.0,,,,,,,,,,,,,,
,29800,30.191761718717515,23.781321762183648,,,,,,,,,,,,,,,,,,,,,,,,,,
64,29799,,,0.03688543662428856,0.036885395646095276,2.096421098940482e-07,0.009504400193691254,0.018009185791015625,7.764455222059041e-05,0.9490814208984375,0.5619376301765442,0.14712736010551453,0.2909349799156189,0.0002814880572259426,1.0,,,,,,,,,,,,,,
64,29819,,,0.03506305813789368,0.035063017159700394,2.0306202941355878e-07,0.009031555615365505,0.01739978790283203,9.123831841861829e-05,0.9673949480056763,0.5373557806015015,0.15220507979393005,0.31043916940689087,0.00026396592147648335,1.0,,,,,,,,,,,,,,
65,29839,,,0.033903129398822784,0.0339030995965004,1.5729104063666455e-07,0.008776417002081871,0.01779460906982422,0.00017800848581828177,0.9725053310394287,0.531220555305481,0.15780478715896606,0.310974657535553,0.0002970749046653509,1.0,,,,,,,,,,,,,,
65,29859,,,0.032642439007759094,0.03264240175485611,1.876543649359519e-07,0.008447076193988323,0.018352508544921875,8.003799302969128e-05,0.9666285514831543,0.5376392602920532,0.15384235978126526,0.30851835012435913,0.00028486549854278564,1.0,,,,,,,,,,,,,,
65,29879,,,0.03558683767914772,0.035586804151535034,1.6753767795307795e-07,0.009219135157763958,0.01869678497314453,1.623187563382089e-05,0.9521247148513794,0.555448055267334,0.14872056245803833,0.2958313822746277,0.00032210140489041805,1.0,,,,,,,,,,,,,,
65,29899,,,0.037902507930994034,0.03790247440338135,1.6067482988546544e-07,0.009718130342662334,0.017378807067871094,2.627323556225747e-05,0.9643042087554932,0.5432589650154114,0.15106216073036194,0.3056789040565491,0.0002419778611510992,1.0,,,,,,,,,,,,,,
65,29919,,,0.03939157351851463,0.03939153999090195,1.722190319242145e-07,0.010115712881088257,0.017660140991210938,4.236282165948069e-06,0.9604263305664062,0.547402024269104,0.1501622200012207,0.3024357855319977,0.00026773521676659584,1.0,,,,,,,,,,,,,,
65,29939,,,0.03584987297654152,0.03584983944892883,1.7095547377721232e-07,0.009198830462992191,0.016905784606933594,6.030130862200167e-06,0.9541324377059937,0.5534483790397644,0.14791983366012573,0.29863178730010986,0.00023624184541404247,1.0,,,,,,,,,,,,,,
65,29959,,,0.0336732491850853,0.033673204481601715,2.1522703264054144e-07,0.008682719431817532,0.01793193817138672,0.00028685847064480186,0.9392834305763245,0.5735245943069458,0.14214062690734863,0.28433477878570557,0.0002586699556559324,1.0,,,,,,,,,,,,,,
65,29979,,,0.03282427415251732,0.032824233174324036,1.9559807640234794e-07,0.008444875478744507,0.017594337463378906,0.00040514892316423357,0.9369175434112549,0.5780632495880127,0.1400991678237915,0.2818375527858734,0.00023070373572409153,1.0,,,,,,,,,,,,,,
,30000,21.7710180689498,23.7930995399237,,,,,,,,,,,,,,,,,,,,,,,,,,
65,29999,,,0.032749027013778687,0.0327489897608757,1.9261747752352676e-07,0.008431895636022091,0.01724720001220703,0.00019060575868934393,0.9403260946273804,0.5694561004638672,0.1416875123977661,0.2888563871383667,0.00024082721211016178,1.0,,,,,,,,,,,,,,
65,29999,,,,,,,,,,,,,,,0.032594263553619385,0.032594233751297,1.7104049732097337e-07,0.9995715022087097,0.0020524233113974333,0.008412636816501617,0.017580201849341393,0.00048404658446088433,0.9338712692260742,0.5765401124954224,0.1395934373140335,0.28386640548706055,0.0002543894515838474,1.0
65,30019,,,0.03112185187637806,0.031121816486120224,1.8087345665662724e-07,0.008093301206827164,0.01930713653564453,0.00015427632024511695,0.9390778541564941,0.5675614476203918,0.14088621735572815,0.2915523052215576,0.0003097529988735914,1.0,,,,,,,,,,,,,,
65,30039,,,0.028332138434052467,0.02833210676908493,1.566725273960401e-07,0.007361830677837133,0.018097877502441406,2.921569648606237e-05,0.9492096900939941,0.5576343536376953,0.1465158760547638,0.2958497405052185,0.000278211897239089,1.0,,,,,,,,,,,,,,
65,30059,,,0.033654097467660904,0.03365405276417732,2.1451722886922653e-07,0.008640707470476627,0.01694965362548828,8.207511564251035e-05,0.9717433452606201,0.5372676849365234,0.15512986481189728,0.30760249495506287,0.00022554188035428524,1.0,,,,,,,,,,,,,,
65,30079,,,0.03397411108016968,0.03397408127784729,1.541042564667805e-07,0.008736055344343185,0.016930580139160156,2.8655194910243154e-05,0.9533891677856445,0.5571598410606384,0.14854970574378967,0.2942904531955719,0.00024195457808673382,1.0,,,,,,,,,,,,,,
65,30099,,,0.0271399337798357,0.027139898389577866,1.7497093551810394e-07,0.007075892295688391,0.018401145935058594,3.0390954179893015e-06,0.9560498595237732,0.5504856109619141,0.1476639211177826,0.30185046792030334,0.0002908480819314718,1.0,,,,,,,,,,,,,,
65,30119,,,0.029610203579068184,0.02961016818881035,1.7326237866654992e-07,0.007681283168494701,0.01868915557861328,5.504100045072846e-05,0.9694710969924927,0.5396062135696411,0.1564372479915619,0.3039565086364746,0.00027763168327510357,1.0,,,,,,,,,,,,,,
65,30139,,,0.03254393860697746,0.032543908804655075,1.5240382822412357e-07,0.008440487086772919,0.018301963806152344,0.000503845454659313,0.9828860759735107,0.5188025832176208,0.16051848232746124,0.3206789493560791,0.0002944257576018572,1.0,,,,,,,,,,,,,,
65,30159,,,0.0317559689283371,0.03175593167543411,1.8431808257446392e-07,0.008195086382329464,0.01712322235107422,1.7941903962537253e-08,0.9595592617988586,0.549838662147522,0.15016663074493408,0.29999470710754395,0.000256093917414546,1.0,,,,,,,,,,,,,,
65,30179,,,0.03365740552544594,0.03365735709667206,2.3416481553795165e-07,0.008662925101816654,0.017103195190429688,8.008113582036458e-06,0.9556131362915039,0.5539960861206055,0.1481909453868866,0.2978129982948303,0.0002484139986336231,1.0,,,,,,,,,,,,,,
,30200,13.39816509031828,23.734593345904635,,,,,,,,,,,,,,,,,,,,,,,,,,
65,30199,,,0.032394587993621826,0.03239455074071884,1.7721333733788924e-07,0.00837319903075695,0.018228530883789062,6.260913323785644e-06,0.9545690417289734,0.553479790687561,0.14881664514541626,0.2977035939693451,0.00027442676946520805,1.0,,,,,,,,,,,,,,
65,30219,,,0.03542076051235199,0.03542071953415871,2.004689036994023e-07,0.00914292223751545,0.018586158752441406,6.250810110941529e-05,0.9664349555969238,0.5394273996353149,0.15213555097579956,0.3084370493888855,0.00028648157604038715,1.0,,,,,,,,,,,,,,
65,30239,,,0.026913564652204514,0.026913518086075783,2.3074682076185127e-07,0.007014606613665819,0.01854991912841797,9.812724783841986e-06,0.9603205323219299,0.5458612442016602,0.15070116519927979,0.30343762040138245,0.00028601917438209057,1.0,,,,,,,,,,,,,,
65,30259,,,0.030576614663004875,0.030576560646295547,2.6622402060638706e-07,0.007944394834339619,0.01820659637451172,2.2902647742739646e-06,0.9583092927932739,0.548598051071167,0.1493004858493805,0.3021014332771301,0.0003001953009516001,1.0,,,,,,,,,,,,,,
65,30279,,,0.03270464763045311,0.03270460665225983,1.9573444376419502e-07,0.008431500755250454,0.017560958862304688,0.00016597429930698127,0.9734623432159424,0.5320358872413635,0.15634974837303162,0.31161439418792725,0.00025201961398124695,1.0,,,,,,,,,,,,,,
66,30299,,,0.028835061937570572,0.028835024684667587,1.8284522695921623e-07,0.007578847464174032,0.02002239227294922,0.0001269789645448327,0.9629665613174438,0.5345959663391113,0.15416574478149414,0.31123828887939453,0.0003675424959510565,1.0,,,,,,,,,,,,,,
66,30319,,,0.0381360724568367,0.03813604265451431,1.514995346951764e-07,0.009777377359569073,0.01806354522705078,9.398301699548028e-06,0.9645076394081116,0.545745849609375,0.15140312910079956,0.30285102128982544,0.00024317088536918163,1.0,,,,,,,,,,,,,,
66,30339,,,0.027365274727344513,0.027365241199731827,1.6649002532176382e-07,0.0071446835063397884,0.01862049102783203,6.041585152161133e-07,0.9560654163360596,0.55031418800354,0.1507551372051239,0.29893064498901367,0.00030335295014083385,1.0,,,,,,,,,,,,,,
66,30359,,,0.03735324740409851,0.03735322132706642,1.3331153070339496e-07,0.009600898250937462,0.01755237579345703,1.8795366486301646e-05,0.9651028513908386,0.5439204573631287,0.1523524522781372,0.30372709035873413,0.0002622108440846205,1.0,,,,,,,,,,,,,,
66,30379,,,0.031467240303754807,0.03146719932556152,2.0028863900733995e-07,0.008143329992890358,0.018407821655273438,0.00015407660976052284,0.9727829098701477,0.532606840133667,0.15664157271385193,0.31075161695480347,0.0002734381705522537,1.0,,,,,,,,,,,,,,
,30400,4.970387830545592,23.74060214674381,,,,,,,,,,,,,,,,,,,,,,,,,,
66,30399,,,0.026827985420823097,0.026827950030565262,1.7317245237791212e-07,0.0069989534094929695,0.018777847290039062,4.978533070243429e-06,0.955471396446228,0.5531246662139893,0.14805662631988525,0.2988187372684479,0.00029185740277171135,1.0,,,,,,,,,,,,,,
66,30419,,,0.034723155200481415,0.03472312539815903,1.543314027685483e-07,0.008963601663708687,0.01853656768798828,7.523491512984037e-05,0.9676844477653503,0.5378494262695312,0.1546175479888916,0.30753302574157715,0.00028130807913839817,1.0,,,,,,,,,,,,,,
66,30439,,,0.03093522973358631,0.030935198068618774,1.5838422484648618e-07,0.007994749583303928,0.01826953887939453,9.441002475796267e-05,0.9700573086738586,0.5365129709243774,0.15446540713310242,0.30902165174484253,0.0002590541262179613,1.0,,,,,,,,,,,,,,
66,30459,,,0.0304259005934,0.030425868928432465,1.5862184454817907e-07,0.00791836529970169,0.019095420837402344,5.101288479636423e-05,0.9625277519226074,0.5407325029373169,0.15115462243556976,0.30811288952827454,0.0003108696546405554,1.0,,,,,,,,,,,,,,
66,30479,,,0.03625734895467758,0.036257319152355194,1.5309385048567492e-07,0.009343934245407581,0.01790142059326172,0.00010795553680509329,0.9703662991523743,0.5353066325187683,0.15723778307437897,0.3074555993080139,0.00027743796817958355,1.0,,,,,,,,,,,,,,
66,30499,,,0.032579995691776276,0.03257996588945389,1.575714350110502e-07,0.008410032838582993,0.018035888671875,2.102372673107311e-05,0.9665532112121582,0.5436848998069763,0.15443237125873566,0.3018827438354492,0.00026461388915777206,1.0,,,,,,,,,,,,,,
