epoch,step,sys/eta_seconds,sys/steps_per_sec_live,train/bit_balance_loss,train/bit_density,train/bits_per_token,train/block0_exact_acc,train/block0_token_acc,train/block1_exact_acc,train/block1_token_acc,train/block2_exact_acc,train/block2_token_acc,train/block3_exact_acc,train/block3_token_acc,train/budget_acc,train/budget_loss,train/chunk_deviation_max,train/chunk_deviation_mean,train/chunk_deviation_p50,train/chunk_deviation_p90,train/chunk_deviation_p95,train/chunk_deviation_rate_mean,train/diffusion_embed_mse,train/effective_bits_per_token,train/exact_chunk_acc,train/gist_loss,train/lookup_active_k_mean,train/lookup_budget_k_mean,train/lookup_gate_mean,train/lookup_keep_prob_mean,train/lookup_selected_fraction,train/lookup_slot_cost_loss,train/lookup_slot_target_loss,train/lookup_token_acc,train/loss,train/non_lookup_token_acc,train/observed_effective_bits_per_token,train/residual_fine_region_fraction,train/residual_high_fraction,train/residual_high_precision,train/residual_high_recall,train/residual_medium_fraction,train/residual_router_acc,train/residual_router_loss,train/selector_loss,train/selector_precision_at_k,train/selector_recall_at_k,train/token_acc,train/token_ce,train/token_top10_acc,train/token_top5_acc,train/variable_window_cost_loss,train/variable_window_loss,train/variable_window_nonimprove_loss,train/weighted_token_ce,val/bit_balance_loss,val/bit_density,val/bits_per_token,val/block0_exact_acc,val/block0_token_acc,val/block1_exact_acc,val/block1_token_acc,val/block2_exact_acc,val/block2_token_acc,val/block3_exact_acc,val/block3_token_acc,val/budget_acc,val/budget_loss,val/chunk_deviation_max,val/chunk_deviation_mean,val/chunk_deviation_p50,val/chunk_deviation_p90,val/chunk_deviation_p95,val/chunk_deviation_rate_mean,val/diffusion_embed_mse,val/effective_bits_per_token,val/exact_chunk_acc,val/gist_loss,val/lookup_active_k_mean,val/lookup_budget_k_mean,val/lookup_gate_mean,val/lookup_keep_prob_mean,val/lookup_selected_fraction,val/lookup_slot_cost_loss,val/lookup_slot_target_loss,val/lookup_token_acc,val/loss,val/non_lookup_token_acc,val/observed_effective_bits_per_token,val/residual_fine_region_fraction,val/residual_high_fraction,val/residual_high_precision,val/residual_high_recall,val/residual_medium_fraction,val/residual_router_acc,val/residual_router_loss,val/selector_loss,val/selector_precision_at_k,val/selector_recall_at_k,val/token_acc,val/token_ce,val/token_top10_acc,val/token_top5_acc,val/variable_window_cost_loss,val/variable_window_loss,val/variable_window_nonimprove_loss,val/weighted_token_ce
0,4,,,0.09556102752685547,0.462554931640625,16.0,0.0,0.212890625,0.0,0.30859375,0.0,0.27734375,0.0,0.30078125,0.0,0.0,62.0,46.40625,47.0,51.0,55.949989318847656,0.72509765625,0.0,27.0,0.0,11.09429931640625,26.78125,17.52593994140625,0.6321561336517334,0.5476856231689453,0.41845703125,0.546875,0.0,0.3068844974040985,11.347323417663574,0.251889169216156,22.0245418548584,0.01953125,0.01953125,0.07500000298023224,0.005444645881652832,0.0,0.4775390625,1.0677642822265625,0.0,0.22924447059631348,0.35289350152015686,0.27490234375,8.348315238952637,0.37890625,0.36572265625,0.0,0.0,0.0,8.348315238952637,,,,,,,,,,,,,,,,,,,,,,,,,,,,,,,,,,,,,,,,,,,,,,,,,,,,
0,9,,,0.08258342742919922,0.467010498046875,16.0,0.0,0.21875,0.0,0.275390625,0.0,0.28125,0.0,0.20703125,0.0,0.0,59.0,48.28125,48.5,59.0,59.0,0.75439453125,0.0,27.0,0.0,10.53240966796875,27.40625,17.84381103515625,0.7549930214881897,0.5576190948486328,0.42822265625,0.55859375,0.0,0.28620296716690063,10.590126037597656,0.21520067751407623,22.13381004333496,0.0,0.0,0.0,0.0,0.0,0.47021484375,1.0669307708740234,0.0,0.2399480640888214,0.37941014766693115,0.24560546875,7.7316412925720215,0.46484375,0.4384765625,0.0,0.0,0.0,7.7316412925720215,,,,,,,,,,,,,,,,,,,,,,,,,,,,,,,,,,,,,,,,,,,,,,,,,,,,
0,14,,,0.07626724243164062,0.46600341796875,16.0,0.0,0.25390625,0.0,0.26953125,0.0,0.22265625,0.0,0.27734375,0.0,0.0,59.0,47.625,48.0,57.599998474121094,58.0,0.744140625,0.0,27.0,0.0,10.21197509765625,27.34375,18.1883544921875,0.7868393063545227,0.5683860778808594,0.42724609375,0.5703125,0.0,0.26514285802841187,10.102191925048828,0.24893435835838318,22.252246856689453,0.0,0.0,0.0,0.0,0.0,0.48974609375,1.0449905395507812,0.0,0.2294110655784607,0.37426310777664185,0.255859375,7.328024387359619,0.501953125,0.4599609375,0.0,0.0,0.0,7.328024387359619,,,,,,,,,,,,,,,,,,,,,,,,,,,,,,,,,,,,,,,,,,,,,,,,,,,,
0,19,,,0.0721139907836914,0.459503173828125,16.0,0.0,0.208984375,0.0,0.275390625,0.0,0.279296875,0.0,0.208984375,0.0,0.0,59.0,48.4375,48.0,58.0,58.44999694824219,0.7568359375,0.0,27.0,0.0,10.040863037109375,27.0,18.4310302734375,0.7606788873672485,0.5759696960449219,0.421875,0.57421875,0.0,0.2152777761220932,10.160207748413086,0.2635135054588318,22.33566665649414,0.0,0.0,0.0,0.0,0.0,0.47998046875,1.038003921508789,0.0,0.2932649850845337,0.4618626832962036,0.2431640625,7.4301958084106445,0.494140625,0.4345703125,0.0,0.0,0.0,7.4301958084106445,,,,,,,,,,,,,,,,,,,,,,,,,,,,,,,,,,,,,,,,,,,,,,,,,,,,
0,24,,,0.06763267517089844,0.46295166015625,16.0,0.0,0.21875,0.0,0.19140625,0.0,0.265625,0.0,0.259765625,0.0,0.0,60.0,49.03125,48.5,59.900001525878906,60.0,0.76611328125,0.0,27.0,0.0,9.78594970703125,28.09375,18.66485595703125,0.7613580822944641,0.5832767486572266,0.43896484375,0.58203125,0.0,0.22024470567703247,9.66433048248291,0.24456048011779785,22.416044235229492,0.0,0.0,0.0,0.0,0.0,0.48779296875,1.0237884521484375,0.0,0.264906644821167,0.45723551511764526,0.23388671875,7.000751495361328,0.564453125,0.46630859375,0.0,0.0,0.0,7.000751495361328,,,,,,,,,,,,,,,,,,,,,,,,,,,,,,,,,,,,,,,,,,,,,,,,,,,,
0,29,,,0.06550788879394531,0.4517822265625,16.0,0.0,0.0859375,0.0,0.09765625,0.0,0.109375,0.0,0.126953125,0.0,0.0,61.0,57.28125,59.0,60.0,61.0,0.89501953125,0.0,27.0,0.0,9.5953369140625,28.375,19.0628662109375,0.8058834075927734,0.5957145690917969,0.443359375,0.59765625,0.0,0.15859030187129974,10.147625923156738,0.06228070333600044,22.552860260009766,0.00146484375,0.0,0.0,0.0,0.00146484375,0.4931640625,0.9994688034057617,0.0,0.28395944833755493,0.4860701262950897,0.10498046875,7.536279678344727,0.6171875,0.39697265625,0.0,0.0,0.0,7.536279678344727,,,,,,,,,,,,,,,,,,,,,,,,,,,,,,,,,,,,,,,,,,,,,,,,,,,,
0,34,,,0.05321788787841797,0.450286865234375,16.0,0.0,0.115234375,0.0,0.125,0.0,0.103515625,0.0,0.091796875,0.0,0.0,60.0,57.03125,57.0,60.0,60.0,0.89111328125,0.0,27.0,0.0,9.408187866210938,27.53125,19.326171875,0.8105934858322144,0.60394287109375,0.43017578125,0.60546875,0.0,0.21452894806861877,10.155486106872559,0.029134532436728477,22.64337158203125,0.14404296875,0.00146484375,0.6666666865348816,0.0037523452192544937,0.142578125,0.50537109375,0.983250617980957,0.0,0.2832261025905609,0.4665032625198364,0.10888671875,7.59417200088501,0.6123046875,0.341796875,0.0,0.0,0.0,7.59417200088501,,,,,,,,,,,,,,,,,,,,,,,,,,,,,,,,,,,,,,,,,,,,,,,,,,,,
0,39,,,0.05372047424316406,0.452392578125,16.0,0.0,0.13671875,0.0,0.09765625,0.0,0.13671875,0.0,0.126953125,0.0,0.0,60.0,56.03125,57.0,59.0,59.0,0.87548828125,0.0,27.0,0.0,8.981552124023438,29.84375,19.89312744140625,0.8015011548995972,0.6216602325439453,0.46630859375,0.62109375,0.0,0.23246073722839355,9.502076148986816,0.03019213117659092,22.8382625579834,0.31494140625,0.01416015625,0.37931033968925476,0.020220588892698288,0.30078125,0.5322265625,0.9404020309448242,0.0,0.33536845445632935,0.5905317068099976,0.12451171875,7.0556182861328125,0.662109375,0.52587890625,0.0,0.0,0.0,7.0556182861328125,,,,,,,,,,,,,,,,,,,,,,,,,,,,,,,,,,,,,,,,,,,,,,,,,,,,
0,44,,,0.05551433563232422,0.440277099609375,16.0,0.0,0.181640625,0.0,0.21875,0.0,0.173828125,0.0,0.16796875,0.0,0.0,59.0,52.125,52.5,58.599998474121094,59.0,0.814453125,0.0,27.0,0.0,8.863800048828125,28.84375,19.938232421875,0.7828920483589172,0.6230697631835938,0.45068359375,0.625,0.0,0.2741061747074127,9.316222190856934,0.1128888875246048,22.85376739501953,0.29345703125,0.0224609375,0.43478259444236755,0.03724394738674164,0.27099609375,0.51220703125,0.9405736923217773,0.0,0.33974677324295044,0.5843639969825745,0.185546875,6.89909029006958,0.65185546875,0.5380859375,0.0,0.0,0.0,6.89909029006958,,,,,,,,,,,,,,,,,,,,,,,,,,,,,,,,,,,,,,,,,,,,,,,,,,,,
0,49,,,0.05116081237792969,0.44287109375,16.0,0.0,0.244140625,0.0,0.26171875,0.0,0.2421875,0.0,0.193359375,0.0,0.0,56.0,48.9375,51.0,56.0,56.0,0.7646484375,0.0,27.0,0.0,8.529953002929688,30.0625,20.69561767578125,0.8142054080963135,0.6467380523681641,0.4697265625,0.6484375,0.0,0.382536381483078,8.48593807220459,0.10497237741947174,23.114118576049805,0.2294921875,0.0263671875,0.29629629850387573,0.029197080060839653,0.203125,0.5087890625,0.9400906562805176,0.0,0.32714200019836426,0.5743652582168579,0.2353515625,6.151980400085449,0.68212890625,0.57861328125,0.0,0.0,0.0,6.151980400085449,,,,,,,,,,,,,,,,,,,,,,,,,,,,,,,,,,,,,,,,,,,,,,,,,,,,
0,54,,,0.04810333251953125,0.44189453125,16.0,0.0,0.275390625,0.0,0.361328125,0.0,0.306640625,0.0,0.294921875,0.0,0.0,52.0,44.1875,46.0,49.900001525878906,51.44999694824219,0.6904296875,0.0,27.0,0.0,8.258621215820312,30.5625,21.160888671875,0.8442572355270386,0.6612777709960938,0.4775390625,0.66015625,0.0,0.4335378110408783,7.913159370422363,0.1962616890668869,23.27405548095703,0.31005859375,0.07958984375,0.3742331266403198,0.11423221230506897,0.23046875,0.5244140625,0.9092941284179688,0.0,0.35127556324005127,0.645881712436676,0.3095703125,5.652980327606201,0.72998046875,0.6259765625,0.0,0.0,0.0,5.652980327606201,,,,,,,,,,,,,,,,,,,,,,,,,,,,,,,,,,,,,,,,,,,,,,,,,,,,
0,59,,,0.04843711853027344,0.435791015625,16.0,0.0,0.40625,0.0,0.328125,0.0,0.361328125,0.0,0.302734375,0.0,0.0,50.0,41.625,45.5,49.0,49.44999694824219,0.650390625,0.0,27.0,0.0,8.167984008789062,30.28125,21.453857421875,0.8434396386146545,0.6704330444335938,0.47314453125,0.671875,0.0,0.46336430311203003,7.685831546783447,0.24745135009288788,23.37476348876953,0.2939453125,0.14404296875,0.43389829993247986,0.2327272742986679,0.14990234375,0.533203125,0.9220767021179199,0.0,0.3384358286857605,0.6008509993553162,0.349609375,5.445508003234863,0.734375,0.6259765625,0.0,0.0,0.0,5.445508003234863,,,,,,,,,,,,,,,,,,,,,,,,,,,,,,,,,,,,,,,,,,,,,,,,,,,,
0,64,,,0.04570198059082031,0.43310546875,16.0,0.0,0.36328125,0.0,0.3203125,0.0,0.337890625,0.0,0.361328125,0.0,0.0,55.0,41.875,43.5,48.0,51.149993896484375,0.654296875,0.0,27.0,0.0,7.846435546875,30.34375,21.8736572265625,0.8625008463859558,0.6835517883300781,0.47412109375,0.68359375,0.0,0.46755924820899963,7.268301486968994,0.23584029078483582,23.51906967163086,0.32763671875,0.2314453125,0.5063291192054749,0.43557170033454895,0.09619140625,0.583984375,0.8766717910766602,0.0,0.3794592618942261,0.6705050468444824,0.345703125,5.117229461669922,0.767578125,0.67529296875,0.0,0.0,0.0,5.117229461669922,,,,,,,,,,,,,,,,,,,,,,,,,,,,,,,,,,,,,,,,,,,,,,,,,,,,
0,69,,,0.04966926574707031,0.4317626953125,16.0,0.0,0.4375,0.0,0.38671875,0.0,0.439453125,0.0,0.484375,0.0,0.0,47.0,36.03125,38.0,46.599998474121094,47.0,0.56298828125,0.0,27.0,0.0,7.6252899169921875,31.1875,22.527587890625,0.8716456294059753,0.7039871215820312,0.4873046875,0.703125,0.0,0.4989980161190033,6.780487060546875,0.37809523940086365,23.743858337402344,0.39794921875,0.28466796875,0.46140652894973755,0.5009310841560364,0.11328125,0.59130859375,0.8329164981842041,0.0,0.4107501208782196,0.7638263702392578,0.43701171875,4.6930460929870605,0.79541015625,0.70849609375,0.0,0.0,0.0,4.6930460929870605,,,,,,,,,,,,,,,,,,,,,,,,,,,,,,,,,,,,,,,,,,,,,,,,,,,,
0,74,,,0.04367351531982422,0.433685302734375,16.0,0.0,0.51953125,0.0,0.5,0.0,0.494140625,0.0,0.521484375,0.0,0.0,42.0,31.4375,34.0,40.69999694824219,41.44999694824219,0.4912109375,0.0,27.0,0.0,7.479583740234375,31.0,22.73419189453125,0.8797686100006104,0.7104434967041016,0.484375,0.7109375,0.0,0.5423386693000793,6.484561443328857,0.47727274894714355,23.814878463745117,0.41455078125,0.349609375,0.5041899681091309,0.6539855003356934,0.06494140625,0.623046875,0.8041646480560303,0.0,0.44938892126083374,0.8077935576438904,0.5087890625,4.439174652099609,0.810546875,0.72021484375,0.0,0.0,0.0,4.439174652099609,,,,,,,,,,,,,,,,,,,,,,,,,,,,,,,,,,,,,,,,,,,,,,,,,,,,
0,79,,,0.04788780212402344,0.4241943359375,16.0,0.0,0.470703125,0.0,0.37890625,0.0,0.4296875,0.0,0.3828125,0.0,0.0,52.0,37.40625,40.0,47.5,49.79999542236328,0.58447265625,0.0,27.0,0.0,7.2905731201171875,31.5,23.1929931640625,0.8890982270240784,0.7247810363769531,0.4921875,0.7265625,0.0,0.564484179019928,6.266101837158203,0.27115383744239807,23.972591400146484,0.384765625,0.28759765625,0.5161290168762207,0.5567765831947327,0.09716796875,0.6201171875,0.8036215305328369,0.0,0.42870670557022095,0.7919387817382812,0.41552734375,4.26772928237915,0.8076171875,0.728515625,0.0,0.0,0.0,4.26772928237915,,,,,,,,,,,,,,,,,,,,,,,,,,,,,,,,,,,,,,,,,,,,,,,,,,,,
0,84,,,0.043084144592285156,0.426239013671875,16.0,0.0,0.537109375,0.0,0.5234375,0.0,0.505859375,0.0,0.509765625,0.0,0.0,44.0,30.78125,31.0,41.900001525878906,43.44999694824219,0.48095703125,0.0,27.0,0.0,7.155303955078125,31.625,23.3897705078125,0.8983834981918335,0.7309303283691406,0.494140625,0.73046875,0.0,0.6264822483062744,5.950413703918457,0.41409265995025635,24.040233612060547,0.4580078125,0.3505859375,0.5320334434509277,0.7166979312896729,0.107421875,0.6455078125,0.775001049041748,0.0,0.4432963728904724,0.84358811378479,0.51904296875,3.9915692806243896,0.810546875,0.7216796875,0.0,0.0,0.0,3.9915692806243896,,,,,,,,,,,,,,,,,,,,,,,,,,,,,,,,,,,,,,,,,,,,,,,,,,,,
0,89,,,0.040683746337890625,0.42694091796875,16.0,0.0,0.55078125,0.0,0.5859375,0.0,0.546875,0.0,0.611328125,0.0,0.0,39.0,27.28125,27.0,33.0,35.0,0.42626953125,0.0,27.0,0.0,6.89044189453125,31.6875,23.7999267578125,0.8903977274894714,0.7437477111816406,0.4951171875,0.7421875,0.0,0.675542414188385,5.528952598571777,0.4738878309726715,24.181224822998047,0.458984375,0.3193359375,0.567278265953064,0.7053232192993164,0.1396484375,0.65869140625,0.7259868383407593,0.0,0.4527469873428345,0.8748367428779602,0.57373046875,3.645906448364258,0.84375,0.77587890625,0.0,0.0,0.0,3.645906448364258,,,,,,,,,,,,,,,,,,,,,,,,,,,,,,,,,,,,,,,,,,,,,,,,,,,,
0,94,,,0.04082679748535156,0.42919921875,16.0,0.0,0.62109375,0.0,0.611328125,0.0,0.5625,0.0,0.576171875,0.0,0.0,41.0,26.0625,26.5,37.39999771118164,40.44999694824219,0.4072265625,0.0,27.0,0.0,6.6133575439453125,31.8125,24.2288818359375,0.8930808305740356,0.7571525573730469,0.4970703125,0.7578125,0.0,0.6719056963920593,5.279423236846924,0.5145631432533264,24.328678131103516,0.45361328125,0.29443359375,0.6384742856025696,0.7319391369819641,0.1591796875,0.72802734375,0.6614899039268494,0.0,0.4774130582809448,0.9255514144897461,0.5927734375,3.478240966796875,0.876953125,0.78515625,0.0,0.0,0.0,3.478240966796875,,,,,,,,,,,,,,,,,,,,,,,,,,,,,,,,,,,,,,,,,,,,,,,,,,,,
,100,715.2559689749999,8.248795194893678,,,,,,,,,,,,,,,,,,,,,,,,,,,,,,,,,,,,,,,,,,,,,,,,,,,,,,,,,,,,,,,,,,,,,,,,,,,,,,,,,,,,,,,,,,,,,,,,,,,,,,,,
0,99,,,0.04387187957763672,0.425384521484375,16.0,0.0,0.65625,0.0,0.541015625,0.0,0.55859375,0.0,0.609375,0.0,0.0,41.0,26.15625,25.5,38.0,41.0,0.40869140625,0.0,27.0,0.0,6.3721160888671875,31.96875,24.69818115234375,0.890556275844574,0.7718181610107422,0.49951171875,0.7734375,0.0,0.7302052974700928,4.896178245544434,0.4526829123497009,24.489999771118164,0.4697265625,0.2578125,0.6950757503509521,0.6950757503509521,0.2119140625,0.728515625,0.6450626850128174,0.0,0.4751133918762207,0.9203431606292725,0.59130859375,3.1582560539245605,0.89697265625,0.81787109375,0.0,0.0,0.0,3.1582560539245605,,,,,,,,,,,,,,,,,,,,,,,,,,,,,,,,,,,,,,,,,,,,,,,,,,,,
0,104,,,0.04246997833251953,0.421905517578125,16.0,0.0,0.650390625,0.0,0.572265625,0.0,0.611328125,0.0,0.658203125,0.0,0.0,36.0,24.125,24.0,36.0,36.0,0.376953125,0.0,27.0,0.0,6.228309631347656,31.90625,25.0784912109375,0.8932304382324219,0.7837028503417969,0.49853515625,0.78515625,0.0,0.7855044007301331,4.66496467590332,0.4615384638309479,24.620731353759766,0.46826171875,0.27978515625,0.6823734641075134,0.7490421533584595,0.1884765625,0.7412109375,0.6097842454910278,0.0,0.4779800772666931,0.9355165958404541,0.623046875,2.9697587490081787,0.89892578125,0.81201171875,0.0,0.0,0.0,2.9697587490081787,,,,,,,,,,,,,,,,,,,,,,,,,,,,,,,,,,,,,,,,,,,,,,,,,,,,
0,109,,,0.03792381286621094,0.4248046875,16.0,0.0625,0.7265625,0.0,0.693359375,0.0625,0.669921875,0.0,0.697265625,0.0,0.0,26.0,19.40625,21.5,25.0,25.44999885559082,0.30322265625,0.0,27.0,0.0,6.0048370361328125,31.90625,25.20068359375,0.9000979065895081,0.7875213623046875,0.49853515625,0.7890625,0.0,0.8031341433525085,4.397828578948975,0.5910418629646301,24.662734985351562,0.48388671875,0.3056640625,0.6261980533599854,0.7509578466415405,0.17822265625,0.73095703125,0.6046412587165833,0.0,0.4770035147666931,0.9330192804336548,0.69677734375,2.7595643997192383,0.89501953125,0.837890625,0.0,0.0,0.0,2.7595643997192383,,,,,,,,,,,,,,,,,,,,,,,,,,,,,,,,,,,,,,,,,,,,,,,,,,,,
0,114,,,0.04147052764892578,0.435516357421875,16.0,0.09375,0.73828125,0.0625,0.71875,0.09375,0.716796875,0.0,0.728515625,0.0,0.0,29.0,17.5625,17.0,28.0,28.0,0.2744140625,0.0,27.0,0.0,5.708038330078125,31.875,25.78271484375,0.8975299000740051,0.8057098388671875,0.498046875,0.8046875,0.0,0.8441177010536194,4.070551872253418,0.6079766750335693,24.862808227539062,0.47119140625,0.26513671875,0.6758747696876526,0.6950757503509521,0.2060546875,0.74365234375,0.5538668036460876,0.0,0.4883442521095276,0.9429764151573181,0.7255859375,2.5162410736083984,0.91259765625,0.86181640625,0.0,0.0,0.0,2.5162410736083984,,,,,,,,,,,,,,,,,,,,,,,,,,,,,,,,,,,,,,,,,,,,,,,,,,,,
0,119,,,0.044531822204589844,0.431060791015625,16.0,0.09375,0.744140625,0.125,0.765625,0.0,0.74609375,0.0,0.787109375,0.0,0.0,23.0,15.3125,17.0,22.0,22.0,0.2392578125,0.0,27.0,0.0,5.446907043457031,31.875,26.43408203125,0.9037569761276245,0.8260650634765625,0.498046875,0.82421875,0.0,0.9078431725502014,3.7804293632507324,0.6147859692573547,25.086715698242188,0.49658203125,0.267578125,0.6660584211349487,0.708737850189209,0.22900390625,0.76904296875,0.517096757888794,0.0,0.4833354353904724,0.9572610259056091,0.7607421875,2.29835844039917,0.9501953125,0.8779296875,0.0,0.0,0.0,2.29835844039917,,,,,,,,,,,,,,,,,,,,,,,,,,,,,,,,,,,,,,,,,,,,,,,,,,,,
0,124,,,0.04511737823486328,0.431427001953125,16.0,0.0,0.7265625,0.0,0.76953125,0.0,0.767578125,0.0,0.7578125,0.0,0.0,26.0,15.65625,15.5,21.0,21.0,0.24462890625,0.0,27.0,0.0,5.36492919921875,32.0,26.6612548828125,0.899200439453125,0.8331642150878906,0.5,0.83203125,0.0,0.908203125,3.6724693775177,0.6025390625,25.164806365966797,0.47607421875,0.24755859375,0.7238658666610718,0.7044146060943604,0.228515625,0.7763671875,0.5101287961006165,0.0,0.494140625,0.9711626768112183,0.75537109375,2.212158679962158,0.94091796875,0.86474609375,0.0,0.0,0.0,2.212158679962158,,,,,,,,,,,,,,,,,,,,,,,,,,,,,,,,,,,,,,,,,,,,,,,,,,,,
0,129,,,0.03966999053955078,0.426116943359375,16.0,0.15625,0.787109375,0.15625,0.79296875,0.0625,0.763671875,0.09375,0.779296875,0.0,0.0,25.0,14.03125,15.0,22.0,23.34999656677246,0.21923828125,0.0,27.0,0.0,5.077323913574219,31.9375,26.8134765625,0.9000198841094971,0.837921142578125,0.4990234375,0.83984375,0.0,0.9021526575088501,3.368016004562378,0.6598440408706665,25.217132568359375,0.4716796875,0.2431640625,0.7108433842658997,0.6781609058380127,0.228515625,0.7705078125,0.5135610103607178,0.0,0.4961252510547638,0.9714945554733276,0.78076171875,1.9787304401397705,0.9326171875,0.89013671875,0.0,0.0,0.0,1.9787304401397705,,,,,,,,,,,,,,,,,,,,,,,,,,,,,,,,,,,,,,,,,,,,,,,,,,,,
0,134,,,0.03699779510498047,0.431243896484375,16.0,0.09375,0.748046875,0.1875,0.810546875,0.03125,0.7734375,0.03125,0.748046875,0.0,0.0,24.0,14.71875,15.5,23.899999618530273,24.0,0.22998046875,0.0,27.0,0.0,4.940040588378906,32.0,27.1295166015625,0.9089241027832031,0.8477973937988281,0.5,0.84765625,0.0,0.92578125,3.2528014183044434,0.6142578125,25.32577133178711,0.498046875,0.265625,0.7242646813392639,0.7476280927658081,0.232421875,0.78662109375,0.484840452671051,0.0,0.5048828125,0.9809027910232544,0.77001953125,1.9034852981567383,0.9501953125,0.8994140625,0.0,0.0,0.0,1.9034852981567383,,,,,,,,,,,,,,,,,,,,,,,,,,,,,,,,,,,,,,,,,,,,,,,,,,,,
0,139,,,0.038765907287597656,0.429290771484375,16.0,0.09375,0.8046875,0.28125,0.806640625,0.125,0.82421875,0.15625,0.85546875,0.0,0.0,20.0,11.34375,12.0,17.0,19.0,0.17724609375,0.0,27.0,0.0,4.692329406738281,31.90625,27.22821044921875,0.9007291793823242,0.8508815765380859,0.49853515625,0.8515625,0.0,0.9324191808700562,2.982457160949707,0.7137293219566345,25.359697341918945,0.48486328125,0.2333984375,0.8033472895622253,0.7384615540504456,0.25146484375,0.8076171875,0.45377254486083984,0.0,0.5006300210952759,0.982536792755127,0.82275390625,1.7011427879333496,0.9443359375,0.91357421875,0.0,0.0,0.0,1.7011427879333496,,,,,,,,,,,,,,,,,,,,,,,,,,,,,,,,,,,,,,,,,,,,,,,,,,,,
0,144,,,0.03981304168701172,0.424285888671875,16.0,0.09375,0.798828125,0.125,0.8203125,0.03125,0.83984375,0.09375,0.849609375,0.0,0.0,24.0,11.0625,12.0,15.899999618530273,16.0,0.1728515625,0.0,27.0,0.0,4.586437225341797,31.90625,27.43487548828125,0.9044671058654785,0.8573398590087891,0.49853515625,0.85546875,0.0,0.9578844308853149,2.855024814605713,0.6971762776374817,25.43073844909668,0.51171875,0.2861328125,0.7423208355903625,0.8381502628326416,0.2255859375,0.81103515625,0.4414743185043335,0.0,0.5044417381286621,0.9925321340560913,0.8271484375,1.602632761001587,0.94921875,0.90625,0.0,0.0,0.0,1.602632761001587,,,,,,,,,,,,,,,,,,,,,,,,,,,,,,,,,,,,,,,,,,,,,,,,,,,,
0,149,,,0.037528038024902344,0.431549072265625,16.0,0.09375,0.841796875,0.09375,0.779296875,0.09375,0.8359375,0.15625,0.84375,0.0,0.0,21.0,11.1875,11.5,15.899999618530273,18.2499942779541,0.1748046875,0.0,27.0,0.09375,4.408115386962891,32.0,27.8489990234375,0.9098930358886719,0.8702812194824219,0.5,0.87109375,0.0,0.978515625,2.7267746925354004,0.671875,25.57309341430664,0.50341796875,0.28515625,0.7585616707801819,0.8519230484962463,0.21826171875,0.82958984375,0.4146936535835266,0.0,0.5029296875,0.9908088445663452,0.8251953125,1.5239757299423218,0.9560546875,0.9130859375,0.0,0.0,0.0,1.5239757299423218,,,,,,,,,,,,,,,,,,,,,,,,,,,,,,,,,,,,,,,,,,,,,,,,,,,,
0,154,,,0.0353240966796875,0.42926025390625,16.0,0.0625,0.830078125,0.1875,0.84765625,0.21875,0.826171875,0.1875,0.865234375,0.0,0.0,17.0,10.09375,11.0,15.0,16.44999885559082,0.15771484375,0.0,27.0,0.0,4.150844573974609,31.96875,28.05548095703125,0.9080255627632141,0.8767337799072266,0.49951171875,0.875,0.0,0.9902248382568359,2.4698326587677,0.6946341395378113,25.644071578979492,0.5146484375,0.27880859375,0.7915936708450317,0.8776699304580688,0.23583984375,0.85400390625,0.36118844151496887,0.0,0.4995274543762207,0.992302417755127,0.84228515625,1.3420745134353638,0.9833984375,0.93603515625,0.0,0.0,0.0,1.3420745134353638,,,,,,,,,,,,,,,,,,,,,,,,,,,,,,,,,,,,,,,,,,,,,,,,,,,,
0,159,,,0.03694629669189453,0.432952880859375,16.0,0.25,0.888671875,0.28125,0.873046875,0.21875,0.876953125,0.25,0.880859375,0.0,0.0,18.0,7.6875,6.5,15.0,15.0,0.1201171875,0.0,27.0,0.09375,3.863140106201172,32.0,28.363037109375,0.9064102172851562,0.8863449096679688,0.5,0.88671875,0.0,0.9951171875,2.2147176265716553,0.7646484375,25.749794006347656,0.50732421875,0.287109375,0.8044217824935913,0.9078694581985474,0.22021484375,0.88623046875,0.3198309540748596,0.0,0.5029296875,0.98828125,0.8798828125,1.1668967008590698,0.9931640625,0.97119140625,0.0,0.0,0.0,1.1668967008590698,,,,,,,,,,,,,,,,,,,,,,,,,,,,,,,,,,,,,,,,,,,,,,,,,,,,
0,164,,,0.03584003448486328,0.435516357421875,16.0,0.40625,0.908203125,0.125,0.876953125,0.3125,0.908203125,0.28125,0.876953125,0.0,0.0,15.0,6.875,7.0,12.0,13.89999771118164,0.107421875,0.0,27.0,0.125,3.712696075439453,32.0,28.4132080078125,0.9008064270019531,0.8879127502441406,0.5,0.88671875,0.0,0.990234375,2.042879343032837,0.794921875,25.767040252685547,0.50537109375,0.29248046875,0.7996661067008972,0.9193857908248901,0.212890625,0.87744140625,0.3099892735481262,0.0,0.5068359375,0.9963235259056091,0.892578125,1.0346488952636719,0.99609375,0.97802734375,0.0,0.0,0.0,1.0346488952636719,,,,,,,,,,,,,,,,,,,,,,,,,,,,,,,,,,,,,,,,,,,,,,,,,,,,
0,169,,,0.03900432586669922,0.433197021484375,16.0,0.28125,0.88671875,0.3125,0.87890625,0.375,0.91796875,0.34375,0.921875,0.0,0.0,16.0,6.3125,4.5,13.0,16.0,0.0986328125,0.0,27.0,0.15625,3.5038833618164062,32.0,28.5443115234375,0.9001808166503906,0.8920097351074219,0.5,0.890625,0.0,0.9951171875,1.902381181716919,0.8076171875,25.81210708618164,0.4970703125,0.267578125,0.8430656790733337,0.8799999952316284,0.2294921875,0.88427734375,0.32706397771835327,0.0,0.505859375,0.986328125,0.9013671875,0.9427852034568787,0.99560546875,0.97509765625,0.0,0.0,0.0,0.9427852034568787,,,,,,,,,,,,,,,,,,,,,,,,,,,,,,,,,,,,,,,,,,,,,,,,,,,,
0,174,,,0.03533363342285156,0.4361572265625,16.0,0.28125,0.9140625,0.40625,0.91015625,0.4375,0.916015625,0.4375,0.921875,0.0,0.0,16.0,5.40625,5.5,10.0,12.0,0.08447265625,0.0,27.0,0.1875,3.3229522705078125,32.0,28.4703369140625,0.9009895324707031,0.8896980285644531,0.5,0.890625,0.0,0.994140625,1.7324649095535278,0.8369140625,25.786678314208984,0.50732421875,0.26953125,0.8713768124580383,0.9285714030265808,0.23779296875,0.91259765625,0.28085196018218994,0.0,0.501953125,0.9921875,0.91552734375,0.8273808360099792,0.9970703125,0.98681640625,0.0,0.0,0.0,0.8273808360099792,,,,,,,,,,,,,,,,,,,,,,,,,,,,,,,,,,,,,,,,,,,,,,,,,,,,
0,179,,,0.03460693359375,0.4327392578125,16.0,0.53125,0.935546875,0.375,0.8984375,0.375,0.900390625,0.46875,0.94140625,0.0,0.0,17.0,5.1875,6.0,9.899999618530273,10.0,0.0810546875,0.0,27.0,0.21875,3.213888168334961,32.0,28.5419921875,0.9019050598144531,0.891937255859375,0.5,0.890625,0.0,0.9892578125,1.6771196126937866,0.8486328125,25.811309814453125,0.51318359375,0.27099609375,0.8684684634208679,0.9180952310562134,0.2421875,0.890625,0.28375306725502014,0.0,0.5126953125,1.0,0.9189453125,0.7987286448478699,0.99853515625,0.98974609375,0.0,0.0,0.0,0.7987286448478699,,,,,,,,,,,,,,,,,,,,,,,,,,,,,,,,,,,,,,,,,,,,,,,,,,,,
0,184,,,0.03125286102294922,0.438140869140625,16.0,0.46875,0.935546875,0.34375,0.91796875,0.46875,0.9296875,0.4375,0.9375,0.0,0.0,12.0,4.46875,4.0,9.899999618530273,11.44999885559082,0.06982421875,0.0,27.0,0.3125,2.9963436126708984,32.0,28.609130859375,0.8971748352050781,0.8940353393554688,0.5,0.89453125,0.0,0.9990234375,1.508649468421936,0.861328125,25.834388732910156,0.51123046875,0.2763671875,0.8427562117576599,0.9226305484771729,0.23486328125,0.8935546875,0.26150622963905334,0.0,0.50390625,0.998046875,0.93017578125,0.689005434513092,0.99853515625,0.99462890625,0.0,0.0,0.0,0.689005434513092,,,,,,,,,,,,,,,,,,,,,,,,,,,,,,,,,,,,,,,,,,,,,,,,,,,,
0,189,,,0.032601356506347656,0.436370849609375,16.0,0.3125,0.931640625,0.53125,0.9453125,0.6875,0.951171875,0.4375,0.953125,0.0,0.0,12.0,3.5,3.0,8.0,8.0,0.0546875,0.0,27.0,0.21875,2.8250293731689453,32.0,28.7955322265625,0.888397216796875,0.8998603820800781,0.5,0.8984375,0.0,0.998046875,1.4061254262924194,0.892578125,25.89846420288086,0.49755859375,0.2548828125,0.8946360349655151,0.8895238041877747,0.24267578125,0.90185546875,0.25800299644470215,0.0,0.5068359375,0.9887152910232544,0.9453125,0.6299971342086792,0.99951171875,0.99755859375,0.0,0.0,0.0,0.6299971342086792,,,,,,,,,,,,,,,,,,,,,,,,,,,,,,,,,,,,,,,,,,,,,,,,,,,,
0,194,,,0.034224510192871094,0.434173583984375,16.0,0.6875,0.9765625,0.4375,0.9375,0.53125,0.94140625,0.46875,0.955078125,0.0,0.0,9.0,3.03125,3.0,6.0,7.349996566772461,0.04736328125,0.0,27.0,0.21875,2.8071813583374023,32.0,28.71826171875,0.8824005126953125,0.8974456787109375,0.5,0.8984375,0.0,1.0,1.3933926820755005,0.9052734375,25.871902465820312,0.50537109375,0.26220703125,0.890130341053009,0.9122137427330017,0.2431640625,0.904296875,0.27221885323524475,0.0,0.509765625,0.99609375,0.95263671875,0.6188669800758362,0.9990234375,0.9990234375,0.0,0.0,0.0,0.6188669800758362,,,,,,,,,,,,,,,,,,,,,,,,,,,,,,,,,,,,,,,,,,,,,,,,,,,,
,200,682.0137310849999,8.504227606639112,,,,,,,,,,,,,,,,,,,,,,,,,,,,,,,,,,,,,,,,,,,,,,,,,,,,,,,,,,,,,,,,,,,,,,,,,,,,,,,,,,,,,,,,,,,,,,,,,,,,,,,,
0,199,,,0.03394317626953125,0.43853759765625,16.0,0.6875,0.96484375,0.625,0.962890625,0.71875,0.978515625,0.5625,0.95703125,0.0,0.0,9.0,2.1875,1.0,5.899999618530273,6.0,0.0341796875,0.0,27.0,0.34375,2.5476980209350586,32.0,29.0655517578125,0.8824901580810547,0.9082984924316406,0.5,0.91015625,0.0,0.998046875,1.22337806224823,0.93359375,25.991283416748047,0.501953125,0.267578125,0.8941605687141418,0.9441233277320862,0.234375,0.92333984375,0.20547832548618317,0.0,0.5068359375,1.0,0.9658203125,0.5268300771713257,1.0,0.9990234375,0.0,0.0,0.0,0.5268300771713257,,,,,,,,,,,,,,,,,,,,,,,,,,,,,,,,,,,,,,,,,,,,,,,,,,,,
0,204,,,0.037242889404296875,0.435546875,16.0,0.71875,0.97265625,0.625,0.95703125,0.625,0.97265625,0.875,0.9921875,0.0,0.0,5.0,1.6875,0.0,5.0,5.0,0.0263671875,0.0,27.0,0.625,2.3955135345458984,32.0,29.0474853515625,0.8756351470947266,0.9077339172363281,0.5,0.90625,0.0,1.0,1.150766134262085,0.947265625,25.98507308959961,0.505859375,0.2578125,0.9204545617103577,0.9400386810302734,0.248046875,0.92578125,0.22927695512771606,0.0,0.5029296875,0.99609375,0.9736328125,0.48759347200393677,0.9990234375,0.99755859375,0.0,0.0,0.0,0.48759347200393677,,,,,,,,,,,,,,,,,,,,,,,,,,,,,,,,,,,,,,,,,,,,,,,,,,,,
0,209,,,0.03339958190917969,0.4351806640625,16.0,0.96875,0.998046875,1.0,1.0,0.84375,0.982421875,1.0,1.0,0.0,0.0,3.0,0.3125,0.0,1.0,2.4499988555908203,0.0048828125,0.0,27.0,0.84375,2.1786060333251953,32.0,29.1519775390625,0.8775997161865234,0.9109992980957031,0.5,0.91015625,0.0,1.0,0.9887760877609253,0.990234375,26.020992279052734,0.50927734375,0.263671875,0.9185185432434082,0.9649805426597595,0.24560546875,0.9423828125,0.1756114661693573,0.0,0.5009765625,0.998046875,0.9951171875,0.39047980308532715,0.99951171875,0.99951171875,0.0,0.0,0.0,0.39047980308532715,,,,,,,,,,,,,,,,,,,,,,,,,,,,,,,,,,,,,,,,,,,,,,,,,,,,
0,214,,,0.032562255859375,0.43316650390625,16.0,0.875,0.990234375,0.9375,0.99609375,0.75,0.9765625,0.875,0.9921875,0.0,0.0,6.0,0.71875,0.0,2.0,3.0,0.01123046875,0.0,27.0,0.6875,2.0234551429748535,32.0,29.1268310546875,0.8811588287353516,0.9102134704589844,0.5,0.91015625,0.0,1.0,0.8890225291252136,0.9775390625,26.012348175048828,0.49658203125,0.24609375,0.932539701461792,0.9126213788986206,0.25048828125,0.9345703125,0.1850450038909912,0.0,0.5029296875,1.0,0.98876953125,0.32763564586639404,1.0,1.0,0.0,0.0,0.0,0.32763564586639404,,,,,,,,,,,,,,,,,,,,,,,,,,,,,,,,,,,,,,,,,,,,,,,,,,,,
0,219,,,0.03129291534423828,0.438446044921875,16.0,0.90625,0.994140625,1.0,1.0,0.90625,0.994140625,0.875,0.990234375,0.0,0.0,3.0,0.34375,0.0,1.8999996185302734,2.0,0.00537109375,0.0,27.0,0.8125,1.9191203117370605,32.0,29.096923828125,0.8779296875,0.9092788696289062,0.5,0.91015625,0.0,0.998046875,0.8350983262062073,0.9912109375,26.00206756591797,0.5126953125,0.25927734375,0.9284369349479675,0.9535783529281616,0.25341796875,0.94482421875,0.15501171350479126,0.0,0.5048828125,1.0,0.99462890625,0.3058145046234131,1.0,1.0,0.0,0.0,0.0,0.3058145046234131,,,,,,,,,,,,,,,,,,,,,,,,,,,,,,,,,,,,,,,,,,,,,,,,,,,,
0,224,,,0.035437583923339844,0.431610107421875,16.0,0.75,0.984375,0.96875,0.99609375,1.0,1.0,1.0,1.0,0.0,0.0,3.0,0.3125,0.0,1.0,1.0,0.0048828125,0.0,27.0,0.75,1.8385391235351562,32.0,28.9661865234375,0.8817024230957031,0.9051933288574219,0.5,0.90625,0.0,1.0,0.7961393594741821,0.990234375,25.95712661743164,0.50341796875,0.26513671875,0.9023941159248352,0.95703125,0.23828125,0.94580078125,0.1743798851966858,0.0,0.5,1.0,0.9951171875,0.28320780396461487,1.0,0.99951171875,0.0,0.0,0.0,0.28320780396461487,,,,,,,,,,,,,,,,,,,,,,,,,,,,,,,,,,,,,,,,,,,,,,,,,,,,
0,229,,,0.033748626708984375,0.43798828125,16.0,1.0,1.0,1.0,1.0,1.0,1.0,1.0,1.0,0.0,0.0,0.0,0.0,0.0,0.0,0.0,0.0,0.0,27.0,1.0,1.7401180267333984,32.0,29.06689453125,0.8776531219482422,0.9083404541015625,0.5,0.91015625,0.0,1.0,0.7432634830474854,1.0,25.991744995117188,0.50048828125,0.25927734375,0.9265536665916443,0.9609375,0.2412109375,0.94970703125,0.16587302088737488,0.0,0.5,1.0,1.0,0.2565334141254425,1.0,1.0,0.0,0.0,0.0,0.2565334141254425,,,,,,,,,,,,,,,,,,,,,,,,,,,,,,,,,,,,,,,,,,,,,,,,,,,,
0,234,,,0.03769969940185547,0.434844970703125,16.0,1.0,1.0,1.0,1.0,1.0,1.0,1.0,1.0,0.0,0.0,0.0,0.0,0.0,0.0,0.0,0.0,0.0,27.0,1.0,1.5202436447143555,32.0,29.090576171875,0.8731918334960938,0.9090805053710938,0.5,0.91015625,0.0,1.0,0.6382004022598267,1.0,25.99988555908203,0.51025390625,0.2509765625,0.9610894918441772,0.9610894918441772,0.25927734375,0.962890625,0.12847837805747986,0.0,0.501953125,1.0,1.0,0.2138783037662506,1.0,1.0,0.0,0.0,0.0,0.2138783037662506,,,,,,,,,,,,,,,,,,,,,,,,,,,,,,,,,,,,,,,,,,,,,,,,,,,,
0,239,,,0.032515525817871094,0.435516357421875,16.0,1.0,1.0,1.0,1.0,1.0,1.0,1.0,1.0,0.0,0.0,0.0,0.0,0.0,0.0,0.0,0.0,0.0,27.0,1.0,1.3177475929260254,32.0,29.130126953125,0.8758506774902344,0.9103164672851562,0.5,0.91015625,0.0,1.0,0.5157020092010498,1.0,26.01348114013672,0.50146484375,0.25634765625,0.9504761695861816,0.974609375,0.2451171875,0.96484375,0.11279615759849548,0.0,0.5,1.0,1.0,0.1451922357082367,1.0,1.0,0.0,0.0,0.0,0.1451922357082367,,,,,,,,,,,,,,,,,,,,,,,,,,,,,,,,,,,,,,,,,,,,,,,,,,,,
0,244,,,0.032950401306152344,0.438690185546875,16.0,1.0,1.0,1.0,1.0,1.0,1.0,1.0,1.0,0.0,0.0,0.0,0.0,0.0,0.0,0.0,0.0,0.0,27.0,1.0,1.2710912227630615,32.0,29.3179931640625,0.8665733337402344,0.9161872863769531,0.5,0.91796875,0.0,1.0,0.5097233057022095,1.0,26.078060150146484,0.50830078125,0.2607421875,0.9269663095474243,0.966796875,0.24755859375,0.95458984375,0.12666359543800354,0.0,0.5,1.0,1.0,0.14797767996788025,1.0,1.0,0.0,0.0,0.0,0.14797767996788025,,,,,,,,,,,,,,,,,,,,,,,,,,,,,,,,,,,,,,,,,,,,,,,,,,,,
0,249,,,0.030676841735839844,0.442901611328125,16.0,1.0,1.0,1.0,1.0,1.0,1.0,1.0,1.0,0.0,0.0,0.0,0.0,0.0,0.0,0.0,0.0,0.0,27.0,1.0,1.1709096431732178,32.0,29.24658203125,0.8629550933837891,0.9139556884765625,0.5,0.9140625,0.0,1.0,0.46861863136291504,1.0,26.053512573242188,0.49560546875,0.25537109375,0.9464626908302307,0.9649122953414917,0.240234375,0.95263671875,0.13147763907909393,0.0,0.5009765625,1.0,1.0,0.13097837567329407,1.0,1.0,0.0,0.0,0.0,0.13097837567329407,,,,,,,,,,,,,,,,,,,,,,,,,,,,,,,,,,,,,,,,,,,,,,,,,,,,
0,254,,,0.029882431030273438,0.43603515625,16.0,1.0,1.0,1.0,1.0,1.0,1.0,1.0,1.0,0.0,0.0,0.0,0.0,0.0,0.0,0.0,0.0,0.0,27.0,1.0,1.106957197189331,32.0,29.21337890625,0.8678436279296875,0.9129180908203125,0.5,0.9140625,0.0,1.0,0.4408876299858093,1.0,26.042098999023438,0.5009765625,0.2470703125,0.9584980010986328,0.9381044507026672,0.25390625,0.95458984375,0.12954376637935638,0.0,0.5048828125,1.0,1.0,0.11963021755218506,1.0,1.0,0.0,0.0,0.0,0.11963021755218506,,,,,,,,,,,,,,,,,,,,,,,,,,,,,,,,,,,,,,,,,,,,,,,,,,,,
0,259,,,0.033355712890625,0.44451904296875,16.0,1.0,1.0,1.0,1.0,1.0,1.0,1.0,1.0,0.0,0.0,0.0,0.0,0.0,0.0,0.0,0.0,0.0,27.0,1.0,0.9948909282684326,32.0,29.234619140625,0.8677825927734375,0.9135818481445312,0.5,0.9140625,0.0,1.0,0.39421433210372925,1.0,26.049400329589844,0.50146484375,0.25048828125,0.9356725215911865,0.9338521361351013,0.2509765625,0.95458984375,0.12837080657482147,0.0,0.501953125,1.0,1.0,0.10117334127426147,1.0,1.0,0.0,0.0,0.0,0.10117334127426147,,,,,,,,,,,,,,,,,,,,,,,,,,,,,,,,,,,,,,,,,,,,,,,,,,,,
0,264,,,0.029102325439453125,0.44091796875,16.0,1.0,1.0,1.0,1.0,1.0,1.0,1.0,1.0,0.0,0.0,0.0,0.0,0.0,0.0,0.0,0.0,0.0,27.0,1.0,0.943838357925415,32.0,29.3045654296875,0.8770179748535156,0.9157676696777344,0.5,0.9140625,0.0,1.0,0.3709665834903717,1.0,26.073444366455078,0.50439453125,0.2626953125,0.921933114528656,0.96875,0.24169921875,0.95556640625,0.1182512491941452,0.0,0.5,1.0,1.0,0.09275518357753754,1.0,1.0,0.0,0.0,0.0,0.09275518357753754,,,,,,,,,,,,,,,,,,,,,,,,,,,,,,,,,,,,,,,,,,,,,,,,,,,,
0,269,,,0.038002967834472656,0.430938720703125,16.0,1.0,1.0,1.0,1.0,1.0,1.0,1.0,1.0,0.0,0.0,0.0,0.0,0.0,0.0,0.0,0.0,0.0,27.0,1.0,0.9368798732757568,32.0,29.1947021484375,0.8725452423095703,0.9123344421386719,0.5,0.9140625,0.0,1.0,0.3697242736816406,1.0,26.03567886352539,0.50537109375,0.25,0.9609375,0.9609375,0.25537109375,0.96630859375,0.10676172375679016,0.0,0.5,1.0,1.0,0.09546137601137161,1.0,1.0,0.0,0.0,0.0,0.09546137601137161,,,,,,,,,,,,,,,,,,,,,,,,,,,,,,,,,,,,,,,,,,,,,,,,,,,,
0,274,,,0.03255748748779297,0.439239501953125,16.0,1.0,1.0,1.0,1.0,1.0,1.0,1.0,1.0,0.0,0.0,0.0,0.0,0.0,0.0,0.0,0.0,0.0,27.0,1.0,0.7616860866546631,32.0,29.318115234375,0.8641815185546875,0.9161911010742188,0.5,0.91796875,0.0,1.0,0.3006177544593811,1.0,26.078102111816406,0.5029296875,0.248046875,0.9783464670181274,0.970703125,0.2548828125,0.9736328125,0.09373460710048676,0.0,0.5,1.0,1.0,0.07281319797039032,1.0,1.0,0.0,0.0,0.0,0.07281319797039032,,,,,,,,,,,,,,,,,,,,,,,,,,,,,,,,,,,,,,,,,,,,,,,,,,,,
0,279,,,0.028278350830078125,0.43756103515625,16.0,1.0,1.0,1.0,1.0,1.0,1.0,1.0,1.0,0.0,0.0,0.0,0.0,0.0,0.0,0.0,0.0,0.0,27.0,1.0,0.7452859878540039,32.0,29.2073974609375,0.8707084655761719,0.9127311706542969,0.5,0.9140625,0.0,1.0,0.3014916479587555,1.0,26.040042877197266,0.501953125,0.244140625,0.9760000109672546,0.953125,0.2578125,0.9658203125,0.11469721794128418,0.0,0.5,1.0,1.0,0.07363738119602203,1.0,1.0,0.0,0.0,0.0,0.07363738119602203,,,,,,,,,,,,,,,,,,,,,,,,,,,,,,,,,,,,,,,,,,,,,,,,,,,,
0,284,,,0.03171539306640625,0.4378662109375,16.0,1.0,1.0,1.0,1.0,1.0,1.0,1.0,1.0,0.0,0.0,0.0,0.0,0.0,0.0,0.0,0.0,0.0,27.0,1.0,0.6752033233642578,32.0,29.2117919921875,0.8690910339355469,0.9128684997558594,0.5,0.9140625,0.0,1.0,0.27330583333969116,1.0,26.041553497314453,0.5029296875,0.25390625,0.9711538553237915,0.9824903011322021,0.2490234375,0.9736328125,0.09681962430477142,0.0,0.501953125,1.0,1.0,0.06651338934898376,1.0,1.0,0.0,0.0,0.0,0.06651338934898376,,,,,,,,,,,,,,,,,,,,,,,,,,,,,,,,,,,,,,,,,,,,,,,,,,,,
0,289,,,0.030519485473632812,0.4378662109375,16.0,1.0,1.0,1.0,1.0,1.0,1.0,1.0,1.0,0.0,0.0,0.0,0.0,0.0,0.0,0.0,0.0,0.0,27.0,1.0,0.66434645652771,32.0,29.18994140625,0.8692131042480469,0.9121856689453125,0.5,0.9140625,0.0,1.0,0.26117807626724243,1.0,26.034042358398438,0.50048828125,0.25146484375,0.9805825352668762,0.9711538553237915,0.2490234375,0.97314453125,0.08528351038694382,0.0,0.5078125,1.0,1.0,0.05941901355981827,1.0,1.0,0.0,0.0,0.0,0.05941901355981827,,,,,,,,,,,,,,,,,,,,,,,,,,,,,,,,,,,,,,,,,,,,,,,,,,,,
0,294,,,0.03212738037109375,0.4373779296875,16.0,1.0,1.0,1.0,1.0,1.0,1.0,1.0,1.0,0.0,0.0,0.0,0.0,0.0,0.0,0.0,0.0,0.0,27.0,1.0,0.6420798301696777,32.0,29.1607666015625,0.8698234558105469,0.9112739562988281,0.5,0.91015625,0.0,1.0,0.2608399987220764,1.0,26.02401351928711,0.5,0.25341796875,0.9537572264671326,0.966796875,0.24658203125,0.96240234375,0.12098510563373566,0.0,0.5,1.0,1.0,0.057613272219896317,1.0,1.0,0.0,0.0,0.0,0.057613272219896317,,,,,,,,,,,,,,,,,,,,,,,,,,,,,,,,,,,,,,,,,,,,,,,,,,,,
,300,664.4323845189999,8.578751025397986,,,,,,,,,,,,,,,,,,,,,,,,,,,,,,,,,,,,,,,,,,,,,,,,,,,,,,,,,,,,,,,,,,,,,,,,,,,,,,,,,,,,,,,,,,,,,,,,,,,,,,,,
0,299,,,0.03047943115234375,0.4345703125,16.0,1.0,1.0,1.0,1.0,1.0,1.0,1.0,1.0,0.0,0.0,0.0,0.0,0.0,0.0,0.0,0.0,0.0,27.0,1.0,0.5728381872177124,32.0,29.1590576171875,0.8716201782226562,0.9112205505371094,0.5,0.91015625,0.0,1.0,0.23793989419937134,1.0,26.023426055908203,0.49853515625,0.25146484375,0.9572815299034119,0.9572815299034119,0.2470703125,0.9609375,0.11742445826530457,0.0,0.5029296875,1.0,1.0,0.05275219678878784,1.0,1.0,0.0,0.0,0.0,0.05275219678878784,,,,,,,,,,,,,,,,,,,,,,,,,,,,,,,,,,,,,,,,,,,,,,,,,,,,
0,299,,,,,,,,,,,,,,,,,,,,,,,,,,,,,,,,,,,,,,,,,,,,,,,,,,,,,,,0.026065999642014503,0.43576881289482117,16.0,1.0,1.0,1.0,1.0,1.0,1.0,1.0,1.0,0.0,0.0,0.0,0.0,0.0,0.0,0.0,0.0,0.0,27.0,1.0,0.5672020316123962,32.0,29.12908363342285,0.8720592260360718,0.9102838635444641,0.5,0.9105113744735718,0.0,1.0,0.23673443496227264,1.0,26.013124465942383,0.5021306872367859,0.2514204680919647,0.9689338803291321,0.9744318127632141,0.25071021914482117,0.9644886255264282,0.11062297224998474,0.0,0.5,1.0,1.0,0.05434903874993324,1.0,1.0,0.0,0.0,0.0,0.05434903874993324
0,304,,,0.03198528289794922,0.432586669921875,16.0,1.0,1.0,1.0,1.0,1.0,1.0,1.0,1.0,0.0,0.0,0.0,0.0,0.0,0.0,0.0,0.0,0.0,27.0,1.0,0.485426664352417,32.0,29.138916015625,0.8650970458984375,0.9105911254882812,0.5,0.91015625,0.0,1.0,0.20071670413017273,1.0,26.016502380371094,0.498046875,0.25146484375,0.9747572541236877,0.9728682041168213,0.24658203125,0.97509765625,0.07800997048616409,0.0,0.50390625,1.0,1.0,0.04524972289800644,1.0,1.0,0.0,0.0,0.0,0.04524972289800644,,,,,,,,,,,,,,,,,,,,,,,,,,,,,,,,,,,,,,,,,,,,,,,,,,,,
0,309,,,0.03019428253173828,0.437164306640625,16.0,1.0,1.0,1.0,1.0,1.0,1.0,1.0,1.0,0.0,0.0,0.0,0.0,0.0,0.0,0.0,0.0,0.0,27.0,1.0,0.48078083992004395,32.0,28.9876708984375,0.8696250915527344,0.9058647155761719,0.5,0.90625,0.0,1.0,0.20624448359012604,1.0,25.96451187133789,0.4990234375,0.25341796875,0.9537572264671326,0.9649122953414917,0.24560546875,0.9755859375,0.08688683062791824,0.0,0.5009765625,1.0,1.0,0.050303567200899124,1.0,1.0,0.0,0.0,0.0,0.050303567200899124,,,,,,,,,,,,,,,,,,,,,,,,,,,,,,,,,,,,,,,,,,,,,,,,,,,,
0,314,,,0.03050994873046875,0.4378662109375,16.0,1.0,1.0,1.0,1.0,1.0,1.0,1.0,1.0,0.0,0.0,0.0,0.0,0.0,0.0,0.0,0.0,0.0,27.0,1.0,0.4528285264968872,32.0,29.0751953125,0.8705253601074219,0.908599853515625,0.5,0.91015625,0.0,1.0,0.19198058545589447,1.0,25.994598388671875,0.5,0.25146484375,0.9786407947540283,0.9824561476707458,0.24853515625,0.9755859375,0.07813291251659393,0.0,0.5009765625,1.0,1.0,0.04465330019593239,1.0,1.0,0.0,0.0,0.0,0.04465330019593239,,,,,,,,,,,,,,,,,,,,,,,,,,,,,,,,,,,,,,,,,,,,,,,,,,,,
0,319,,,0.027803421020507812,0.4326171875,16.0,1.0,1.0,1.0,1.0,1.0,1.0,1.0,1.0,0.0,0.0,0.0,0.0,0.0,0.0,0.0,0.0,0.0,27.0,1.0,0.4402402639389038,32.0,28.894287109375,0.8647308349609375,0.9029464721679688,0.5,0.90234375,0.0,1.0,0.1886768937110901,1.0,25.932411193847656,0.50048828125,0.25390625,0.9653846025466919,0.9766536951065063,0.24658203125,0.9775390625,0.07439759373664856,0.0,0.501953125,1.0,1.0,0.04539285972714424,1.0,1.0,0.0,0.0,0.0,0.04539285972714424,,,,,,,,,,,,,,,,,,,,,,,,,,,,,,,,,,,,,,,,,,,,,,,,,,,,
0,324,,,0.028771400451660156,0.432586669921875,16.0,1.0,1.0,1.0,1.0,1.0,1.0,1.0,1.0,0.0,0.0,0.0,0.0,0.0,0.0,0.0,0.0,0.0,27.0,1.0,0.4304622411727905,32.0,28.9205322265625,0.8693485260009766,0.9037666320800781,0.5,0.90234375,0.0,1.0,0.18879970908164978,1.0,25.94143295288086,0.4951171875,0.251953125,0.963178277015686,0.970703125,0.2431640625,0.9658203125,0.10609808564186096,0.0,0.5,1.0,1.0,0.041610412299633026,1.0,1.0,0.0,0.0,0.0,0.041610412299633026,,,,,,,,,,,,,,,,,,,,,,,,,,,,,,,,,,,,,,,,,,,,,,,,,,,,
0,329,,,0.029003143310546875,0.4373779296875,16.0,1.0,1.0,1.0,1.0,1.0,1.0,1.0,1.0,0.0,0.0,0.0,0.0,0.0,0.0,0.0,0.0,0.0,27.0,1.0,0.38892579078674316,32.0,29.0028076171875,0.8689346313476562,0.9063377380371094,0.5,0.90625,0.0,1.0,0.17999638617038727,1.0,25.969715118408203,0.501953125,0.255859375,0.9389312863349915,0.9590643048286438,0.24609375,0.95947265625,0.12085211277008057,0.0,0.5009765625,1.0,1.0,0.04023807495832443,1.0,1.0,0.0,0.0,0.0,0.04023807495832443,,,,,,,,,,,,,,,,,,,,,,,,,,,,,,,,,,,,,,,,,,,,,,,,,,,,
0,334,,,0.03081989288330078,0.442779541015625,16.0,1.0,1.0,1.0,1.0,1.0,1.0,1.0,1.0,0.0,0.0,0.0,0.0,0.0,0.0,0.0,0.0,0.0,27.0,1.0,0.34515082836151123,32.0,29.067138671875,0.8629302978515625,0.9083480834960938,0.5,0.91015625,0.0,1.0,0.16256499290466309,1.0,25.99182891845703,0.50048828125,0.2578125,0.9507575631141663,0.98046875,0.24267578125,0.96435546875,0.11347323656082153,0.0,0.5,1.0,1.0,0.03508596122264862,1.0,1.0,0.0,0.0,0.0,0.03508596122264862,,,,,,,,,,,,,,,,,,,,,,,,,,,,,,,,,,,,,,,,,,,,,,,,,,,,
0,339,,,0.030701637268066406,0.442962646484375,16.0,1.0,1.0,1.0,1.0,1.0,1.0,1.0,1.0,0.0,0.0,0.0,0.0,0.0,0.0,0.0,0.0,0.0,27.0,1.0,0.33035898208618164,32.0,28.900390625,0.8665828704833984,0.90313720703125,0.5,0.90234375,0.0,1.0,0.1560857892036438,1.0,25.93450927734375,0.49951171875,0.2568359375,0.9581748843193054,0.984375,0.24267578125,0.97802734375,0.08377619087696075,0.0,0.5,1.0,1.0,0.0383673831820488,1.0,1.0,0.0,0.0,0.0,0.0383673831820488,,,,,,,,,,,,,,,,,,,,,,,,,,,,,,,,,,,,,,,,,,,,,,,,,,,,
0,344,,,0.02926158905029297,0.436004638671875,16.0,1.0,1.0,1.0,1.0,1.0,1.0,1.0,1.0,0.0,0.0,0.0,0.0,0.0,0.0,0.0,0.0,0.0,27.0,1.0,0.325778067111969,32.0,28.9515380859375,0.8709449768066406,0.9047355651855469,0.5,0.90625,0.0,1.0,0.15223266184329987,1.0,25.952091217041016,0.5,0.255859375,0.9503816962242126,0.97265625,0.244140625,0.97119140625,0.08752851188182831,0.0,0.5,1.0,1.0,0.03492342680692673,1.0,1.0,0.0,0.0,0.0,0.03492342680692673,,,,,,,,,,,,,,,,,,,,,,,,,,,,,,,,,,,,,,,,,,,,,,,,,,,,
0,349,,,0.03109455108642578,0.439727783203125,16.0,1.0,1.0,1.0,1.0,1.0,1.0,1.0,1.0,0.0,0.0,0.0,0.0,0.0,0.0,0.0,0.0,0.0,27.0,1.0,0.32024914026260376,32.0,28.9453125,0.8677330017089844,0.904541015625,0.5,0.90625,0.0,1.0,0.15303990244865417,1.0,25.949951171875,0.501953125,0.25,0.96875,0.96875,0.251953125,0.97021484375,0.09594318270683289,0.0,0.5,1.0,1.0,0.035411618649959564,1.0,1.0,0.0,0.0,0.0,0.035411618649959564,,,,,,,,,,,,,,,,,,,,,,,,,,,,,,,,,,,,,,,,,,,,,,,,,,,,
1,354,,,0.027174949645996094,0.438507080078125,16.0,1.0,1.0,1.0,1.0,1.0,1.0,1.0,1.0,0.0,0.0,0.0,0.0,0.0,0.0,0.0,0.0,0.0,27.0,1.0,0.2970317006111145,32.0,28.87841796875,0.8681411743164062,0.9024505615234375,0.5,0.90234375,0.0,1.0,0.15061259269714355,1.0,25.926956176757812,0.4990234375,0.24755859375,0.9585798978805542,0.9436893463134766,0.25146484375,0.9609375,0.12409724295139313,0.0,0.5029296875,1.0,1.0,0.033197056502103806,1.0,1.0,0.0,0.0,0.0,0.033197056502103806,,,,,,,,,,,,,,,,,,,,,,,,,,,,,,,,,,,,,,,,,,,,,,,,,,,,
1,359,,,0.033539772033691406,0.434661865234375,16.0,1.0,1.0,1.0,1.0,1.0,1.0,1.0,1.0,0.0,0.0,0.0,0.0,0.0,0.0,0.0,0.0,0.0,27.0,1.0,0.29041576385498047,32.0,28.6273193359375,0.8649787902832031,0.8946037292480469,0.5,0.89453125,0.0,1.0,0.14527784287929535,1.0,25.840641021728516,0.49609375,0.25830078125,0.9432892203330994,0.974609375,0.23779296875,0.97119140625,0.10261616110801697,0.0,0.5,1.0,1.0,0.03387093544006348,1.0,1.0,0.0,0.0,0.0,0.03387093544006348,,,,,,,,,,,,,,,,,,,,,,,,,,,,,,,,,,,,,,,,,,,,,,,,,,,,
1,364,,,0.032538414001464844,0.439117431640625,16.0,1.0,1.0,1.0,1.0,1.0,1.0,1.0,1.0,0.0,0.0,0.0,0.0,0.0,0.0,0.0,0.0,0.0,27.0,1.0,0.27075815200805664,32.0,28.81884765625,0.8717994689941406,0.9005889892578125,0.5,0.90234375,0.0,1.0,0.13465596735477448,1.0,25.906478881835938,0.5,0.25537109375,0.95219886302948,0.97265625,0.24462890625,0.9716796875,0.08926759660243988,0.0,0.5,1.0,1.0,0.030721120536327362,1.0,1.0,0.0,0.0,0.0,0.030721120536327362,,,,,,,,,,,,,,,,,,,,,,,,,,,,,,,,,,,,,,,,,,,,,,,,,,,,
1,369,,,0.027335166931152344,0.441925048828125,16.0,1.0,1.0,1.0,1.0,1.0,1.0,1.0,1.0,0.0,0.0,0.0,0.0,0.0,0.0,0.0,0.0,0.0,27.0,1.0,0.24753010272979736,32.0,28.6650390625,0.8697280883789062,0.895782470703125,0.5,0.89453125,0.0,1.0,0.1304434835910797,1.0,25.853607177734375,0.4970703125,0.2529296875,0.9498069286346436,0.9609375,0.244140625,0.9658203125,0.10850505530834198,0.0,0.5,1.0,1.0,0.028642253950238228,1.0,1.0,0.0,0.0,0.0,0.028642253950238228,,,,,,,,,,,,,,,,,,,,,,,,,,,,,,,,,,,,,,,,,,,,,,,,,,,,
1,374,,,0.027131080627441406,0.436981201171875,16.0,1.0,1.0,1.0,1.0,1.0,1.0,1.0,1.0,0.0,0.0,0.0,0.0,0.0,0.0,0.0,0.0,0.0,27.0,1.0,0.2380344271659851,32.0,28.585693359375,0.8671112060546875,0.8933029174804688,0.5,0.89453125,0.0,1.0,0.12816199660301208,1.0,25.826332092285156,0.50244140625,0.251953125,0.961240291595459,0.9649805426597595,0.25048828125,0.97021484375,0.10458532720804214,0.0,0.501953125,1.0,1.0,0.029520682990550995,1.0,1.0,0.0,0.0,0.0,0.029520682990550995,,,,,,,,,,,,,,,,,,,,,,,,,,,,,,,,,,,,,,,,,,,,,,,,,,,,
1,379,,,0.0305328369140625,0.433837890625,16.0,1.0,1.0,1.0,1.0,1.0,1.0,1.0,1.0,0.0,0.0,0.0,0.0,0.0,0.0,0.0,0.0,0.0,27.0,1.0,0.2215409278869629,32.0,28.40771484375,0.8673286437988281,0.8877410888671875,0.5,0.88671875,0.0,1.0,0.11844711005687714,1.0,25.765151977539062,0.49755859375,0.255859375,0.9332060813903809,0.955078125,0.24169921875,0.96337890625,0.10070386528968811,0.0,0.5,1.0,1.0,0.024915579706430435,1.0,1.0,0.0,0.0,0.0,0.024915579706430435,,,,,,,,,,,,,,,,,,,,,,,,,,,,,,,,,,,,,,,,,,,,,,,,,,,,
1,384,,,0.03330707550048828,0.436309814453125,16.0,1.0,1.0,1.0,1.0,1.0,1.0,1.0,1.0,0.0,0.0,0.0,0.0,0.0,0.0,0.0,0.0,0.0,27.0,1.0,0.22935694456100464,32.0,28.7379150390625,0.8654937744140625,0.8980598449707031,0.5,0.8984375,0.0,1.0,0.12437762320041656,1.0,25.878658294677734,0.49755859375,0.25390625,0.942307710647583,0.95703125,0.24365234375,0.96533203125,0.10374058783054352,0.0,0.5,1.0,1.0,0.028012864291667938,1.0,1.0,0.0,0.0,0.0,0.028012864291667938,,,,,,,,,,,,,,,,,,,,,,,,,,,,,,,,,,,,,,,,,,,,,,,,,,,,
1,389,,,0.037056922912597656,0.435272216796875,16.0,1.0,1.0,1.0,1.0,1.0,1.0,1.0,1.0,0.0,0.0,0.0,0.0,0.0,0.0,0.0,0.0,0.0,27.0,1.0,0.22005987167358398,32.0,28.5966796875,0.8754158020019531,0.893646240234375,0.5,0.89453125,0.0,1.0,0.12086478620767593,1.0,25.830108642578125,0.50146484375,0.25341796875,0.9402697682380676,0.9512670636177063,0.248046875,0.96533203125,0.12006238102912903,0.0,0.4970703125,0.9921875,1.0,0.02352243661880493,1.0,1.0,0.0,0.0,0.0,0.02352243661880493,,,,,,,,,,,,,,,,,,,,,,,,,,,,,,,,,,,,,,,,,,,,,,,,,,,,
1,394,,,0.03132343292236328,0.437347412109375,16.0,1.0,1.0,1.0,1.0,1.0,1.0,1.0,1.0,0.0,0.0,0.0,0.0,0.0,0.0,0.0,0.0,0.0,27.0,1.0,0.20885556936264038,32.0,28.598388671875,0.8709793090820312,0.8936996459960938,0.5,0.89453125,0.0,1.0,0.1169218048453331,1.0,25.83069610595703,0.5009765625,0.2470703125,0.9446640610694885,0.9281553626060486,0.25390625,0.958984375,0.10260123014450073,0.0,0.5029296875,1.0,1.0,0.025930095463991165,1.0,1.0,0.0,0.0,0.0,0.025930095463991165,,,,,,,,,,,,,,,,,,,,,,,,,,,,,,,,,,,,,,,,,,,,,,,,,,,,
,400,694.5884500379999,8.062328130699024,,,,,,,,,,,,,,,,,,,,,,,,,,,,,,,,,,,,,,,,,,,,,,,,,,,,,,,,,,,,,,,,,,,,,,,,,,,,,,,,,,,,,,,,,,,,,,,,,,,,,,,,
1,399,,,0.02663421630859375,0.43670654296875,16.0,1.0,1.0,1.0,1.0,1.0,1.0,1.0,1.0,0.0,0.0,0.0,0.0,0.0,0.0,0.0,0.0,0.0,27.0,1.0,0.2025344967842102,32.0,28.475830078125,0.8655815124511719,0.8898696899414062,0.5,0.890625,0.0,1.0,0.1127820760011673,1.0,25.78856658935547,0.498046875,0.25,0.953125,0.9512670636177063,0.248046875,0.97021484375,0.09672258049249649,0.0,0.5009765625,1.0,1.0,0.024715326726436615,1.0,1.0,0.0,0.0,0.0,0.024715326726436615,,,,,,,,,,,,,,,,,,,,,,,,,,,,,,,,,,,,,,,,,,,,,,,,,,,,
1,404,,,0.029857635498046875,0.443603515625,16.0,1.0,1.0,1.0,1.0,1.0,1.0,1.0,1.0,0.0,0.0,0.0,0.0,0.0,0.0,0.0,0.0,0.0,27.0,1.0,0.17945080995559692,32.0,28.602783203125,0.8697299957275391,0.8938369750976562,0.5,0.89453125,0.0,1.0,0.10552632063627243,1.0,25.83220672607422,0.50048828125,0.24609375,0.942460298538208,0.9205426573753357,0.25439453125,0.9580078125,0.10373307764530182,0.0,0.50390625,1.0,1.0,0.021674085408449173,1.0,1.0,0.0,0.0,0.0,0.021674085408449173,,,,,,,,,,,,,,,,,,,,,,,,,,,,,,,,,,,,,,,,,,,,,,,,,,,,
1,409,,,0.029727935791015625,0.43902587890625,16.0,1.0,1.0,1.0,1.0,1.0,1.0,1.0,1.0,0.0,0.0,0.0,0.0,0.0,0.0,0.0,0.0,0.0,27.0,1.0,0.1768011450767517,32.0,28.381103515625,0.8685760498046875,0.8869094848632812,0.5,0.88671875,0.0,1.0,0.10564706474542618,1.0,25.756004333496094,0.50048828125,0.251953125,0.9379844665527344,0.943469762802124,0.24853515625,0.9609375,0.10477692633867264,0.0,0.5009765625,1.0,1.0,0.022493921220302582,1.0,1.0,0.0,0.0,0.0,0.022493921220302582,,,,,,,,,,,,,,,,,,,,,,,,,,,,,,,,,,,,,,,,,,,,,,,,,,,,
1,414,,,0.03053569793701172,0.443145751953125,16.0,1.0,1.0,1.0,1.0,1.0,1.0,1.0,1.0,0.0,0.0,0.0,0.0,0.0,0.0,0.0,0.0,0.0,27.0,1.0,0.17691761255264282,32.0,28.4239501953125,0.8643035888671875,0.8882484436035156,0.5,0.88671875,0.0,1.0,0.10582803934812546,1.0,25.770732879638672,0.5009765625,0.25537109375,0.9311663508415222,0.9419729113578796,0.24560546875,0.9619140625,0.10323665291070938,0.0,0.5048828125,1.0,1.0,0.02294575423002243,1.0,1.0,0.0,0.0,0.0,0.02294575423002243,,,,,,,,,,,,,,,,,,,,,,,,,,,,,,,,,,,,,,,,,,,,,,,,,,,,
1,419,,,0.03123760223388672,0.437347412109375,16.0,1.0,1.0,1.0,1.0,1.0,1.0,1.0,1.0,0.0,0.0,0.0,0.0,0.0,0.0,0.0,0.0,0.0,27.0,1.0,0.14539802074432373,32.0,28.431884765625,0.8660392761230469,0.8884963989257812,0.5,0.88671875,0.0,1.0,0.08970782160758972,1.0,25.773460388183594,0.49658203125,0.2548828125,0.9521072506904602,0.970703125,0.24169921875,0.97412109375,0.08899840712547302,0.0,0.5,1.0,1.0,0.017546063289046288,1.0,1.0,0.0,0.0,0.0,0.017546063289046288,,,,,,,,,,,,,,,,,,,,,,,,,,,,,,,,,,,,,,,,,,,,,,,,,,,,
1,424,,,0.027281761169433594,0.443328857421875,16.0,1.0,1.0,1.0,1.0,1.0,1.0,1.0,1.0,0.0,0.0,0.0,0.0,0.0,0.0,0.0,0.0,0.0,27.0,1.0,0.15792357921600342,32.0,28.3583984375,0.8703117370605469,0.886199951171875,0.5,0.88671875,0.0,1.0,0.09708072245121002,1.0,25.748199462890625,0.498046875,0.25390625,0.942307710647583,0.95703125,0.244140625,0.9638671875,0.09214916825294495,0.0,0.5,1.0,1.0,0.02119697816669941,1.0,1.0,0.0,0.0,0.0,0.02119697816669941,,,,,,,,,,,,,,,,,,,,,,,,,,,,,,,,,,,,,,,,,,,,,,,,,,,,
1,429,,,0.03130531311035156,0.4381103515625,16.0,1.0,1.0,1.0,1.0,1.0,1.0,1.0,1.0,0.0,0.0,0.0,0.0,0.0,0.0,0.0,0.0,0.0,27.0,1.0,0.15007948875427246,32.0,28.17529296875,0.8705253601074219,0.8804779052734375,0.5,0.87890625,0.0,1.0,0.09389647841453552,1.0,25.685256958007812,0.5009765625,0.24462890625,0.9540917873382568,0.929961085319519,0.25634765625,0.96533203125,0.09528228640556335,0.0,0.501953125,1.0,1.0,0.01942896842956543,1.0,1.0,0.0,0.0,0.0,0.01942896842956543,,,,,,,,,,,,,,,,,,,,,,,,,,,,,,,,,,,,,,,,,,,,,,,,,,,,
1,434,,,0.028870582580566406,0.435943603515625,16.0,1.0,1.0,1.0,1.0,1.0,1.0,1.0,1.0,0.0,0.0,0.0,0.0,0.0,0.0,0.0,0.0,0.0,27.0,1.0,0.1400853991508484,32.0,28.0093994140625,0.8758811950683594,0.8752937316894531,0.5,0.875,0.0,1.0,0.09427032619714737,1.0,25.628231048583984,0.50390625,0.25341796875,0.9421965479850769,0.955078125,0.25048828125,0.96337890625,0.10985495150089264,0.0,0.5,1.0,1.0,0.019533224403858185,1.0,1.0,0.0,0.0,0.0,0.019533224403858185,,,,,,,,,,,,,,,,,,,,,,,,,,,,,,,,,,,,,,,,,,,,,,,,,,,,
1,439,,,0.02663135528564453,0.435943603515625,16.0,1.0,1.0,1.0,1.0,1.0,1.0,1.0,1.0,0.0,0.0,0.0,0.0,0.0,0.0,0.0,0.0,0.0,27.0,1.0,0.13852328062057495,32.0,27.8885498046875,0.8693885803222656,0.8715171813964844,0.5,0.87109375,0.0,1.0,0.08896002173423767,1.0,25.586688995361328,0.498046875,0.25146484375,0.955339789390564,0.9516441226005554,0.24658203125,0.9638671875,0.09064130485057831,0.0,0.5048828125,1.0,1.0,0.018478574231266975,1.0,1.0,0.0,0.0,0.0,0.018478574231266975,,,,,,,,,,,,,,,,,,,,,,,,,,,,,,,,,,,,,,,,,,,,,,,,,,,,
1,444,,,0.026597976684570312,0.43475341796875,16.0,1.0,1.0,1.0,1.0,1.0,1.0,1.0,1.0,0.0,0.0,0.0,0.0,0.0,0.0,0.0,0.0,0.0,27.0,1.0,0.13637083768844604,32.0,28.014892578125,0.8767166137695312,0.8754653930664062,0.5,0.875,0.0,1.0,0.08927473425865173,1.0,25.63011932373047,0.50146484375,0.24658203125,0.9465346336364746,0.92277991771698,0.2548828125,0.9580078125,0.10207381844520569,0.0,0.505859375,1.0,1.0,0.01704522967338562,1.0,1.0,0.0,0.0,0.0,0.01704522967338562,,,,,,,,,,,,,,,,,,,,,,,,,,,,,,,,,,,,,,,,,,,,,,,,,,,,
1,449,,,0.026124954223632812,0.44061279296875,16.0,1.0,1.0,1.0,1.0,1.0,1.0,1.0,1.0,0.0,0.0,0.0,0.0,0.0,0.0,0.0,0.0,0.0,27.0,1.0,0.12777960300445557,32.0,28.1798095703125,0.8684234619140625,0.8806190490722656,0.5,0.87890625,0.0,1.0,0.08869203925132751,1.0,25.686809539794922,0.50341796875,0.25439453125,0.9232245683670044,0.9376218318939209,0.2490234375,0.95751953125,0.11241415143013,0.0,0.5009765625,1.0,1.0,0.016424931585788727,1.0,1.0,0.0,0.0,0.0,0.016424931585788727,,,,,,,,,,,,,,,,,,,,,,,,,,,,,,,,,,,,,,,,,,,,,,,,,,,,
1,454,,,0.02862262725830078,0.432891845703125,16.0,1.0,1.0,1.0,1.0,1.0,1.0,1.0,1.0,0.0,0.0,0.0,0.0,0.0,0.0,0.0,0.0,0.0,27.0,1.0,0.12758710980415344,32.0,27.572021484375,0.8734798431396484,0.8616256713867188,0.5,0.86328125,0.0,1.0,0.08409832417964935,1.0,25.477882385253906,0.5029296875,0.255859375,0.9522900581359863,0.968932032585144,0.2470703125,0.96337890625,0.09015578031539917,0.0,0.5029296875,1.0,1.0,0.016672251746058464,1.0,1.0,0.0,0.0,0.0,0.016672251746058464,,,,,,,,,,,,,,,,,,,,,,,,,,,,,,,,,,,,,,,,,,,,,,,,,,,,
1,459,,,0.029634475708007812,0.43939208984375,16.0,1.0,1.0,1.0,1.0,1.0,1.0,1.0,1.0,0.0,0.0,0.0,0.0,0.0,0.0,0.0,0.0,0.0,27.0,1.0,0.1216680109500885,32.0,28.059814453125,0.8646469116210938,0.8768692016601562,0.5,0.875,0.0,1.0,0.0881958082318306,1.0,25.64556121826172,0.49951171875,0.248046875,0.9566929340362549,0.9364162087440491,0.25146484375,0.96484375,0.11661729961633682,0.0,0.5068359375,1.0,1.0,0.01670294627547264,1.0,1.0,0.0,0.0,0.0,0.01670294627547264,,,,,,,,,,,,,,,,,,,,,,,,,,,,,,,,,,,,,,,,,,,,,,,,,,,,
1,464,,,0.02883434295654297,0.436859130859375,16.0,1.0,1.0,1.0,1.0,1.0,1.0,1.0,1.0,0.0,0.0,0.0,0.0,0.0,0.0,0.0,0.0,0.0,27.0,1.0,0.11434745788574219,32.0,27.635009765625,0.8754920959472656,0.8635940551757812,0.5,0.86328125,0.0,1.0,0.08674246072769165,1.0,25.499534606933594,0.50341796875,0.2568359375,0.927756667137146,0.9384615421295166,0.24658203125,0.95068359375,0.12103544175624847,0.0,0.5078125,1.0,1.0,0.0164482444524765,1.0,1.0,0.0,0.0,0.0,0.0164482444524765,,,,,,,,,,,,,,,,,,,,,,,,,,,,,,,,,,,,,,,,,,,,,,,,,,,,
1,469,,,0.03302764892578125,0.43701171875,16.0,1.0,1.0,1.0,1.0,1.0,1.0,1.0,1.0,0.0,0.0,0.0,0.0,0.0,0.0,0.0,0.0,0.0,27.0,1.0,0.11442533135414124,32.0,27.9200439453125,0.8642387390136719,0.8725013732910156,0.5,0.87109375,0.0,1.0,0.08372359722852707,1.0,25.597515106201172,0.50048828125,0.25048828125,0.9395711421966553,0.9359223246574402,0.25,0.95849609375,0.1077653020620346,0.0,0.5029296875,1.0,1.0,0.015777872875332832,1.0,1.0,0.0,0.0,0.0,0.015777872875332832,,,,,,,,,,,,,,,,,,,,,,,,,,,,,,,,,,,,,,,,,,,,,,,,,,,,
1,474,,,0.02927684783935547,0.441680908203125,16.0,1.0,1.0,1.0,1.0,1.0,1.0,1.0,1.0,0.0,0.0,0.0,0.0,0.0,0.0,0.0,0.0,0.0,27.0,1.0,0.10741657018661499,32.0,27.9024658203125,0.8737754821777344,0.8719520568847656,0.5,0.87109375,0.0,1.0,0.08109721541404724,1.0,25.591472625732422,0.50048828125,0.2490234375,0.9352940917015076,0.9298245906829834,0.25146484375,0.9609375,0.10863080620765686,0.0,0.5009765625,1.0,1.0,0.014768092893064022,1.0,1.0,0.0,0.0,0.0,0.014768092893064022,,,,,,,,,,,,,,,,,,,,,,,,,,,,,,,,,,,,,,,,,,,,,,,,,,,,
1,479,,,0.031970977783203125,0.44598388671875,16.0,1.0,1.0,1.0,1.0,1.0,1.0,1.0,1.0,0.0,0.0,0.0,0.0,0.0,0.0,0.0,0.0,0.0,27.0,1.0,0.10625487565994263,32.0,27.83251953125,0.87091064453125,0.8697662353515625,0.5,0.87109375,0.0,1.0,0.08017514646053314,1.0,25.567428588867188,0.4990234375,0.25048828125,0.9317739009857178,0.93359375,0.24853515625,0.95703125,0.11107382923364639,0.0,0.5,1.0,1.0,0.013620891608297825,1.0,1.0,0.0,0.0,0.0,0.013620891608297825,,,,,,,,,,,,,,,,,,,,,,,,,,,,,,,,,,,,,,,,,,,,,,,,,,,,
1,484,,,0.030942916870117188,0.43890380859375,16.0,1.0,1.0,1.0,1.0,1.0,1.0,1.0,1.0,0.0,0.0,0.0,0.0,0.0,0.0,0.0,0.0,0.0,27.0,1.0,0.11127239465713501,32.0,27.54248046875,0.8710594177246094,0.8607025146484375,0.5,0.859375,0.0,1.0,0.08094434440135956,1.0,25.467727661132812,0.50146484375,0.25830078125,0.9224952459335327,0.953125,0.2431640625,0.9599609375,0.10466143488883972,0.0,0.5,1.0,1.0,0.014672618359327316,1.0,1.0,0.0,0.0,0.0,0.014672618359327316,,,,,,,,,,,,,,,,,,,,,,,,,,,,,,,,,,,,,,,,,,,,,,,,,,,,
1,489,,,0.03119182586669922,0.440216064453125,16.0,1.0,1.0,1.0,1.0,1.0,1.0,1.0,1.0,0.0,0.0,0.0,0.0,0.0,0.0,0.0,0.0,0.0,27.0,1.0,0.10049504041671753,32.0,27.5501708984375,0.868927001953125,0.8609428405761719,0.5,0.859375,0.0,1.0,0.07455544918775558,1.0,25.47037124633789,0.50244140625,0.251953125,0.9437984228134155,0.951171875,0.25048828125,0.96142578125,0.09465719759464264,0.0,0.5,1.0,1.0,0.012976415455341339,1.0,1.0,0.0,0.0,0.0,0.012976415455341339,,,,,,,,,,,,,,,,,,,,,,,,,,,,,,,,,,,,,,,,,,,,,,,,,,,,
1,494,,,0.029433250427246094,0.440338134765625,16.0,1.0,1.0,1.0,1.0,1.0,1.0,1.0,1.0,0.0,0.0,0.0,0.0,0.0,0.0,0.0,0.0,0.0,27.0,1.0,0.09442639350891113,32.0,27.529541015625,0.8701171875,0.8602981567382812,0.5,0.859375,0.0,1.0,0.07428915053606033,1.0,25.463279724121094,0.50146484375,0.25634765625,0.9180952310562134,0.9395711421966553,0.2451171875,0.95849609375,0.10332226753234863,0.0,0.5009765625,1.0,1.0,0.012511851266026497,1.0,1.0,0.0,0.0,0.0,0.012511851266026497,,,,,,,,,,,,,,,,,,,,,,,,,,,,,,,,,,,,,,,,,,,,,,,,,,,,
,500,672.7989816900001,8.174804287284413,,,,,,,,,,,,,,,,,,,,,,,,,,,,,,,,,,,,,,,,,,,,,,,,,,,,,,,,,,,,,,,,,,,,,,,,,,,,,,,,,,,,,,,,,,,,,,,,,,,,,,,,
1,499,,,0.028321266174316406,0.437530517578125,16.0,1.0,1.0,1.0,1.0,1.0,1.0,1.0,1.0,0.0,0.0,0.0,0.0,0.0,0.0,0.0,0.0,0.0,27.0,1.0,0.09798067808151245,32.0,27.2630615234375,0.8664474487304688,0.8519706726074219,0.5,0.8515625,0.0,1.0,0.08337745815515518,1.0,25.37167739868164,0.4951171875,0.2529296875,0.9266409277915955,0.9356725215911865,0.2421875,0.93896484375,0.13338717818260193,0.0,0.5009765625,1.0,1.0,0.014831794425845146,1.0,1.0,0.0,0.0,0.0,0.014831794425845146,,,,,,,,,,,,,,,,,,,,,,,,,,,,,,,,,,,,,,,,,,,,,,,,,,,,
1,504,,,0.027204513549804688,0.4364013671875,16.0,1.0,1.0,1.0,1.0,1.0,1.0,1.0,1.0,0.0,0.0,0.0,0.0,0.0,0.0,0.0,0.0,0.0,27.0,1.0,0.10362356901168823,32.0,27.097900390625,0.8790950775146484,0.8468093872070312,0.5,0.84765625,0.0,1.0,0.0866141989827156,1.0,25.314903259277344,0.5048828125,0.24609375,0.9305555820465088,0.9124513864517212,0.2587890625,0.9443359375,0.14082401990890503,0.0,0.501953125,1.0,1.0,0.015303686261177063,1.0,1.0,0.0,0.0,0.0,0.015303686261177063,,,,,,,,,,,,,,,,,,,,,,,,,,,,,,,,,,,,,,,,,,,,,,,,,,,,
1,509,,,0.036223411560058594,0.435394287109375,16.0,1.0,1.0,1.0,1.0,1.0,1.0,1.0,1.0,0.0,0.0,0.0,0.0,0.0,0.0,0.0,0.0,0.0,27.0,1.0,0.08788985013961792,32.0,27.2266845703125,0.8645515441894531,0.8508338928222656,0.5,0.8515625,0.0,1.0,0.0749012678861618,1.0,25.359172821044922,0.501953125,0.2587890625,0.9113207459449768,0.9396887421607971,0.2431640625,0.9580078125,0.11847411096096039,0.0,0.501953125,1.0,1.0,0.01178190391510725,1.0,1.0,0.0,0.0,0.0,0.01178190391510725,,,,,,,,,,,,,,,,,,,,,,,,,,,,,,,,,,,,,,,,,,,,,,,,,,,,
1,514,,,0.024878501892089844,0.436309814453125,16.0,1.0,1.0,1.0,1.0,1.0,1.0,1.0,1.0,0.0,0.0,0.0,0.0,0.0,0.0,0.0,0.0,0.0,27.0,1.0,0.09037512540817261,32.0,26.9703369140625,0.8682327270507812,0.8428230285644531,0.5,0.84375,0.0,1.0,0.07908754795789719,1.0,25.271053314208984,0.49755859375,0.24853515625,0.9155206084251404,0.9048543572425842,0.2490234375,0.94482421875,0.13034945726394653,0.0,0.5029296875,1.0,1.0,0.013329388573765755,1.0,1.0,0.0,0.0,0.0,0.013329388573765755,,,,,,,,,,,,,,,,,,,,,,,,,,,,,,,,,,,,,,,,,,,,,,,,,,,,
1,519,,,0.03126049041748047,0.447052001953125,16.0,1.0,1.0,1.0,1.0,1.0,1.0,1.0,1.0,0.0,0.0,0.0,0.0,0.0,0.0,0.0,0.0,0.0,27.0,1.0,0.0797501802444458,32.0,27.34521484375,0.8625984191894531,0.8545379638671875,0.5,0.85546875,0.0,1.0,0.07004573941230774,1.0,25.399917602539062,0.5009765625,0.25390625,0.9192307591438293,0.93359375,0.2470703125,0.955078125,0.10775497555732727,0.0,0.5,1.0,1.0,0.011154747568070889,1.0,1.0,0.0,0.0,0.0,0.011154747568070889,,,,,,,,,,,,,,,,,,,,,,,,,,,,,,,,,,,,,,,,,,,,,,,,,,,,
1,524,,,0.02655506134033203,0.440704345703125,16.0,1.0,1.0,1.0,1.0,1.0,1.0,1.0,1.0,0.0,0.0,0.0,0.0,0.0,0.0,0.0,0.0,0.0,27.0,1.0,0.08993667364120483,32.0,27.123779296875,0.8679313659667969,0.8476181030273438,0.5,0.84765625,0.0,1.0,0.08997434377670288,1.0,25.32379913330078,0.5,0.24755859375,0.8994082808494568,0.8854368925094604,0.25244140625,0.9326171875,0.1858239769935608,0.0,0.5029296875,1.0,1.0,0.013092055916786194,1.0,1.0,0.0,0.0,0.0,0.013092055916786194,,,,,,,,,,,,,,,,,,,,,,,,,,,,,,,,,,,,,,,,,,,,,,,,,,,,
1,529,,,0.02787494659423828,0.440399169921875,16.0,1.0,1.0,1.0,1.0,1.0,1.0,1.0,1.0,0.0,0.0,0.0,0.0,0.0,0.0,0.0,0.0,0.0,27.0,1.0,0.09471487998962402,32.0,26.9637451171875,0.8719387054443359,0.8426170349121094,0.5,0.84375,0.0,1.0,0.08543401211500168,1.0,25.268787384033203,0.4951171875,0.25244140625,0.9071566462516785,0.916015625,0.24267578125,0.93603515625,0.15959666669368744,0.0,0.5,1.0,1.0,0.012711504474282265,1.0,1.0,0.0,0.0,0.0,0.012711504474282265,,,,,,,,,,,,,,,,,,,,,,,,,,,,,,,,,,,,,,,,,,,,,,,,,,,,
1,534,,,0.03122997283935547,0.436737060546875,16.0,1.0,1.0,1.0,1.0,1.0,1.0,1.0,1.0,0.0,0.0,0.0,0.0,0.0,0.0,0.0,0.0,0.0,27.0,1.0,0.08674344420433044,32.0,26.9019775390625,0.8697509765625,0.8406867980957031,0.5,0.83984375,0.0,1.0,0.07856906950473785,1.0,25.247554779052734,0.49267578125,0.24951171875,0.927592933177948,0.9186046719551086,0.2431640625,0.94873046875,0.14150893688201904,0.0,0.50390625,1.0,1.0,0.011423418298363686,1.0,1.0,0.0,0.0,0.0,0.011423418298363686,,,,,,,,,,,,,,,,,,,,,,,,,,,,,,,,,,,,,,,,,,,,,,,,,,,,
1,539,,,0.030780792236328125,0.43670654296875,16.0,1.0,1.0,1.0,1.0,1.0,1.0,1.0,1.0,0.0,0.0,0.0,0.0,0.0,0.0,0.0,0.0,0.0,27.0,1.0,0.09443831443786621,32.0,26.8514404296875,0.8752593994140625,0.8391075134277344,0.5,0.83984375,0.0,1.0,0.08225937932729721,1.0,25.230182647705078,0.49951171875,0.24560546875,0.9244532585144043,0.9011628031730652,0.25390625,0.94140625,0.1394355595111847,0.0,0.50390625,1.0,1.0,0.013609175570309162,1.0,1.0,0.0,0.0,0.0,0.013609175570309162,,,,,,,,,,,,,,,,,,,,,,,,,,,,,,,,,,,,,,,,,,,,,,,,,,,,
1,544,,,0.031455039978027344,0.436492919921875,16.0,1.0,1.0,1.0,1.0,1.0,1.0,1.0,1.0,0.0,0.0,0.0,0.0,0.0,0.0,0.0,0.0,0.0,27.0,1.0,0.08255398273468018,32.0,26.746337890625,0.8601112365722656,0.8358230590820312,0.5,0.8359375,0.0,1.0,0.08020755648612976,1.0,25.194053649902344,0.4990234375,0.2490234375,0.9019607901573181,0.893203854560852,0.25,0.93798828125,0.15093432366847992,0.0,0.5029296875,1.0,1.0,0.012344017624855042,1.0,1.0,0.0,0.0,0.0,0.012344017624855042,,,,,,,,,,,,,,,,,,,,,,,,,,,,,,,,,,,,,,,,,,,,,,,,,,,,
1,549,,,0.02878570556640625,0.43524169921875,16.0,1.0,1.0,1.0,1.0,1.0,1.0,1.0,1.0,0.0,0.0,0.0,0.0,0.0,0.0,0.0,0.0,0.0,27.0,1.0,0.08156868815422058,32.0,26.5701904296875,0.8637943267822266,0.8303184509277344,0.5,0.83203125,0.0,1.0,0.08383810520172119,1.0,25.133502960205078,0.50390625,0.24560546875,0.8926441073417664,0.876953125,0.25830078125,0.92919921875,0.17288148403167725,0.0,0.5,1.0,1.0,0.011980218812823296,1.0,1.0,0.0,0.0,0.0,0.011980218812823296,,,,,,,,,,,,,,,,,,,,,,,,,,,,,,,,,,,,,,,,,,,,,,,,,,,,
1,554,,,0.027261734008789062,0.4366455078125,16.0,1.0,1.0,1.0,1.0,1.0,1.0,1.0,1.0,0.0,0.0,0.0,0.0,0.0,0.0,0.0,0.0,0.0,27.0,1.0,0.07601878046989441,32.0,26.5506591796875,0.8638992309570312,0.8297080993652344,0.5,0.828125,0.0,1.0,0.07602489739656448,1.0,25.126789093017578,0.50048828125,0.25634765625,0.8914285898208618,0.9140625,0.244140625,0.9404296875,0.14266705513000488,0.0,0.5,1.0,1.0,0.011612609960138798,1.0,1.0,0.0,0.0,0.0,0.011612609960138798,,,,,,,,,,,,,,,,,,,,,,,,,,,,,,,,,,,,,,,,,,,,,,,,,,,,
1,559,,,0.028501510620117188,0.43463134765625,16.0,1.0,1.0,1.0,1.0,1.0,1.0,1.0,1.0,0.0,0.0,0.0,0.0,0.0,0.0,0.0,0.0,0.0,27.0,1.0,0.0755506157875061,32.0,26.4085693359375,0.8578453063964844,0.8252677917480469,0.5,0.82421875,0.0,1.0,0.0745658278465271,1.0,25.077945709228516,0.4970703125,0.2607421875,0.8876404762268066,0.92578125,0.236328125,0.939453125,0.14182989299297333,0.0,0.5,1.0,1.0,0.01054768729954958,1.0,1.0,0.0,0.0,0.0,0.01054768729954958,,,,,,,,,,,,,,,,,,,,,,,,,,,,,,,,,,,,,,,,,,,,,,,,,,,,
1,564,,,0.03251075744628906,0.43536376953125,16.0,1.0,1.0,1.0,1.0,1.0,1.0,1.0,1.0,0.0,0.0,0.0,0.0,0.0,0.0,0.0,0.0,0.0,27.0,1.0,0.07096824049949646,32.0,26.306396484375,0.8661155700683594,0.8220748901367188,0.5,0.8203125,0.0,1.0,0.0675465539097786,1.0,25.042823791503906,0.50146484375,0.25341796875,0.9190751314163208,0.9208494424819946,0.248046875,0.955078125,0.11964689195156097,0.0,0.505859375,1.0,1.0,0.009192587807774544,1.0,1.0,0.0,0.0,0.0,0.009192587807774544,,,,,,,,,,,,,,,,,,,,,,,,,,,,,,,,,,,,,,,,,,,,,,,,,,,,
1,569,,,0.03468608856201172,0.433563232421875,16.0,1.0,1.0,1.0,1.0,1.0,1.0,1.0,1.0,0.0,0.0,0.0,0.0,0.0,0.0,0.0,0.0,0.0,27.0,1.0,0.07055941224098206,32.0,26.26318359375,0.8704566955566406,0.8207244873046875,0.5,0.8203125,0.0,1.0,0.07633288204669952,1.0,25.027969360351562,0.50634765625,0.24560546875,0.916500985622406,0.8968871831893921,0.2607421875,0.9384765625,0.15857526659965515,0.0,0.501953125,1.0,1.0,0.01027369312942028,1.0,1.0,0.0,0.0,0.0,0.01027369312942028,,,,,,,,,,,,,,,,,,,,,,,,,,,,,,,,,,,,,,,,,,,,,,,,,,,,
1,574,,,0.03034210205078125,0.438232421875,16.0,1.0,1.0,1.0,1.0,1.0,1.0,1.0,1.0,0.0,0.0,0.0,0.0,0.0,0.0,0.0,0.0,0.0,27.0,1.0,0.06780755519866943,32.0,26.042724609375,0.8678359985351562,0.8138351440429688,0.5,0.8125,0.0,1.0,0.06729908287525177,1.0,24.952186584472656,0.4951171875,0.259765625,0.896616518497467,0.931640625,0.2353515625,0.947265625,0.11894186586141586,0.0,0.5,1.0,1.0,0.01002004835754633,1.0,1.0,0.0,0.0,0.0,0.01002004835754633,,,,,,,,,,,,,,,,,,,,,,,,,,,,,,,,,,,,,,,,,,,,,,,,,,,,
1,579,,,0.02945232391357422,0.432037353515625,16.0,1.0,1.0,1.0,1.0,1.0,1.0,1.0,1.0,0.0,0.0,0.0,0.0,0.0,0.0,0.0,0.0,0.0,27.0,1.0,0.06733441352844238,32.0,25.9749755859375,0.8718376159667969,0.8117179870605469,0.5,0.8125,0.0,1.0,0.06747257709503174,1.0,24.928897857666016,0.49951171875,0.24609375,0.932539701461792,0.916179358959198,0.25341796875,0.9560546875,0.12146735191345215,0.0,0.5009765625,1.0,1.0,0.009815627709031105,1.0,1.0,0.0,0.0,0.0,0.009815627709031105,,,,,,,,,,,,,,,,,,,,,,,,,,,,,,,,,,,,,,,,,,,,,,,,,,,,
1,584,,,0.029837608337402344,0.433013916015625,16.0,1.0,1.0,1.0,1.0,1.0,1.0,1.0,1.0,0.0,0.0,0.0,0.0,0.0,0.0,0.0,0.0,0.0,27.0,1.0,0.06621301174163818,32.0,25.9456787109375,0.868133544921875,0.8108024597167969,0.5,0.8125,0.0,1.0,0.07206188142299652,1.0,24.918827056884766,0.5,0.2548828125,0.9061302542686462,0.9184466004371643,0.2451171875,0.94970703125,0.14816997945308685,0.0,0.5029296875,1.0,1.0,0.009340904653072357,1.0,1.0,0.0,0.0,0.0,0.009340904653072357,,,,,,,,,,,,,,,,,,,,,,,,,,,,,,,,,,,,,,,,,,,,,,,,,,,,
1,589,,,0.02837371826171875,0.43658447265625,16.0,1.0,1.0,1.0,1.0,1.0,1.0,1.0,1.0,0.0,0.0,0.0,0.0,0.0,0.0,0.0,0.0,0.0,27.0,1.0,0.0637282133102417,32.0,25.868896484375,0.8736610412597656,0.8084030151367188,0.5,0.80859375,0.0,1.0,0.0626661628484726,1.0,24.892433166503906,0.5,0.24853515625,0.9390962719917297,0.92277991771698,0.25146484375,0.95947265625,0.10767903923988342,0.0,0.505859375,1.0,1.0,0.008801281452178955,1.0,1.0,0.0,0.0,0.0,0.008801281452178955,,,,,,,,,,,,,,,,,,,,,,,,,,,,,,,,,,,,,,,,,,,,,,,,,,,,
1,594,,,0.025136947631835938,0.440185546875,16.0,1.0,1.0,1.0,1.0,1.0,1.0,1.0,1.0,0.0,0.0,0.0,0.0,0.0,0.0,0.0,0.0,0.0,27.0,1.0,0.06330016255378723,32.0,25.7109375,0.87274169921875,0.803466796875,0.5,0.8046875,0.0,1.0,0.06188143044710159,1.0,24.838134765625,0.498046875,0.24658203125,0.9445544481277466,0.9298245906829834,0.25146484375,0.96484375,0.10476245731115341,0.0,0.5009765625,1.0,1.0,0.008739247918128967,1.0,1.0,0.0,0.0,0.0,0.008739247918128967,,,,,,,,,,,,,,,,,,,,,,,,,,,,,,,,,,,,,,,,,,,,,,,,,,,,
,600,654.467780457,8.25097913334909,,,,,,,,,,,,,,,,,,,,,,,,,,,,,,,,,,,,,,,,,,,,,,,,,,,,,,,,,,,,,,,,,,,,,,,,,,,,,,,,,,,,,,,,,,,,,,,,,,,,,,,,
1,599,,,0.026262283325195312,0.43878173828125,16.0,1.0,1.0,1.0,1.0,1.0,1.0,1.0,1.0,0.0,0.0,0.0,0.0,0.0,0.0,0.0,0.0,0.0,27.0,1.0,0.06155914068222046,32.0,25.677734375,0.8723182678222656,0.80242919921875,0.5,0.80078125,0.0,1.0,0.06229037046432495,1.0,24.82672119140625,0.49951171875,0.24951171875,0.9373776912689209,0.9337232112884521,0.25,0.96533203125,0.10958968847990036,0.0,0.5009765625,1.0,1.0,0.008728815242648125,1.0,1.0,0.0,0.0,0.0,0.008728815242648125,,,,,,,,,,,,,,,,,,,,,,,,,,,,,,,,,,,,,,,,,,,,,,,,,,,,
1,604,,,0.02875804901123047,0.435394287109375,16.0,1.0,1.0,1.0,1.0,1.0,1.0,1.0,1.0,0.0,0.0,0.0,0.0,0.0,0.0,0.0,0.0,0.0,27.0,1.0,0.05898043513298035,32.0,25.33203125,0.8716163635253906,0.7916259765625,0.5,0.79296875,0.0,1.0,0.06672655045986176,1.0,24.7078857421875,0.50048828125,0.25634765625,0.9009523987770081,0.9184466004371643,0.244140625,0.94775390625,0.1370541900396347,0.0,0.5029296875,1.0,1.0,0.008413886651396751,1.0,1.0,0.0,0.0,0.0,0.008413886651396751,,,,,,,,,,,,,,,,,,,,,,,,,,,,,,,,,,,,,,,,,,,,,,,,,,,,
1,609,,,0.02703571319580078,0.434539794921875,16.0,1.0,1.0,1.0,1.0,1.0,1.0,1.0,1.0,0.0,0.0,0.0,0.0,0.0,0.0,0.0,0.0,0.0,27.0,1.0,0.05781480669975281,32.0,25.3876953125,0.871185302734375,0.793365478515625,0.5,0.79296875,0.0,1.0,0.06169961392879486,1.0,24.727020263671875,0.5,0.2529296875,0.9131274223327637,0.923828125,0.2470703125,0.95703125,0.11030106246471405,0.0,0.5,1.0,1.0,0.009046198800206184,1.0,1.0,0.0,0.0,0.0,0.009046198800206184,,,,,,,,,,,,,,,,,,,,,,,,,,,,,,,,,,,,,,,,,,,,,,,,,,,,
1,614,,,0.029712677001953125,0.43414306640625,16.0,1.0,1.0,1.0,1.0,1.0,1.0,1.0,1.0,0.0,0.0,0.0,0.0,0.0,0.0,0.0,0.0,0.0,27.0,1.0,0.05530597269535065,32.0,25.0703125,0.8746261596679688,0.783447265625,0.5,0.78515625,0.0,1.0,0.06091155856847763,1.0,24.617919921875,0.50048828125,0.25,0.919921875,0.919921875,0.25048828125,0.95556640625,0.11193305253982544,0.0,0.5,1.0,1.0,0.008654256351292133,1.0,1.0,0.0,0.0,0.0,0.008654256351292133,,,,,,,,,,,,,,,,,,,,,,,,,,,,,,,,,,,,,,,,,,,,,,,,,,,,
1,619,,,0.02670001983642578,0.439605712890625,16.0,1.0,1.0,1.0,1.0,1.0,1.0,1.0,1.0,0.0,0.0,0.0,0.0,0.0,0.0,0.0,0.0,0.0,27.0,1.0,0.058772265911102295,31.9375,25.162841796875,0.87772136926651,0.7863388061523438,0.4990234375,0.78515625,0.0,1.0,0.07075648754835129,1.0,24.64972686767578,0.501953125,0.24462890625,0.9081836342811584,0.8783783912658691,0.25732421875,0.94091796875,0.1549818217754364,0.0,0.5069304704666138,1.0,1.0,0.009052988141775131,1.0,1.0,0.0,0.0,0.0,0.009052988141775131,,,,,,,,,,,,,,,,,,,,,,,,,,,,,,,,,,,,,,,,,,,,,,,,,,,,
1,624,,,0.027329444885253906,0.437225341796875,16.0,1.0,1.0,1.0,1.0,1.0,1.0,1.0,1.0,0.0,0.0,0.0,0.0,0.0,0.0,0.0,0.0,0.0,27.0,1.0,0.05489632487297058,30.96875,25.0101318359375,0.8770812153816223,0.7815666198730469,0.48388671875,0.78125,0.0,1.0,0.05890998616814613,1.0,24.597232818603516,0.49853515625,0.24853515625,0.9410609006881714,0.9319066405296326,0.25,0.9619140625,0.10773132741451263,0.0,0.5078103542327881,0.978515625,1.0,0.0077413455583155155,1.0,1.0,0.0,0.0,0.0,0.0077413455583155155,,,,,,,,,,,,,,,,,,,,,,,,,,,,,,,,,,,,,,,,,,,,,,,,,,,,
1,629,,,0.03726005554199219,0.43115234375,16.0,1.0,1.0,1.0,1.0,1.0,1.0,1.0,1.0,0.0,0.0,0.0,0.0,0.0,0.0,0.0,0.0,0.0,27.0,1.0,0.057163551449775696,31.09375,24.9730224609375,0.8759225606918335,0.7804069519042969,0.48583984375,0.78125,0.0,1.0,0.06450612843036652,1.0,24.584476470947266,0.49951171875,0.251953125,0.9108527302742004,0.9143968820571899,0.24755859375,0.94873046875,0.13329070806503296,0.0,0.5046471357345581,0.9765625,1.0,0.00755949504673481,1.0,1.0,0.0,0.0,0.0,0.00755949504673481,,,,,,,,,,,,,,,,,,,,,,,,,,,,,,,,,,,,,,,,,,,,,,,,,,,,
1,634,,,0.028267860412597656,0.435882568359375,16.0,1.0,1.0,1.0,1.0,1.0,1.0,1.0,1.0,0.0,0.0,0.0,0.0,0.0,0.0,0.0,0.0,0.0,27.0,1.0,0.05365167558193207,30.5,24.7611083984375,0.8741995096206665,0.7737846374511719,0.4765625,0.7734375,0.0,0.9999999403953552,0.05842180550098419,1.0,24.51163101196289,0.4990234375,0.25732421875,0.918406069278717,0.936170220375061,0.24169921875,0.9560546875,0.10600829124450684,0.0,0.5084478259086609,0.9598524570465088,1.0,0.008082656189799309,1.0,1.0,0.0,0.0,0.0,0.008082656189799309,,,,,,,,,,,,,,,,,,,,,,,,,,,,,,,,,,,,,,,,,,,,,,,,,,,,
1,639,,,0.02917194366455078,0.441192626953125,16.0,1.0,1.0,1.0,1.0,1.0,1.0,1.0,1.0,0.0,0.0,0.0,0.0,0.0,0.0,0.0,0.0,0.0,27.0,1.0,0.05249647796154022,30.75,24.9034423828125,0.868445873260498,0.7782325744628906,0.48046875,0.77734375,0.0,0.9999999403953552,0.06087387353181839,1.0,24.560558319091797,0.50244140625,0.24560546875,0.9264413714408875,0.8978805541992188,0.2568359375,0.95166015625,0.12030884623527527,0.0,0.5110317468643188,0.9689797759056091,1.0,0.0078323008492589,1.0,1.0,0.0,0.0,0.0,0.0078323008492589,,,,,,,,,,,,,,,,,,,,,,,,,,,,,,,,,,,,,,,,,,,,,,,,,,,,
1,644,,,0.027419090270996094,0.435943603515625,16.0,1.0,1.0,1.0,1.0,1.0,1.0,1.0,1.0,0.0,0.0,0.0,0.0,0.0,0.0,0.0,0.0,0.0,27.0,1.0,0.050411999225616455,30.09375,24.3328857421875,0.8706597685813904,0.7604026794433594,0.47021484375,0.76171875,0.0,1.0,0.06253109127283096,1.0,24.364429473876953,0.4990234375,0.24951171875,0.931506872177124,0.924271821975708,0.24951171875,0.95703125,0.13458600640296936,0.0,0.4925287365913391,0.9223345518112183,1.0,0.007477910257875919,1.0,1.0,0.0,0.0,0.0,0.007477910257875919,,,,,,,,,,,,,,,,,,,,,,,,,,,,,,,,,,,,,,,,,,,,,,,,,,,,
1,649,,,0.02848052978515625,0.4376220703125,16.0,1.0,1.0,1.0,1.0,1.0,1.0,1.0,1.0,0.0,0.0,0.0,0.0,0.0,0.0,0.0,0.0,0.0,27.0,1.0,0.052621036767959595,30.6875,24.38409423828125,0.8714398741722107,0.7620029449462891,0.4794921875,0.76171875,0.0,1.0,0.056985218077898026,1.0,24.38203239440918,0.5,0.259765625,0.9135338068008423,0.9400386810302734,0.240234375,0.95947265625,0.10183507204055786,0.0,0.5074021816253662,0.9638097286224365,1.0,0.007919348776340485,1.0,1.0,0.0,0.0,0.0,0.007919348776340485,,,,,,,,,,,,,,,,,,,,,,,,,,,,,,,,,,,,,,,,,,,,,,,,,,,,
1,651,,,,,,,,,,,,,,,,,,,,,,,,,,,,,,,,,,,,,,,,,,,,,,,,,,,,,,,0.02241966873407364,0.4397638440132141,16.0,1.0,1.0,1.0,1.0,1.0,1.0,1.0,1.0,0.0,0.0,0.0,0.0,0.0,0.0,0.0,0.0,0.0,27.0,1.0,0.04993129149079323,30.545454025268555,24.413707733154297,0.869337797164917,0.7629283666610718,0.47727271914482117,0.7634943127632141,0.0,1.0,0.055636946111917496,1.0,24.3922119140625,0.4985795319080353,0.2556818127632141,0.9222378134727478,0.9431818127632141,0.24289773404598236,0.9630681872367859,0.10098276287317276,0.0,0.4983746409416199,0.9517045617103577,1.0,0.0074745784513652325,1.0,1.0,0.0,0.0,0.0,0.0074745784513652325
1,654,,,0.031574249267578125,0.44000244140625,16.0,1.0,1.0,1.0,1.0,1.0,1.0,1.0,1.0,0.0,0.0,0.0,0.0,0.0,0.0,0.0,0.0,0.0,27.0,1.0,0.04992213845252991,30.8125,24.5865478515625,0.8663555383682251,0.7683296203613281,0.4814453125,0.76953125,0.0,1.0,0.05704328417778015,1.0,24.45162582397461,0.5,0.25244140625,0.9226305484771729,0.9262135624885559,0.24755859375,0.95849609375,0.10841928422451019,0.0,0.49753379821777344,0.953125,1.0,0.0071822889149188995,1.0,1.0,0.0,0.0,0.0,0.0071822889149188995,,,,,,,,,,,,,,,,,,,,,,,,,,,,,,,,,,,,,,,,,,,,,,,,,,,,
1,659,,,0.02909564971923828,0.443878173828125,16.0,1.0,1.0,1.0,1.0,1.0,1.0,1.0,1.0,0.0,0.0,0.0,0.0,0.0,0.0,0.0,0.0,0.0,27.0,1.0,0.04859110713005066,30.6875,24.5006103515625,0.877040684223175,0.7656440734863281,0.4794921875,0.765625,0.0,1.0,0.050982557237148285,1.0,24.42208480834961,0.5,0.25048828125,0.9395711421966553,0.9305019378662109,0.24951171875,0.96728515625,0.08175992965698242,0.0,0.5165634155273438,0.978515625,1.0,0.006872011348605156,1.0,1.0,0.0,0.0,0.0,0.006872011348605156,,,,,,,,,,,,,,,,,,,,,,,,,,,,,,,,,,,,,,,,,,,,,,,,,,,,
1,664,,,0.03093719482421875,0.43505859375,16.0,1.0,1.0,1.0,1.0,1.0,1.0,1.0,1.0,0.0,0.0,0.0,0.0,0.0,0.0,0.0,0.0,0.0,27.0,1.0,0.049253180623054504,30.75,23.99853515625,0.8747776746749878,0.7499542236328125,0.48046875,0.75,0.0,0.9999999403953552,0.05888114124536514,1.0,24.249496459960938,0.5,0.251953125,0.9108527302742004,0.9143968820571899,0.248046875,0.953125,0.11788339912891388,0.0,0.5009833574295044,0.958984375,1.0,0.007667145691812038,1.0,1.0,0.0,0.0,0.0,0.007667145691812038,,,,,,,,,,,,,,,,,,,,,,,,,,,,,,,,,,,,,,,,,,,,,,,,,,,,
1,669,,,0.028655052185058594,0.430572509765625,16.0,1.0,1.0,1.0,1.0,1.0,1.0,1.0,1.0,0.0,0.0,0.0,0.0,0.0,0.0,0.0,0.0,0.0,27.0,1.0,0.0460086315870285,30.34375,23.75244140625,0.8703374862670898,0.7422637939453125,0.47412109375,0.7421875,0.0,1.0,0.055228933691978455,1.0,24.164901733398438,0.49951171875,0.2509765625,0.9319066405296326,0.9337232112884521,0.24853515625,0.958984375,0.10939519852399826,0.0,0.49608752131462097,0.939453125,1.0,0.006729642860591412,1.0,1.0,0.0,0.0,0.0,0.006729642860591412,,,,,,,,,,,,,,,,,,,,,,,,,,,,,,,,,,,,,,,,,,,,,,,,,,,,
1,674,,,0.02815723419189453,0.435760498046875,16.0,1.0,1.0,1.0,1.0,1.0,1.0,1.0,1.0,0.0,0.0,0.0,0.0,0.0,0.0,0.0,0.0,0.0,27.0,1.0,0.046492770314216614,30.8125,23.9765625,0.8760815262794495,0.749267578125,0.4814453125,0.75,0.0,1.0,0.05654645711183548,1.0,24.241943359375,0.498046875,0.2607421875,0.8932584524154663,0.931640625,0.2373046875,0.9501953125,0.11080637574195862,0.0,0.49676722288131714,0.95703125,1.0,0.007465770933777094,1.0,1.0,0.0,0.0,0.0,0.007465770933777094,,,,,,,,,,,,,,,,,,,,,,,,,,,,,,,,,,,,,,,,,,,,,,,,,,,,
1,679,,,0.028118133544921875,0.439208984375,16.0,1.0,1.0,1.0,1.0,1.0,1.0,1.0,1.0,0.0,0.0,0.0,0.0,0.0,0.0,0.0,0.0,0.0,27.0,1.0,0.042501166462898254,29.90625,23.59979248046875,0.8744734525680542,0.7374935150146484,0.46728515625,0.73828125,0.0,1.0,0.04860676825046539,1.0,24.112428665161133,0.4990234375,0.25048828125,0.9317739009857178,0.9317739009857178,0.24853515625,0.96484375,0.08369332551956177,0.0,0.5046136379241943,0.9416360259056091,1.0,0.006191118620336056,1.0,1.0,0.0,0.0,0.0,0.006191118620336056,,,,,,,,,,,,,,,,,,,,,,,,,,,,,,,,,,,,,,,,,,,,,,,,,,,,
1,684,,,0.02772235870361328,0.439605712890625,16.0,1.0,1.0,1.0,1.0,1.0,1.0,1.0,1.0,0.0,0.0,0.0,0.0,0.0,0.0,0.0,0.0,0.0,27.0,1.0,0.046345680952072144,31.03125,23.74462890625,0.8751888275146484,0.7420196533203125,0.48486328125,0.7421875,0.0,1.0,0.053351085633039474,1.0,24.162216186523438,0.50146484375,0.25146484375,0.9417475461959839,0.9435797929763794,0.25,0.9658203125,0.09627152234315872,0.0,0.49734196066856384,0.9613970518112183,1.0,0.007401593495160341,1.0,1.0,0.0,0.0,0.0,0.007401593495160341,,,,,,,,,,,,,,,,,,,,,,,,,,,,,,,,,,,,,,,,,,,,,,,,,,,,
1,689,,,0.03007030487060547,0.438568115234375,16.0,1.0,1.0,1.0,1.0,1.0,1.0,1.0,1.0,0.0,0.0,0.0,0.0,0.0,0.0,0.0,0.0,0.0,27.0,1.0,0.04255908727645874,30.65625,23.55987548828125,0.8738452196121216,0.7362461090087891,0.47900390625,0.734375,0.0,0.9999999403953552,0.04740525782108307,1.0,24.09870719909668,0.5009765625,0.24755859375,0.9467455744743347,0.930232584476471,0.25341796875,0.96630859375,0.0767936110496521,0.0,0.5045672655105591,0.9595588445663452,1.0,0.006396587938070297,1.0,1.0,0.0,0.0,0.0,0.006396587938070297,,,,,,,,,,,,,,,,,,,,,,,,,,,,,,,,,,,,,,,,,,,,,,,,,,,,
1,694,,,0.029511451721191406,0.437774658203125,16.0,1.0,1.0,1.0,1.0,1.0,1.0,1.0,1.0,0.0,0.0,0.0,0.0,0.0,0.0,0.0,0.0,0.0,27.0,1.0,0.043449416756629944,29.90625,23.2005615234375,0.8741387128829956,0.7250175476074219,0.46728515625,0.7265625,0.0,1.0,0.05571666359901428,1.0,23.97519302368164,0.5009765625,0.2490234375,0.927450954914093,0.923828125,0.251953125,0.9580078125,0.11476857960224152,0.0,0.5144171714782715,0.958984375,1.0,0.007079107686877251,1.0,1.0,0.0,0.0,0.0,0.007079107686877251,,,,,,,,,,,,,,,,,,,,,,,,,,,,,,,,,,,,,,,,,,,,,,,,,,,,
,700,664.7611473815715,7.9727884532304225,,,,,,,,,,,,,,,,,,,,,,,,,,,,,,,,,,,,,,,,,,,,,,,,,,,,,,,,,,,,,,,,,,,,,,,,,,,,,,,,,,,,,,,,,,,,,,,,,,,,,,,,
1,699,,,0.027970314025878906,0.440765380859375,16.0,1.0,1.0,1.0,1.0,1.0,1.0,1.0,1.0,0.0,0.0,0.0,0.0,0.0,0.0,0.0,0.0,0.0,27.0,1.0,0.04395422339439392,29.90625,23.01885986328125,0.8805634379386902,0.7193393707275391,0.46728515625,0.71875,0.0,1.0,0.05853407457470894,1.0,23.91273307800293,0.5,0.25,0.921875,0.9129593968391418,0.25,0.953125,0.1298704892396927,0.0,0.5237605571746826,0.966796875,1.0,0.006887420546263456,1.0,1.0,0.0,0.0,0.0,0.006887420546263456,,,,,,,,,,,,,,,,,,,,,,,,,,,,,,,,,,,,,,,,,,,,,,,,,,,,
2,704,,,0.02620410919189453,0.442962646484375,16.0,1.0,1.0,1.0,1.0,1.0,1.0,1.0,1.0,0.0,0.0,0.0,0.0,0.0,0.0,0.0,0.0,0.0,27.0,1.0,0.04162546992301941,30.5,23.232666015625,0.8745597004890442,0.7260208129882812,0.4765625,0.7265625,0.0,0.9999999403953552,0.04541056603193283,1.0,23.986228942871094,0.5009765625,0.248046875,0.960629940032959,0.9457364082336426,0.2529296875,0.9755859375,0.06977195292711258,0.0,0.5116997957229614,0.9670266509056091,1.0,0.006261398084461689,1.0,1.0,0.0,0.0,0.0,0.006261398084461689,,,,,,,,,,,,,,,,,,,,,,,,,,,,,,,,,,,,,,,,,,,,,,,,,,,,
2,709,,,0.024700164794921875,0.44036865234375,16.0,1.0,1.0,1.0,1.0,1.0,1.0,1.0,1.0,0.0,0.0,0.0,0.0,0.0,0.0,0.0,0.0,0.0,27.0,1.0,0.04301577806472778,29.53125,22.64727783203125,0.8702463507652283,0.7077274322509766,0.46142578125,0.70703125,0.0,1.0,0.053675659000873566,1.0,23.785001754760742,0.4990234375,0.2587890625,0.9075471758842468,0.9303675293922424,0.240234375,0.95556640625,0.10907477140426636,0.0,0.5106108784675598,0.9323299527168274,1.0,0.006699598394334316,1.0,1.0,0.0,0.0,0.0,0.006699598394334316,,,,,,,,,,,,,,,,,,,,,,,,,,,,,,,,,,,,,,,,,,,,,,,,,,,,
2,714,,,0.02697277069091797,0.441680908203125,16.0,1.0,1.0,1.0,1.0,1.0,1.0,1.0,1.0,0.0,0.0,0.0,0.0,0.0,0.0,0.0,0.0,0.0,27.0,1.0,0.03992749750614166,29.6875,22.63897705078125,0.8761265873908997,0.7074680328369141,0.4638671875,0.70703125,0.0,0.9999999403953552,0.04856915399432182,1.0,23.782148361206055,0.50048828125,0.2529296875,0.9324324131011963,0.943359375,0.24755859375,0.96533203125,0.09058527648448944,0.0,0.5141791105270386,0.953125,1.0,0.006040340289473534,1.0,1.0,0.0,0.0,0.0,0.006040340289473534,,,,,,,,,,,,,,,,,,,,,,,,,,,,,,,,,,,,,,,,,,,,,,,,,,,,
2,719,,,0.03508567810058594,0.4366455078125,16.0,1.0,1.0,1.0,1.0,1.0,1.0,1.0,1.0,0.0,0.0,0.0,0.0,0.0,0.0,0.0,0.0,0.0,27.0,1.0,0.04103001952171326,29.125,22.18768310546875,0.880272626876831,0.6933650970458984,0.455078125,0.6953125,0.0,1.0,0.056042492389678955,1.0,23.627016067504883,0.5,0.25439453125,0.9193857908248901,0.9176245331764221,0.24560546875,0.95263671875,0.12249383330345154,0.0,0.5255560278892517,0.935661792755127,1.0,0.007019349839538336,1.0,1.0,0.0,0.0,0.0,0.007019349839538336,,,,,,,,,,,,,,,,,,,,,,,,,,,,,,,,,,,,,,,,,,,,,,,,,,,,
2,724,,,0.03803539276123047,0.439056396484375,16.0,1.0,1.0,1.0,1.0,1.0,1.0,1.0,1.0,0.0,0.0,0.0,0.0,0.0,0.0,0.0,0.0,0.0,27.0,1.0,0.039713531732559204,30.09375,22.48089599609375,0.8750730752944946,0.7025279998779297,0.47021484375,0.703125,0.0,1.0,0.0592460110783577,1.0,23.727807998657227,0.49853515625,0.25390625,0.9115384817123413,0.9221789836883545,0.24462890625,0.94189453125,0.1436212956905365,0.0,0.5170345902442932,0.96484375,1.0,0.006174929440021515,1.0,1.0,0.0,0.0,0.0,0.006174929440021515,,,,,,,,,,,,,,,,,,,,,,,,,,,,,,,,,,,,,,,,,,,,,,,,,,,,
2,729,,,0.02666759490966797,0.441375732421875,16.0,1.0,1.0,1.0,1.0,1.0,1.0,1.0,1.0,0.0,0.0,0.0,0.0,0.0,0.0,0.0,0.0,0.0,27.0,1.0,0.038812488317489624,30.40625,22.44061279296875,0.8743095397949219,0.7012691497802734,0.47509765625,0.703125,0.0,1.0,0.05021412670612335,1.0,23.713960647583008,0.4990234375,0.2529296875,0.9440154433250427,0.9532163739204407,0.24609375,0.96826171875,0.1027522087097168,0.0,0.5106401443481445,0.9670266509056091,1.0,0.005655800923705101,1.0,1.0,0.0,0.0,0.0,0.005655800923705101,,,,,,,,,,,,,,,,,,,,,,,,,,,,,,,,,,,,,,,,,,,,,,,,,,,,
2,734,,,0.028722763061523438,0.43804931640625,16.0,1.0,1.0,1.0,1.0,1.0,1.0,1.0,1.0,0.0,0.0,0.0,0.0,0.0,0.0,0.0,0.0,0.0,27.0,1.0,0.04016537964344025,29.40625,22.1484375,0.8742071390151978,0.692138671875,0.45947265625,0.69140625,0.0,1.0,0.05776538699865341,1.0,23.613525390625,0.4970703125,0.25537109375,0.885277271270752,0.9025341272354126,0.24169921875,0.9384765625,0.13524743914604187,0.0,0.5215436816215515,0.953125,1.0,0.006532348692417145,1.0,1.0,0.0,0.0,0.0,0.006532348692417145,,,,,,,,,,,,,,,,,,,,,,,,,,,,,,,,,,,,,,,,,,,,,,,,,,,,
2,739,,,0.02765369415283203,0.445648193359375,16.0,1.0,1.0,1.0,1.0,1.0,1.0,1.0,1.0,0.0,0.0,0.0,0.0,0.0,0.0,0.0,0.0,0.0,27.0,1.0,0.038754090666770935,30.3125,22.33062744140625,0.875986635684967,0.6978321075439453,0.4736328125,0.69921875,0.0,1.0,0.0521298386156559,1.0,23.6761531829834,0.4951171875,0.25341796875,0.9152215719223022,0.924124538898468,0.24169921875,0.94873046875,0.10896840691566467,0.0,0.5153871178627014,0.9689797759056091,1.0,0.006394046358764172,1.0,1.0,0.0,0.0,0.0,0.006394046358764172,,,,,,,,,,,,,,,,,,,,,,,,,,,,,,,,,,,,,,,,,,,,,,,,,,,,
2,744,,,0.03497791290283203,0.441802978515625,16.0,1.0,1.0,1.0,1.0,1.0,1.0,1.0,1.0,0.0,0.0,0.0,0.0,0.0,0.0,0.0,0.0,0.0,27.0,1.0,0.03569680452346802,30.375,22.13720703125,0.8724119067192078,0.6917877197265625,0.474609375,0.69140625,0.0,0.9999999403953552,0.04917289316654205,1.0,23.609664916992188,0.49951171875,0.2509765625,0.9280155897140503,0.931640625,0.24853515625,0.96337890625,0.10574743896722794,0.0,0.50860995054245,0.96484375,1.0,0.0048944419249892235,1.0,1.0,0.0,0.0,0.0,0.0048944419249892235,,,,,,,,,,,,,,,,,,,,,,,,,,,,,,,,,,,,,,,,,,,,,,,,,,,,
2,749,,,0.0233612060546875,0.4456787109375,16.0,1.0,1.0,1.0,1.0,1.0,1.0,1.0,1.0,0.0,0.0,0.0,0.0,0.0,0.0,0.0,0.0,0.0,27.0,1.0,0.03759472072124481,29.90625,21.70245361328125,0.872636616230011,0.6782016754150391,0.46728515625,0.6796875,0.0,1.0,0.053214989602565765,1.0,23.46021842956543,0.50048828125,0.24951171875,0.9158512949943542,0.8999999761581421,0.2509765625,0.953125,0.12159202247858047,0.0,0.5172922611236572,0.9505974054336548,1.0,0.005653455387800932,1.0,1.0,0.0,0.0,0.0,0.005653455387800932,,,,,,,,,,,,,,,,,,,,,,,,,,,,,,,,,,,,,,,,,,,,,,,,,,,,
2,754,,,0.029172897338867188,0.44091796875,16.0,1.0,1.0,1.0,1.0,1.0,1.0,1.0,1.0,0.0,0.0,0.0,0.0,0.0,0.0,0.0,0.0,0.0,27.0,1.0,0.04024101793766022,29.9375,21.5089111328125,0.8746656775474548,0.6721534729003906,0.4677734375,0.671875,0.0,1.0,0.05865427851676941,1.0,23.393688201904297,0.49755859375,0.2490234375,0.9117646813392639,0.9029126167297363,0.24853515625,0.94287109375,0.14308404922485352,0.0,0.509518027305603,0.947265625,1.0,0.006257751025259495,1.0,1.0,0.0,0.0,0.0,0.006257751025259495,,,,,,,,,,,,,,,,,,,,,,,,,,,,,,,,,,,,,,,,,,,,,,,,,,,,
2,759,,,0.027536392211914062,0.44580078125,16.0,1.0,1.0,1.0,1.0,1.0,1.0,1.0,1.0,0.0,0.0,0.0,0.0,0.0,0.0,0.0,0.0,0.0,27.0,1.0,0.039192721247673035,29.71875,21.47637939453125,0.8777807354927063,0.6711368560791016,0.46435546875,0.671875,0.0,0.9999999403953552,0.054593004286289215,1.0,23.382505416870117,0.5,0.2587890625,0.9056603908538818,0.9338521361351013,0.2412109375,0.9462890625,0.12801161408424377,0.0,0.5060766935348511,0.9362362027168274,1.0,0.005489403381943703,1.0,1.0,0.0,0.0,0.0,0.005489403381943703,,,,,,,,,,,,,,,,,,,,,,,,,,,,,,,,,,,,,,,,,,,,,,,,,,,,
2,764,,,0.026968955993652344,0.439788818359375,16.0,1.0,1.0,1.0,1.0,1.0,1.0,1.0,1.0,0.0,0.0,0.0,0.0,0.0,0.0,0.0,0.0,0.0,27.0,1.0,0.03853069245815277,28.46875,20.86798095703125,0.8766529560089111,0.6521244049072266,0.44482421875,0.65234375,0.0,1.0,0.05748964846134186,1.0,23.173368453979492,0.5009765625,0.23974609375,0.9185336232185364,0.8757281303405762,0.26123046875,0.9423828125,0.1418774276971817,0.0,0.5192112922668457,0.916015625,1.0,0.006150279194116592,1.0,1.0,0.0,0.0,0.0,0.006150279194116592,,,,,,,,,,,,,,,,,,,,,,,,,,,,,,,,,,,,,,,,,,,,,,,,,,,,
2,769,,,0.024225234985351562,0.4390869140625,16.0,1.0,1.0,1.0,1.0,1.0,1.0,1.0,1.0,0.0,0.0,0.0,0.0,0.0,0.0,0.0,0.0,0.0,27.0,1.0,0.03857579827308655,28.3125,20.9595947265625,0.8694316744804382,0.6549873352050781,0.4423828125,0.65625,0.0,1.0,0.06119838356971741,1.0,23.20486068725586,0.49853515625,0.26220703125,0.8826815485954285,0.9186046719551086,0.236328125,0.93896484375,0.15911948680877686,0.0,0.5264114141464233,0.9206112027168274,1.0,0.00636572390794754,1.0,1.0,0.0,0.0,0.0,0.00636572390794754,,,,,,,,,,,,,,,,,,,,,,,,,,,,,,,,,,,,,,,,,,,,,,,,,,,,
2,774,,,0.026224136352539062,0.4420166015625,16.0,1.0,1.0,1.0,1.0,1.0,1.0,1.0,1.0,0.0,0.0,0.0,0.0,0.0,0.0,0.0,0.0,0.0,27.0,1.0,0.03829546272754669,28.21875,20.78955078125,0.8722054958343506,0.6496734619140625,0.44091796875,0.6484375,0.0,1.0,0.05929810553789139,1.0,23.146408081054688,0.49951171875,0.23974609375,0.9124236106872559,0.8648648858070374,0.259765625,0.94140625,0.15406082570552826,0.0,0.5194846987724304,0.9034926295280457,1.0,0.005710379220545292,1.0,1.0,0.0,0.0,0.0,0.005710379220545292,,,,,,,,,,,,,,,,,,,,,,,,,,,,,,,,,,,,,,,,,,,,,,,,,,,,
2,779,,,0.02761077880859375,0.43524169921875,16.0,1.0,1.0,1.0,1.0,1.0,1.0,1.0,1.0,0.0,0.0,0.0,0.0,0.0,0.0,0.0,0.0,0.0,27.0,1.0,0.03585284948348999,28.125,20.71624755859375,0.8681033253669739,0.6473827362060547,0.439453125,0.6484375,0.0,1.0,0.05603867024183273,1.0,23.1212100982666,0.49951171875,0.25537109375,0.8871892690658569,0.9027237296104431,0.244140625,0.9384765625,0.14193788170814514,0.0,0.5302854776382446,0.9240451455116272,1.0,0.005472318269312382,1.0,1.0,0.0,0.0,0.0,0.005472318269312382,,,,,,,,,,,,,,,,,,,,,,,,,,,,,,,,,,,,,,,,,,,,,,,,,,,,
2,784,,,0.027014732360839844,0.436614990234375,16.0,1.0,1.0,1.0,1.0,1.0,1.0,1.0,1.0,0.0,0.0,0.0,0.0,0.0,0.0,0.0,0.0,0.0,27.0,1.0,0.036251798272132874,28.15625,20.38739013671875,0.8782386183738708,0.6371059417724609,0.43994140625,0.63671875,0.0,1.0,0.05435424670577049,1.0,23.00816535949707,0.49951171875,0.24169921875,0.9191918969154358,0.8852140307426453,0.2578125,0.9482421875,0.13327771425247192,0.0,0.5389692783355713,0.9399126768112183,1.0,0.005609259475022554,1.0,1.0,0.0,0.0,0.0,0.005609259475022554,,,,,,,,,,,,,,,,,,,,,,,,,,,,,,,,,,,,,,,,,,,,,,,,,,,,
2,789,,,0.025194168090820312,0.4405517578125,16.0,1.0,1.0,0.96875,0.998046875,1.0,1.0,1.0,1.0,0.0,0.0,1.0,0.03125,0.0,0.0,0.0,0.00048828125,0.0,27.0,0.96875,0.05267085134983063,28.4375,20.5133056640625,0.8814947009086609,0.6410408020019531,0.4443359375,0.640625,0.0,0.9989011287689209,0.06869102269411087,1.0,23.051448822021484,0.501953125,0.24951171875,0.8923678994178772,0.8854368925094604,0.25244140625,0.93701171875,0.1538274586200714,0.0,0.5267440676689148,0.92578125,0.99951171875,0.011688491329550743,1.0,1.0,0.0,0.0,0.0,0.011688491329550743,,,,,,,,,,,,,,,,,,,,,,,,,,,,,,,,,,,,,,,,,,,,,,,,,,,,
2,794,,,0.030493736267089844,0.433074951171875,16.0,1.0,1.0,1.0,1.0,1.0,1.0,1.0,1.0,0.0,0.0,0.0,0.0,0.0,0.0,0.0,0.0,0.0,27.0,1.0,0.04167929291725159,28.03125,20.2418212890625,0.8820112347602844,0.6325569152832031,0.43798828125,0.6328125,0.0,1.0,0.06757472455501556,1.0,22.958126068115234,0.49951171875,0.25732421875,0.8747628331184387,0.8951456546783447,0.2421875,0.93017578125,0.1878202110528946,0.0,0.531539797782898,0.9206112027168274,1.0,0.006651643197983503,1.0,1.0,0.0,0.0,0.0,0.006651643197983503,,,,,,,,,,,,,,,,,,,,,,,,,,,,,,,,,,,,,,,,,,,,,,,,,,,,
,800,646.5001530520001,8.043308227309495,,,,,,,,,,,,,,,,,,,,,,,,,,,,,,,,,,,,,,,,,,,,,,,,,,,,,,,,,,,,,,,,,,,,,,,,,,,,,,,,,,,,,,,,,,,,,,,,,,,,,,,,
2,799,,,0.025951385498046875,0.43487548828125,16.0,1.0,1.0,1.0,1.0,1.0,1.0,1.0,1.0,0.0,0.0,0.0,0.0,0.0,0.0,0.0,0.0,0.0,27.0,1.0,0.04602229595184326,27.4375,19.95458984375,0.88152676820755,0.6235809326171875,0.4287109375,0.625,0.0,1.0,0.06931260228157043,1.0,22.859390258789062,0.49853515625,0.2314453125,0.8987341523170471,0.8271844387054443,0.26708984375,0.91796875,0.18877415359020233,0.0,0.5375849008560181,0.912224292755127,1.0,0.007280477788299322,1.0,1.0,0.0,0.0,0.0,0.007280477788299322,,,,,,,,,,,,,,,,,,,,,,,,,,,,,,,,,,,,,,,,,,,,,,,,,,,,
2,804,,,0.02996826171875,0.43304443359375,16.0,1.0,1.0,1.0,1.0,1.0,1.0,1.0,1.0,0.0,0.0,0.0,0.0,0.0,0.0,0.0,0.0,0.0,27.0,1.0,0.03803832828998566,27.3125,20.0257568359375,0.8750938177108765,0.6258049011230469,0.4267578125,0.625,0.0,0.9999999403953552,0.058228373527526855,1.0,22.883853912353516,0.5009765625,0.2529296875,0.9034749269485474,0.9140625,0.248046875,0.943359375,0.14824646711349487,0.0,0.5413534045219421,0.921875,1.0,0.006257608532905579,1.0,1.0,0.0,0.0,0.0,0.006257608532905579,,,,,,,,,,,,,,,,,,,,,,,,,,,,,,,,,,,,,,,,,,,,,,,,,,,,
2,809,,,0.026830673217773438,0.4395751953125,16.0,1.0,1.0,1.0,1.0,1.0,1.0,1.0,1.0,0.0,0.0,0.0,0.0,0.0,0.0,0.0,0.0,0.0,27.0,1.0,0.03703169524669647,26.46875,19.6494140625,0.8849339485168457,0.614044189453125,0.41357421875,0.61328125,0.0,1.0,0.05306407809257507,1.0,22.754486083984375,0.501953125,0.2578125,0.9128788113594055,0.9251439571380615,0.244140625,0.951171875,0.12985411286354065,0.0,0.5571167469024658,0.9039521813392639,1.0,0.005298959091305733,1.0,1.0,0.0,0.0,0.0,0.005298959091305733,,,,,,,,,,,,,,,,,,,,,,,,,,,,,,,,,,,,,,,,,,,,,,,,,,,,
2,814,,,0.028214454650878906,0.435028076171875,16.0,1.0,1.0,1.0,1.0,1.0,1.0,1.0,1.0,0.0,0.0,0.0,0.0,0.0,0.0,0.0,0.0,0.0,27.0,1.0,0.03915208578109741,26.90625,19.83917236328125,0.8801402449607849,0.6199741363525391,0.42041015625,0.62109375,0.0,1.0,0.06089445576071739,1.0,22.81971549987793,0.49853515625,0.24658203125,0.895049512386322,0.8675623536109924,0.251953125,0.93408203125,0.15848416090011597,0.0,0.5585217475891113,0.921875,1.0,0.006676285061985254,1.0,1.0,0.0,0.0,0.0,0.006676285061985254,,,,,,,,,,,,,,,,,,,,,,,,,,,,,,,,,,,,,,,,,,,,,,,,,,,,
2,819,,,0.03061962127685547,0.441070556640625,16.0,1.0,1.0,1.0,1.0,1.0,1.0,1.0,1.0,0.0,0.0,0.0,0.0,0.0,0.0,0.0,0.0,0.0,27.0,1.0,0.034804120659828186,26.8125,19.588623046875,0.8842466473579407,0.6121444702148438,0.4189453125,0.61328125,0.0,1.0,0.056158214807510376,1.0,22.73358917236328,0.501953125,0.25341796875,0.899807333946228,0.9015443921089172,0.24853515625,0.939453125,0.14612925052642822,0.0,0.5457981824874878,0.9029182195663452,1.0,0.005657073110342026,1.0,1.0,0.0,0.0,0.0,0.005657073110342026,,,,,,,,,,,,,,,,,,,,,,,,,,,,,,,,,,,,,,,,,,,,,,,,,,,,
2,824,,,0.027025222778320312,0.4366455078125,16.0,1.0,1.0,1.0,1.0,1.0,1.0,1.0,1.0,0.0,0.0,0.0,0.0,0.0,0.0,0.0,0.0,0.0,27.0,1.0,0.03378499299287796,25.5,19.04437255859375,0.8807636499404907,0.5951366424560547,0.3984375,0.59375,0.0,1.0,0.05732180178165436,1.0,22.5465030670166,0.4990234375,0.2509765625,0.8929961323738098,0.8912621140480042,0.248046875,0.93994140625,0.1540890336036682,0.0,0.5746914148330688,0.9095817804336548,1.0,0.005885637365281582,1.0,1.0,0.0,0.0,0.0,0.005885637365281582,,,,,,,,,,,,,,,,,,,,,,,,,,,,,,,,,,,,,,,,,,,,,,,,,,,,
2,829,,,0.025720596313476562,0.4368896484375,16.0,1.0,1.0,1.0,1.0,1.0,1.0,1.0,1.0,0.0,0.0,0.0,0.0,0.0,0.0,0.0,0.0,0.0,27.0,1.0,0.03173667937517166,24.9375,19.23828125,0.8844034075737,0.6011962890625,0.3896484375,0.6015625,0.0,1.0,0.05132532864809036,1.0,22.6131591796875,0.50048828125,0.2529296875,0.915057897567749,0.92578125,0.24755859375,0.95361328125,0.1296064555644989,0.0,0.5669997334480286,0.880859375,1.0,0.005188734270632267,1.0,1.0,0.0,0.0,0.0,0.005188734270632267,,,,,,,,,,,,,,,,,,,,,,,,,,,,,,,,,,,,,,,,,,,,,,,,,,,,
2,834,,,0.031803131103515625,0.43121337890625,16.0,1.0,1.0,1.0,1.0,1.0,1.0,1.0,1.0,0.0,0.0,0.0,0.0,0.0,0.0,0.0,0.0,0.0,27.0,1.0,0.03513249009847641,25.71875,19.06488037109375,0.8848866820335388,0.5957775115966797,0.40185546875,0.59765625,0.0,1.0,0.05357739329338074,1.0,22.553552627563477,0.49755859375,0.2529296875,0.915057897567749,0.92578125,0.24462890625,0.953125,0.13304978609085083,0.0,0.5658762454986572,0.90625,1.0,0.0059033893048763275,1.0,1.0,0.0,0.0,0.0,0.0059033893048763275,,,,,,,,,,,,,,,,,,,,,,,,,,,,,,,,,,,,,,,,,,,,,,,,,,,,
2,839,,,0.02448749542236328,0.434600830078125,16.0,1.0,1.0,1.0,1.0,1.0,1.0,1.0,1.0,0.0,0.0,0.0,0.0,0.0,0.0,0.0,0.0,0.0,27.0,1.0,0.03222651034593582,24.3125,18.56805419921875,0.8817229866981506,0.5802516937255859,0.3798828125,0.58203125,0.0,1.0,0.04386816546320915,1.0,22.382768630981445,0.5009765625,0.2431640625,0.9558233022689819,0.9224806427955627,0.2578125,0.9658203125,0.09347546100616455,0.0,0.5797956585884094,0.8724724054336548,1.0,0.005213855765759945,1.0,1.0,0.0,0.0,0.0,0.005213855765759945,,,,,,,,,,,,,,,,,,,,,,,,,,,,,,,,,,,,,,,,,,,,,,,,,,,,
2,844,,,0.024465560913085938,0.4334716796875,16.0,1.0,1.0,1.0,1.0,1.0,1.0,1.0,1.0,0.0,0.0,0.0,0.0,0.0,0.0,0.0,0.0,0.0,27.0,1.0,0.03311287611722946,24.25,18.57550048828125,0.8854501843452454,0.5804843902587891,0.37890625,0.58203125,0.0,0.9999999403953552,0.0526343509554863,0.9999999403953552,22.38532829284668,0.49853515625,0.2509765625,0.9143968820571899,0.91796875,0.24755859375,0.95166015625,0.13411065936088562,0.0,0.588090181350708,0.88671875,1.0,0.0056316303089261055,1.0,1.0,0.0,0.0,0.0,0.0056316303089261055,,,,,,,,,,,,,,,,,,,,,,,,,,,,,,,,,,,,,,,,,,,,,,,,,,,,
2,849,,,0.028192520141601562,0.431884765625,16.0,1.0,1.0,1.0,1.0,1.0,1.0,1.0,1.0,0.0,0.0,0.0,0.0,0.0,0.0,0.0,0.0,0.0,27.0,1.0,0.030409738421440125,25.125,18.70880126953125,0.8879042267799377,0.5846500396728516,0.392578125,0.5859375,0.0,1.0,0.0542697049677372,1.0,22.431150436401367,0.5009765625,0.25439453125,0.9155470132827759,0.9298245906829834,0.24658203125,0.9541015625,0.1472221165895462,0.0,0.5740587711334229,0.896599292755127,1.0,0.005222171079367399,1.0,1.0,0.0,0.0,0.0,0.005222171079367399,,,,,,,,,,,,,,,,,,,,,,,,,,,,,,,,,,,,,,,,,,,,,,,,,,,,
2,854,,,0.03371715545654297,0.433807373046875,16.0,1.0,1.0,1.0,1.0,1.0,1.0,1.0,1.0,0.0,0.0,0.0,0.0,0.0,0.0,0.0,0.0,0.0,27.0,1.0,0.029753081500530243,25.1875,18.69537353515625,0.891841471195221,0.5842304229736328,0.3935546875,0.5859375,0.0,1.0,0.04949915036559105,1.0,22.42653465270996,0.5,0.25732421875,0.9089183807373047,0.935546875,0.24267578125,0.95361328125,0.124388188123703,0.0,0.5751821398735046,0.900390625,1.0,0.00512732146307826,1.0,1.0,0.0,0.0,0.0,0.00512732146307826,,,,,,,,,,,,,,,,,,,,,,,,,,,,,,,,,,,,,,,,,,,,,,,,,,,,
2,859,,,0.03011608123779297,0.428619384765625,16.0,1.0,1.0,1.0,1.0,1.0,1.0,1.0,1.0,0.0,0.0,0.0,0.0,0.0,0.0,0.0,0.0,0.0,27.0,1.0,0.029686689376831055,21.09375,17.69793701171875,0.8871527910232544,0.5530605316162109,0.32958984375,0.5546875,0.0,1.0,0.05243903398513794,1.0,22.08366584777832,0.501953125,0.25439453125,0.8925144076347351,0.9064327478408813,0.24755859375,0.947265625,0.14455023407936096,0.0,0.603211522102356,0.7895220518112183,1.0,0.00469775777310133,1.0,1.0,0.0,0.0,0.0,0.00469775777310133,,,,,,,,,,,,,,,,,,,,,,,,,,,,,,,,,,,,,,,,,,,,,,,,,,,,
2,864,,,0.03141307830810547,0.441619873046875,16.0,1.0,1.0,1.0,1.0,1.0,1.0,1.0,1.0,0.0,0.0,0.0,0.0,0.0,0.0,0.0,0.0,0.0,27.0,1.0,0.029029645025730133,22.5,18.19451904296875,0.8883626461029053,0.5685787200927734,0.3515625,0.5703125,0.0,1.0,0.042577702552080154,0.9999999403953552,22.254365921020508,0.50244140625,0.25146484375,0.9262135624885559,0.931640625,0.2509765625,0.9619140625,0.09658148139715195,0.0,0.6276986002922058,0.873046875,1.0,0.00427628867328167,1.0,1.0,0.0,0.0,0.0,0.00427628867328167,,,,,,,,,,,,,,,,,,,,,,,,,,,,,,,,,,,,,,,,,,,,,,,,,,,,
2,869,,,0.032741546630859375,0.43524169921875,16.0,1.0,1.0,1.0,1.0,1.0,1.0,1.0,1.0,0.0,0.0,0.0,0.0,0.0,0.0,0.0,0.0,0.0,27.0,1.0,0.028877228498458862,22.15625,17.79229736328125,0.8915947079658508,0.5560092926025391,0.34619140625,0.5546875,0.0,1.0,0.047787196934223175,1.0,22.11610221862793,0.501953125,0.2529296875,0.9208494424819946,0.9262135624885559,0.2490234375,0.95849609375,0.12113688886165619,0.0,0.6363857984542847,0.8716682195663452,1.0,0.0049046967178583145,1.0,1.0,0.0,0.0,0.0,0.0049046967178583145,,,,,,,,,,,,,,,,,,,,,,,,,,,,,,,,,,,,,,,,,,,,,,,,,,,,
2,874,,,0.02734088897705078,0.435882568359375,16.0,1.0,1.0,1.0,1.0,1.0,1.0,1.0,1.0,0.0,0.0,0.0,0.0,0.0,0.0,0.0,0.0,0.0,27.0,1.0,0.027043581008911133,21.90625,17.7645263671875,0.8897055983543396,0.5551414489746094,0.34228515625,0.5546875,0.0,1.0,0.047175150364637375,1.0,22.106555938720703,0.5,0.24853515625,0.9037328362464905,0.8897485733032227,0.25146484375,0.9453125,0.12151969969272614,0.0,0.6300938129425049,0.8505284786224365,1.0,0.004728507250547409,1.0,1.0,0.0,0.0,0.0,0.004728507250547409,,,,,,,,,,,,,,,,,,,,,,,,,,,,,,,,,,,,,,,,,,,,,,,,,,,,
2,879,,,0.02688121795654297,0.434722900390625,16.0,1.0,1.0,1.0,1.0,1.0,1.0,1.0,1.0,0.0,0.0,0.0,0.0,0.0,0.0,0.0,0.0,0.0,27.0,1.0,0.0253545343875885,19.90625,17.199462890625,0.888245701789856,0.5374832153320312,0.31103515625,0.5390625,0.0,1.0,0.04057725891470909,1.0,21.912315368652344,0.5,0.25537109375,0.9273422360420227,0.932692289352417,0.24462890625,0.96337890625,0.09546326100826263,0.0,0.6419637203216553,0.789317786693573,1.0,0.004073937423527241,1.0,1.0,0.0,0.0,0.0,0.004073937423527241,,,,,,,,,,,,,,,,,,,,,,,,,,,,,,,,,,,,,,,,,,,,,,,,,,,,
2,884,,,0.03041362762451172,0.429779052734375,16.0,1.0,1.0,1.0,1.0,1.0,1.0,1.0,1.0,0.0,0.0,0.0,0.0,0.0,0.0,0.0,0.0,0.0,27.0,1.0,0.026905827224254608,19.8125,17.1856689453125,0.88450688123703,0.5370521545410156,0.3095703125,0.53515625,0.0,1.0,0.053550075739622116,1.0,21.907573699951172,0.50048828125,0.24658203125,0.9049504995346069,0.8891050815582275,0.25390625,0.9423828125,0.15621694922447205,0.0,0.638099193572998,0.7897135019302368,1.0,0.004594939760863781,1.0,1.0,0.0,0.0,0.0,0.004594939760863781,,,,,,,,,,,,,,,,,,,,,,,,,,,,,,,,,,,,,,,,,,,,,,,,,,,,
2,889,,,0.025780677795410156,0.436859130859375,16.0,1.0,1.0,1.0,1.0,1.0,1.0,1.0,1.0,0.0,0.0,0.0,0.0,0.0,0.0,0.0,0.0,0.0,27.0,1.0,0.02560216188430786,20.0625,17.065582275390625,0.8898704648017883,0.533299446105957,0.3134765625,0.53515625,0.0,0.9999999403953552,0.044414930045604706,1.0,21.866294860839844,0.5009765625,0.25390625,0.9115384817123413,0.9203883409500122,0.2470703125,0.95166015625,0.11210125684738159,0.0,0.6693583726882935,0.826171875,1.0,0.0046551767736673355,1.0,1.0,0.0,0.0,0.0,0.0046551767736673355,,,,,,,,,,,,,,,,,,,,,,,,,,,,,,,,,,,,,,,,,,,,,,,,,,,,
2,894,,,0.02689838409423828,0.432525634765625,16.0,1.0,1.0,1.0,1.0,1.0,1.0,1.0,1.0,0.0,0.0,0.0,0.0,0.0,0.0,0.0,0.0,0.0,27.0,1.0,0.02630726248025894,19.34375,16.910552978515625,0.8876779675483704,0.5284547805786133,0.30224609375,0.52734375,0.0,1.0,0.042365387082099915,1.0,21.813003540039062,0.498046875,0.25341796875,0.9306358098983765,0.9396887421607971,0.24462890625,0.96337890625,0.1011156439781189,0.0,0.6820096373558044,0.8116957545280457,1.0,0.004737376235425472,1.0,1.0,0.0,0.0,0.0,0.004737376235425472,,,,,,,,,,,,,,,,,,,,,,,,,,,,,,,,,,,,,,,,,,,,,,,,,,,,
,900,629.2348928136666,8.105081358719639,,,,,,,,,,,,,,,,,,,,,,,,,,,,,,,,,,,,,,,,,,,,,,,,,,,,,,,,,,,,,,,,,,,,,,,,,,,,,,,,,,,,,,,,,,,,,,,,,,,,,,,,
2,899,,,0.027373313903808594,0.440338134765625,16.0,1.0,1.0,1.0,1.0,1.0,1.0,1.0,1.0,0.0,0.0,0.0,0.0,0.0,0.0,0.0,0.0,0.0,27.0,1.0,0.027283117175102234,19.6875,16.823455810546875,0.8855344653129578,0.5257329940795898,0.3076171875,0.52734375,0.0,1.0,0.045182354748249054,1.0,21.783061981201172,0.5,0.24853515625,0.9253438115119934,0.919921875,0.25146484375,0.95849609375,0.11360812187194824,0.0,0.6521924734115601,0.79296875,1.0,0.00480713602155447,1.0,1.0,0.0,0.0,0.0,0.00480713602155447,,,,,,,,,,,,,,,,,,,,,,,,,,,,,,,,,,,,,,,,,,,,,,,,,,,,
2,904,,,0.02368927001953125,0.439453125,16.0,1.0,1.0,1.0,1.0,1.0,1.0,1.0,1.0,0.0,0.0,0.0,0.0,0.0,0.0,0.0,0.0,0.0,27.0,1.0,0.025424912571907043,19.15625,16.635772705078125,0.8909372687339783,0.5198678970336914,0.29931640625,0.51953125,0.0,1.0,0.04242359846830368,1.0,21.718547821044922,0.5,0.251953125,0.9244186282157898,0.931640625,0.248046875,0.9599609375,0.1050657331943512,0.0,0.6789084672927856,0.798828125,1.0,0.004441356286406517,1.0,1.0,0.0,0.0,0.0,0.004441356286406517,,,,,,,,,,,,,,,,,,,,,,,,,,,,,,,,,,,,,,,,,,,,,,,,,,,,
2,909,,,0.027284622192382812,0.439208984375,16.0,1.0,1.0,1.0,1.0,1.0,1.0,1.0,1.0,0.0,0.0,0.0,0.0,0.0,0.0,0.0,0.0,0.0,27.0,1.0,0.02447552978992462,18.03125,16.2884521484375,0.891525387763977,0.5090141296386719,0.28173828125,0.5078125,0.0,1.0,0.038959749042987823,1.0,21.59915542602539,0.50146484375,0.24951171875,0.9412915706634521,0.9376218318939209,0.251953125,0.96826171875,0.09014692902565002,0.0,0.689972996711731,0.7658547759056091,1.0,0.004406797233968973,1.0,1.0,0.0,0.0,0.0,0.004406797233968973,,,,,,,,,,,,,,,,,,,,,,,,,,,,,,,,,,,,,,,,,,,,,,,,,,,,
2,914,,,0.02773761749267578,0.433807373046875,16.0,1.0,1.0,1.0,1.0,1.0,1.0,1.0,1.0,0.0,0.0,0.0,0.0,0.0,0.0,0.0,0.0,0.0,27.0,1.0,0.025016620755195618,18.6875,16.248748779296875,0.8854711055755615,0.5077733993530273,0.2919921875,0.5078125,0.0,1.0,0.03823012113571167,1.0,21.585506439208984,0.50048828125,0.25927734375,0.9209039807319641,0.9532163739204407,0.2412109375,0.96630859375,0.08595415949821472,0.0,0.6681137681007385,0.7684972286224365,1.0,0.004375923424959183,1.0,1.0,0.0,0.0,0.0,0.004375923424959183,,,,,,,,,,,,,,,,,,,,,,,,,,,,,,,,,,,,,,,,,,,,,,,,,,,,
2,919,,,0.027808189392089844,0.433380126953125,16.0,1.0,1.0,1.0,1.0,1.0,1.0,1.0,1.0,0.0,0.0,0.0,0.0,0.0,0.0,0.0,0.0,0.0,27.0,1.0,0.0244443416595459,17.75,15.897064208984375,0.8855289816856384,0.4967832565307617,0.27734375,0.49609375,0.0,1.0,0.04545198380947113,1.0,21.464614868164062,0.4990234375,0.25244140625,0.924564778804779,0.93359375,0.24658203125,0.95556640625,0.1235421895980835,0.0,0.6981070637702942,0.767578125,1.0,0.00440564937889576,1.0,1.0,0.0,0.0,0.0,0.00440564937889576,,,,,,,,,,,,,,,,,,,,,,,,,,,,,,,,,,,,,,,,,,,,,,,,,,,,
2,924,,,0.030348777770996094,0.437896728515625,16.0,1.0,1.0,1.0,1.0,1.0,1.0,1.0,1.0,0.0,0.0,0.0,0.0,0.0,0.0,0.0,0.0,0.0,27.0,1.0,0.025197044014930725,18.28125,15.8697509765625,0.8896901607513428,0.4959297180175781,0.28564453125,0.49609375,0.0,1.0,0.041836928576231,0.9999999403953552,21.45522689819336,0.498046875,0.2529296875,0.9362934231758118,0.947265625,0.2451171875,0.962890625,0.10511951148509979,0.0,0.6895686388015747,0.779296875,1.0,0.004261546768248081,1.0,1.0,0.0,0.0,0.0,0.004261546768248081,,,,,,,,,,,,,,,,,,,,,,,,,,,,,,,,,,,,,,,,,,,,,,,,,,,,
2,929,,,0.02429485321044922,0.439788818359375,16.0,1.0,1.0,1.0,1.0,1.0,1.0,1.0,1.0,0.0,0.0,0.0,0.0,0.0,0.0,0.0,0.0,0.0,27.0,1.0,0.02399391680955887,16.53125,15.442626953125,0.8913560509681702,0.48258209228515625,0.25830078125,0.482421875,0.0,1.0,0.041303493082523346,1.0,21.30840301513672,0.50146484375,0.25341796875,0.9210019111633301,0.9263566136360168,0.248046875,0.95703125,0.1044275164604187,0.0,0.6989587545394897,0.7068014144897461,1.0,0.004533007740974426,1.0,1.0,0.0,0.0,0.0,0.004533007740974426,,,,,,,,,,,,,,,,,,,,,,,,,,,,,,,,,,,,,,,,,,,,,,,,,,,,
2,934,,,0.029253005981445312,0.44256591796875,16.0,1.0,1.0,1.0,1.0,1.0,1.0,1.0,1.0,0.0,0.0,0.0,0.0,0.0,0.0,0.0,0.0,0.0,27.0,1.0,0.02358631044626236,16.0,15.232513427734375,0.8918914794921875,0.4760160446166992,0.25,0.4765625,0.0,1.0,0.04050052538514137,1.0,21.236175537109375,0.5029296875,0.248046875,0.9389764070510864,0.9262135624885559,0.2548828125,0.96337890625,0.10212390124797821,0.0,0.7158631682395935,0.7097886204719543,1.0,0.004365153145045042,1.0,1.0,0.0,0.0,0.0,0.004365153145045042,,,,,,,,,,,,,,,,,,,,,,,,,,,,,,,,,,,,,,,,,,,,,,,,,,,,
2,939,,,0.03241157531738281,0.43914794921875,16.0,1.0,1.0,1.0,1.0,1.0,1.0,1.0,1.0,0.0,0.0,0.0,0.0,0.0,0.0,0.0,0.0,0.0,27.0,1.0,0.02403605729341507,15.09375,15.113739013671875,0.8954209089279175,0.4723043441772461,0.23583984375,0.47265625,0.0,1.0,0.041213035583496094,1.0,21.19534683227539,0.5,0.2490234375,0.9431372284889221,0.932170569896698,0.2509765625,0.96435546875,0.10346370190382004,0.0,0.7288469672203064,0.6746323704719543,1.0,0.004726714454591274,1.0,1.0,0.0,0.0,0.0,0.004726714454591274,,,,,,,,,,,,,,,,,,,,,,,,,,,,,,,,,,,,,,,,,,,,,,,,,,,,
2,944,,,0.0241851806640625,0.44342041015625,16.0,1.0,1.0,1.0,1.0,1.0,1.0,1.0,1.0,0.0,0.0,0.0,0.0,0.0,0.0,0.0,0.0,0.0,27.0,1.0,0.02601715177297592,14.0625,14.825225830078125,0.90408855676651,0.4632883071899414,0.2197265625,0.462890625,0.0,1.0,0.04390019550919533,1.0,21.096172332763672,0.50146484375,0.25146484375,0.9145631194114685,0.9163424372673035,0.25,0.9541015625,0.11691951751708984,0.0,0.7422506213188171,0.6417738795280457,1.0,0.004492806736379862,1.0,1.0,0.0,0.0,0.0,0.004492806736379862,,,,,,,,,,,,,,,,,,,,,,,,,,,,,,,,,,,,,,,,,,,,,,,,,,,,
2,949,,,0.02573108673095703,0.443695068359375,16.0,1.0,1.0,1.0,1.0,1.0,1.0,1.0,1.0,0.0,0.0,0.0,0.0,0.0,0.0,0.0,0.0,0.0,27.0,1.0,0.02355615794658661,14.15625,14.806640625,0.8983598947525024,0.46270751953125,0.22119140625,0.462890625,0.0,1.0,0.040278609842061996,1.0,21.08978271484375,0.50146484375,0.2431640625,0.9497991800308228,0.9096153974533081,0.25830078125,0.95751953125,0.10064615309238434,0.0,0.7108197212219238,0.6117876768112183,1.0,0.0047256844118237495,1.0,1.0,0.0,0.0,0.0,0.0047256844118237495,,,,,,,,,,,,,,,,,,,,,,,,,,,,,,,,,,,,,,,,,,,,,,,,,,,,
2,954,,,0.02718830108642578,0.445159912109375,16.0,1.0,1.0,1.0,1.0,1.0,1.0,1.0,1.0,0.0,0.0,0.0,0.0,0.0,0.0,0.0,0.0,0.0,27.0,1.0,0.022012613713741302,13.8125,14.654327392578125,0.9013804793357849,0.4579477310180664,0.2158203125,0.45703125,0.0,1.0,0.036796167492866516,0.9999999403953552,21.037425994873047,0.5,0.25146484375,0.9533980488777161,0.9515503644943237,0.24853515625,0.96923828125,0.08978676795959473,0.0,0.7511812448501587,0.6356847286224365,1.0,0.0039085038006305695,1.0,1.0,0.0,0.0,0.0,0.0039085038006305695,,,,,,,,,,,,,,,,,,,,,,,,,,,,,,,,,,,,,,,,,,,,,,,,,,,,
2,959,,,0.026941299438476562,0.4404296875,16.0,1.0,1.0,1.0,1.0,1.0,1.0,1.0,1.0,0.0,0.0,0.0,0.0,0.0,0.0,0.0,0.0,0.0,27.0,1.0,0.023006610572338104,12.78125,14.309722900390625,0.9010735154151917,0.44717884063720703,0.19970703125,0.447265625,0.0,1.0,0.04009807109832764,0.9999999403953552,20.918968200683594,0.50048828125,0.248046875,0.9251968264579773,0.91796875,0.25244140625,0.95849609375,0.10433261096477509,0.0,0.734322726726532,0.587890625,1.0,0.004238314926624298,1.0,1.0,0.0,0.0,0.0,0.004238314926624298,,,,,,,,,,,,,,,,,,,,,,,,,,,,,,,,,,,,,,,,,,,,,,,,,,,,
2,964,,,0.026391983032226562,0.44140625,16.0,1.0,1.0,1.0,1.0,1.0,1.0,1.0,1.0,0.0,0.0,0.0,0.0,0.0,0.0,0.0,0.0,0.0,27.0,1.0,0.020980656147003174,12.0,14.258941650390625,0.8962809443473816,0.44559192657470703,0.1875,0.4453125,0.0,1.0,0.038757503032684326,1.0,20.901512145996094,0.5009765625,0.2509765625,0.9182879328727722,0.921875,0.25,0.9580078125,0.10243497788906097,0.0,0.7362582683563232,0.548828125,1.0,0.0038502896204590797,1.0,1.0,0.0,0.0,0.0,0.0038502896204590797,,,,,,,,,,,,,,,,,,,,,,,,,,,,,,,,,,,,,,,,,,,,,,,,,,,,
2,969,,,0.02415180206298828,0.441497802734375,16.0,1.0,1.0,1.0,1.0,1.0,1.0,1.0,1.0,0.0,0.0,0.0,0.0,0.0,0.0,0.0,0.0,0.0,27.0,1.0,0.022437505424022675,10.15625,13.90692138671875,0.8983533382415771,0.43459129333496094,0.15869140625,0.435546875,0.0,1.0,0.045274242758750916,1.0,20.78050422668457,0.5029296875,0.255859375,0.9236640930175781,0.9453125,0.2470703125,0.95703125,0.13176241517066956,0.0,0.7738518714904785,0.490234375,1.0,0.0043428391218185425,1.0,1.0,0.0,0.0,0.0,0.0043428391218185425,,,,,,,,,,,,,,,,,,,,,,,,,,,,,,,,,,,,,,,,,,,,,,,,,,,,
2,974,,,0.02671527862548828,0.439971923828125,16.0,1.0,1.0,1.0,1.0,1.0,1.0,1.0,1.0,0.0,0.0,0.0,0.0,0.0,0.0,0.0,0.0,0.0,27.0,1.0,0.022700302302837372,9.71875,13.912139892578125,0.9024316668510437,0.4347543716430664,0.15185546875,0.435546875,0.0,1.0,0.0396525114774704,1.0,20.782299041748047,0.50341796875,0.2568359375,0.9410646557807922,0.9537572264671326,0.24658203125,0.9638671875,0.10397309064865112,0.0,0.7896718978881836,0.4758731722831726,1.0,0.004187635146081448,1.0,1.0,0.0,0.0,0.0,0.004187635146081448,,,,,,,,,,,,,,,,,,,,,,,,,,,,,,,,,,,,,,,,,,,,,,,,,,,,
2,979,,,0.02771282196044922,0.433868408203125,16.0,1.0,1.0,1.0,1.0,1.0,1.0,1.0,1.0,0.0,0.0,0.0,0.0,0.0,0.0,0.0,0.0,0.0,27.0,1.0,0.0210968479514122,9.46875,13.611053466796875,0.8974964022636414,0.42534542083740234,0.14794921875,0.42578125,0.0,1.0,0.03981294482946396,1.0,20.67879867553711,0.5,0.25146484375,0.9203883409500122,0.9203883409500122,0.24853515625,0.955078125,0.10749751329421997,0.0,0.7728749513626099,0.451171875,1.0,0.004217177629470825,1.0,1.0,0.0,0.0,0.0,0.004217177629470825,,,,,,,,,,,,,,,,,,,,,,,,,,,,,,,,,,,,,,,,,,,,,,,,,,,,
2,984,,,0.032021522521972656,0.436492919921875,16.0,1.0,1.0,1.0,1.0,1.0,1.0,1.0,1.0,0.0,0.0,0.0,0.0,0.0,0.0,0.0,0.0,0.0,27.0,1.0,0.021193884313106537,9.03125,13.493896484375,0.905249834060669,0.42168426513671875,0.14111328125,0.421875,0.0,1.0,0.04290559142827988,1.0,20.638526916503906,0.50390625,0.24462890625,0.940119743347168,0.9127907156944275,0.25927734375,0.951171875,0.12285014241933823,0.0,0.7218952775001526,0.40475642681121826,1.0,0.004294021986424923,1.0,1.0,0.0,0.0,0.0,0.004294021986424923,,,,,,,,,,,,,,,,,,,,,,,,,,,,,,,,,,,,,,,,,,,,,,,,,,,,
2,989,,,0.02685260772705078,0.438812255859375,16.0,1.0,1.0,1.0,1.0,1.0,1.0,1.0,1.0,0.0,0.0,0.0,0.0,0.0,0.0,0.0,0.0,0.0,27.0,1.0,0.020905420184135437,9.125,13.1988525390625,0.8961098194122314,0.4124641418457031,0.142578125,0.412109375,0.0,1.0,0.0421142615377903,1.0,20.537105560302734,0.49755859375,0.24755859375,0.9151873588562012,0.90625,0.25,0.9482421875,0.12221046537160873,0.0,0.7060279250144958,0.40625,1.0,0.003937541041523218,1.0,1.0,0.0,0.0,0.0,0.003937541041523218,,,,,,,,,,,,,,,,,,,,,,,,,,,,,,,,,,,,,,,,,,,,,,,,,,,,
2,994,,,0.025223731994628906,0.439422607421875,16.0,1.0,1.0,1.0,1.0,1.0,1.0,1.0,1.0,0.0,0.0,0.0,0.0,0.0,0.0,0.0,0.0,0.0,27.0,1.0,0.021284475922584534,8.78125,13.077850341796875,0.8990908265113831,0.40868282318115234,0.13720703125,0.408203125,0.0,1.0,0.037140198051929474,1.0,20.49551010131836,0.50146484375,0.25634765625,0.9200000166893005,0.943359375,0.2451171875,0.958984375,0.0965912938117981,0.0,0.7676485776901245,0.421875,1.0,0.004069870337843895,1.0,1.0,0.0,0.0,0.0,0.004069870337843895,,,,,,,,,,,,,,,,,,,,,,,,,,,,,,,,,,,,,,,,,,,,,,,,,,,,
,1000,612.7019910099999,8.160574101869361,,,,,,,,,,,,,,,,,,,,,,,,,,,,,,,,,,,,,,,,,,,,,,,,,,,,,,,,,,,,,,,,,,,,,,,,,,,,,,,,,,,,,,,,,,,,,,,,,,,,,,,,
2,999,,,0.02995586395263672,0.440277099609375,16.0,1.0,1.0,1.0,1.0,1.0,1.0,1.0,1.0,0.0,0.0,0.0,0.0,0.0,0.0,0.0,0.0,0.0,27.0,1.0,0.021734945476055145,8.5625,12.7069091796875,0.8951727747917175,0.3970909118652344,0.1337890625,0.396484375,0.0,1.0,0.037905748933553696,0.9999999403953552,20.368000030517578,0.50146484375,0.25,0.931640625,0.931640625,0.25146484375,0.962890625,0.09859461337327957,0.0,0.7937003970146179,0.419921875,1.0,0.004518960602581501,1.0,1.0,0.0,0.0,0.0,0.004518960602581501,,,,,,,,,,,,,,,,,,,,,,,,,,,,,,,,,,,,,,,,,,,,,,,,,,,,
2,1003,,,,,,,,,,,,,,,,,,,,,,,,,,,,,,,,,,,,,,,,,,,,,,,,,,,,,,,0.020532088354229927,0.44198331236839294,16.0,1.0,1.0,1.0,1.0,1.0,1.0,1.0,1.0,0.0,0.0,0.0,0.0,0.0,0.0,0.0,0.0,0.0,27.0,1.0,0.020814204588532448,8.454545021057129,12.775257110595703,0.9038751721382141,0.3992267847061157,0.13210226595401764,0.39914771914482117,0.0,1.0,0.040262870490550995,1.0,20.39149284362793,0.5014204382896423,0.25284090638160706,0.9353908896446228,0.9380317330360413,0.24857954680919647,0.9637784361839294,0.11285629123449326,0.0,0.7871129512786865,0.4119318127632141,1.0,0.004298229236155748,1.0,1.0,0.0,0.0,0.0,0.004298229236155748
2,1004,,,0.025483131408691406,0.441680908203125,16.0,1.0,1.0,1.0,1.0,1.0,1.0,1.0,1.0,0.0,0.0,0.0,0.0,0.0,0.0,0.0,0.0,0.0,27.0,1.0,0.02005031704902649,8.28125,12.68304443359375,0.903449296951294,0.3963451385498047,0.12939453125,0.396484375,0.0,1.0,0.04108058661222458,1.0,20.35979652404785,0.5009765625,0.25341796875,0.9441233277320862,0.9496123790740967,0.24755859375,0.96630859375,0.11749912798404694,0.0,0.7716145515441895,0.3922334611415863,1.0,0.004378777928650379,1.0,1.0,0.0,0.0,0.0,0.004378777928650379,,,,,,,,,,,,,,,,,,,,,,,,,,,,,,,,,,,,,,,,,,,,,,,,,,,,
2,1009,,,0.02512645721435547,0.440093994140625,16.0,1.0,1.0,1.0,1.0,1.0,1.0,1.0,1.0,0.0,0.0,0.0,0.0,0.0,0.0,0.0,0.0,0.0,27.0,1.0,0.020855344831943512,8.78125,12.842926025390625,0.9061110019683838,0.40134143829345703,0.13720703125,0.400390625,0.0,1.0,0.03538098931312561,1.0,20.414756774902344,0.5009765625,0.2470703125,0.948616623878479,0.9338521361351013,0.25390625,0.9677734375,0.0880049616098404,0.0,0.7782783508300781,0.42589613795280457,1.0,0.004319292493164539,1.0,1.0,0.0,0.0,0.0,0.004319292493164539,,,,,,,,,,,,,,,,,,,,,,,,,,,,,,,,,,,,,,,,,,,,,,,,,,,,
2,1014,,,0.023756980895996094,0.440338134765625,16.0,1.0,1.0,1.0,1.0,1.0,1.0,1.0,1.0,0.0,0.0,0.0,0.0,0.0,0.0,0.0,0.0,0.0,27.0,1.0,0.02063821256160736,7.5625,12.449981689453125,0.9118833541870117,0.38906192779541016,0.1181640625,0.388671875,0.0,0.9999999403953552,0.036652177572250366,1.0,20.279682159423828,0.498046875,0.25146484375,0.9456310868263245,0.9401544332504272,0.24658203125,0.96240234375,0.09596419334411621,0.0,0.8232266902923584,0.3838465213775635,1.0,0.0042802318930625916,1.0,1.0,0.0,0.0,0.0,0.0042802318930625916,,,,,,,,,,,,,,,,,,,,,,,,,,,,,,,,,,,,,,,,,,,,,,,,,,,,
2,1019,,,0.024991989135742188,0.443115234375,16.0,1.0,1.0,1.0,1.0,1.0,1.0,1.0,1.0,0.0,0.0,0.0,0.0,0.0,0.0,0.0,0.0,0.0,27.0,1.0,0.02056334912776947,6.875,12.2274169921875,0.9160688519477844,0.3821067810058594,0.107421875,0.3828125,0.0,0.9999999403953552,0.03481212630867958,1.0,20.203174591064453,0.50048828125,0.25048828125,0.9493177533149719,0.9493177533149719,0.25,0.97119140625,0.08733882009983063,0.0,0.8323908448219299,0.3531709611415863,1.0,0.0042936913669109344,1.0,1.0,0.0,0.0,0.0,0.0042936913669109344,,,,,,,,,,,,,,,,,,,,,,,,,,,,,,,,,,,,,,,,,,,,,,,,,,,,
2,1024,,,0.02517223358154297,0.441009521484375,16.0,1.0,1.0,1.0,1.0,1.0,1.0,1.0,1.0,0.0,0.0,0.0,0.0,0.0,0.0,0.0,0.0,0.0,27.0,1.0,0.01941905915737152,6.6875,12.203399658203125,0.8968676924705505,0.38135623931884766,0.1044921875,0.380859375,0.0,0.9999999403953552,0.03490351513028145,0.9999999403953552,20.19491958618164,0.5009765625,0.24755859375,0.9526627063751221,0.9396887421607971,0.25341796875,0.9677734375,0.09026500582695007,0.0,0.7757812142372131,0.3232996463775635,1.0,0.004114633426070213,1.0,1.0,0.0,0.0,0.0,0.004114633426070213,,,,,,,,,,,,,,,,,,,,,,,,,,,,,,,,,,,,,,,,,,,,,,,,,,,,
2,1029,,,0.026268959045410156,0.441986083984375,16.0,1.0,1.0,1.0,1.0,1.0,1.0,1.0,1.0,0.0,0.0,0.0,0.0,0.0,0.0,0.0,0.0,0.0,27.0,1.0,0.019683286547660828,6.4375,12.0621337890625,0.9107630252838135,0.3769416809082031,0.1005859375,0.376953125,0.0,1.0,0.03879232332110405,1.0,20.146358489990234,0.501953125,0.25341796875,0.9152215719223022,0.927734375,0.24853515625,0.95556640625,0.11033663898706436,0.0,0.8314112424850464,0.326171875,1.0,0.004003642126917839,1.0,1.0,0.0,0.0,0.0,0.004003642126917839,,,,,,,,,,,,,,,,,,,,,,,,,,,,,,,,,,,,,,,,,,,,,,,,,,,,
2,1034,,,0.03034210205078125,0.4405517578125,16.0,1.0,1.0,1.0,1.0,1.0,1.0,1.0,1.0,0.0,0.0,0.0,0.0,0.0,0.0,0.0,0.0,0.0,27.0,1.0,0.019418053328990936,5.53125,11.93328857421875,0.909758985042572,0.37291526794433594,0.08642578125,0.373046875,0.0,1.0,0.040712662041187286,1.0,20.102067947387695,0.50048828125,0.24462890625,0.9481037855148315,0.9205426573753357,0.255859375,0.9560546875,0.11776279658079147,0.0,0.8570684790611267,0.28400737047195435,1.0,0.004555878229439259,1.0,1.0,0.0,0.0,0.0,0.004555878229439259,,,,,,,,,,,,,,,,,,,,,,,,,,,,,,,,,,,,,,,,,,,,,,,,,,,,
2,1039,,,0.025012969970703125,0.44293212890625,16.0,1.0,1.0,1.0,1.0,1.0,1.0,1.0,1.0,0.0,0.0,0.0,0.0,0.0,0.0,0.0,0.0,0.0,27.0,1.0,0.01942186802625656,4.9375,11.6092529296875,0.9102304577827454,0.3627891540527344,0.0771484375,0.36328125,0.0,1.0,0.04467000067234039,1.0,19.990680694580078,0.49755859375,0.255859375,0.9160305261611938,0.9356725215911865,0.24169921875,0.95068359375,0.1390005648136139,0.0,0.868526816368103,0.2555147111415863,1.0,0.004501109942793846,1.0,1.0,0.0,0.0,0.0,0.004501109942793846,,,,,,,,,,,,,,,,,,,,,,,,,,,,,,,,,,,,,,,,,,,,,,,,,,,,
2,1044,,,0.022292137145996094,0.441925048828125,16.0,1.0,1.0,1.0,1.0,1.0,1.0,1.0,1.0,0.0,0.0,0.0,0.0,0.0,0.0,0.0,0.0,0.0,27.0,1.0,0.019252397119998932,4.8125,11.6097412109375,0.91167813539505,0.3628044128417969,0.0751953125,0.36328125,0.0,1.0,0.04262107238173485,1.0,19.990848541259766,0.50048828125,0.24560546875,0.9443339705467224,0.9187620878219604,0.2548828125,0.95556640625,0.12925150990486145,0.0,0.859970211982727,0.24467678368091583,1.0,0.004471566993743181,1.0,1.0,0.0,0.0,0.0,0.004471566993743181,,,,,,,,,,,,,,,,,,,,,,,,,,,,,,,,,,,,,,,,,,,,,,,,,,,,
2,1049,,,0.029247283935546875,0.43658447265625,16.0,1.0,1.0,1.0,1.0,1.0,1.0,1.0,1.0,0.0,0.0,0.0,0.0,0.0,0.0,0.0,0.0,0.0,27.0,1.0,0.018204733729362488,4.875,11.245880126953125,0.8990885615348816,0.35143375396728516,0.076171875,0.3515625,0.0,1.0,0.04316442832350731,1.0,19.865772247314453,0.50146484375,0.25732421875,0.9127134680747986,0.939453125,0.244140625,0.9521484375,0.13610287010669708,0.0,0.8374255895614624,0.2421875,1.0,0.004081154242157936,1.0,1.0,0.0,0.0,0.0,0.004081154242157936,,,,,,,,,,,,,,,,,,,,,,,,,,,,,,,,,,,,,,,,,,,,,,,,,,,,
2,1054,,,0.026503562927246094,0.443023681640625,16.0,1.0,1.0,1.0,1.0,1.0,1.0,1.0,1.0,0.0,0.0,0.0,0.0,0.0,0.0,0.0,0.0,0.0,27.0,1.0,0.020307384431362152,4.84375,11.305633544921875,0.9024445414543152,0.3533010482788086,0.07568359375,0.353515625,0.0,1.0,0.037534311413764954,0.9999999403953552,19.886310577392578,0.4990234375,0.2548828125,0.9348658919334412,0.9475728273391724,0.244140625,0.96533203125,0.10325412452220917,0.0,0.7636160850524902,0.240234375,1.0,0.004461529199033976,1.0,1.0,0.0,0.0,0.0,0.004461529199033976,,,,,,,,,,,,,,,,,,,,,,,,,,,,,,,,,,,,,,,,,,,,,,,,,,,,
3,1059,,,0.026716232299804688,0.4384765625,16.0,1.0,1.0,1.0,1.0,1.0,1.0,1.0,1.0,0.0,0.0,0.0,0.0,0.0,0.0,0.0,0.0,0.0,27.0,1.0,0.020644471049308777,4.3125,11.298095703125,0.9095901250839233,0.35306549072265625,0.0673828125,0.353515625,0.0,1.0,0.04274013638496399,1.0,19.88372039794922,0.50341796875,0.26123046875,0.9084112048149109,0.94921875,0.2421875,0.958984375,0.12903344631195068,0.0,0.8798362612724304,0.224609375,1.0,0.004425089806318283,1.0,1.0,0.0,0.0,0.0,0.004425089806318283,,,,,,,,,,,,,,,,,,,,,,,,,,,,,,,,,,,,,,,,,,,,,,,,,,,,
3,1064,,,0.02733612060546875,0.43994140625,16.0,1.0,1.0,1.0,1.0,1.0,1.0,1.0,1.0,0.0,0.0,0.0,0.0,0.0,0.0,0.0,0.0,0.0,27.0,1.0,0.018866166472434998,4.34375,11.00518798828125,0.8863534331321716,0.34391212463378906,0.06787109375,0.34375,0.0,1.0,0.03917476907372475,1.0,19.78303337097168,0.4990234375,0.25634765625,0.9428571462631226,0.9555984735488892,0.24267578125,0.96337890625,0.11450885236263275,0.0,0.8235119581222534,0.2102864682674408,1.0,0.0044166394509375095,1.0,1.0,0.0,0.0,0.0,0.0044166394509375095,,,,,,,,,,,,,,,,,,,,,,,,,,,,,,,,,,,,,,,,,,,,,,,,,,,,
3,1069,,,0.026395797729492188,0.44158935546875,16.0,1.0,1.0,1.0,1.0,1.0,1.0,1.0,1.0,0.0,0.0,0.0,0.0,0.0,0.0,0.0,0.0,0.0,27.0,1.0,0.018878504633903503,4.0625,11.1353759765625,0.8990985751152039,0.3479804992675781,0.0634765625,0.34765625,0.0,1.0,0.04241272062063217,1.0,19.82778549194336,0.4990234375,0.2587890625,0.9264150857925415,0.9424183964729309,0.240234375,0.95703125,0.1311144232749939,0.0,0.8558035492897034,0.20202717185020447,1.0,0.004248244687914848,1.0,1.0,0.0,0.0,0.0,0.004248244687914848,,,,,,,,,,,,,,,,,,,,,,,,,,,,,,,,,,,,,,,,,,,,,,,,,,,,
3,1074,,,0.02563953399658203,0.437225341796875,16.0,1.0,1.0,1.0,1.0,1.0,1.0,1.0,1.0,0.0,0.0,0.0,0.0,0.0,0.0,0.0,0.0,0.0,27.0,1.0,0.020142637193202972,3.59375,10.955322265625,0.9001358151435852,0.34235382080078125,0.05615234375,0.341796875,0.0,0.9999999403953552,0.04834930598735809,1.0,19.765892028808594,0.5029296875,0.259765625,0.8928571343421936,0.927734375,0.2431640625,0.9453125,0.15793097019195557,0.0,0.8372024297714233,0.169921875,1.0,0.0046351198107004166,1.0,1.0,0.0,0.0,0.0,0.0046351198107004166,,,,,,,,,,,,,,,,,,,,,,,,,,,,,,,,,,,,,,,,,,,,,,,,,,,,
3,1079,,,0.024766921997070312,0.43939208984375,16.0,1.0,1.0,1.0,1.0,1.0,1.0,1.0,1.0,0.0,0.0,0.0,0.0,0.0,0.0,0.0,0.0,0.0,27.0,1.0,0.019405528903007507,3.59375,10.84271240234375,0.9046874642372131,0.3388347625732422,0.05615234375,0.337890625,0.0,0.9999999403953552,0.04467596858739853,1.0,19.727182388305664,0.5,0.25,0.9140625,0.9140625,0.25,0.947265625,0.1419537216424942,0.0,0.7351190447807312,0.1640625,1.0,0.004441789351403713,1.0,1.0,0.0,0.0,0.0,0.004441789351403713,,,,,,,,,,,,,,,,,,,,,,,,,,,,,,,,,,,,,,,,,,,,,,,,,,,,
3,1084,,,0.026601791381835938,0.43389892578125,16.0,1.0,1.0,1.0,1.0,1.0,1.0,1.0,1.0,0.0,0.0,0.0,0.0,0.0,0.0,0.0,0.0,0.0,27.0,1.0,0.02168341726064682,3.5,10.721038818359375,0.9020648002624512,0.33503246307373047,0.0546875,0.3359375,0.0,1.0,0.04602430388331413,0.9999999403953552,19.68535614013672,0.50048828125,0.25048828125,0.916179358959198,0.916179358959198,0.25,0.94873046875,0.14252765476703644,0.0,0.7795386910438538,0.154296875,1.0,0.005118031986057758,1.0,1.0,0.0,0.0,0.0,0.005118031986057758,,,,,,,,,,,,,,,,,,,,,,,,,,,,,,,,,,,,,,,,,,,,,,,,,,,,
3,1089,,,0.027898788452148438,0.43701171875,16.0,0.96875,0.998046875,1.0,1.0,1.0,1.0,1.0,1.0,0.0,0.0,1.0,0.03125,0.0,0.0,0.0,0.00048828125,0.0,27.0,0.96875,0.024550043046474457,3.40625,10.709442138671875,0.9111596345901489,0.3346700668334961,0.05322265625,0.333984375,0.0,0.9908256530761719,0.06492626667022705,1.0,19.68136978149414,0.501953125,0.25,0.916015625,0.9124513864517212,0.251953125,0.9345703125,0.21715039014816284,0.0,0.8156993985176086,0.16383272409439087,0.99951171875,0.008396340534090996,0.99951171875,0.99951171875,0.0,0.0,0.0,0.008396340534090996,,,,,,,,,,,,,,,,,,,,,,,,,,,,,,,,,,,,,,,,,,,,,,,,,,,,
3,1094,,,0.029593467712402344,0.435638427734375,16.0,1.0,1.0,1.0,1.0,1.0,1.0,1.0,1.0,0.0,0.0,0.0,0.0,0.0,0.0,0.0,0.0,0.0,27.0,1.0,0.022408485412597656,3.21875,10.673126220703125,0.9131143689155579,0.33353519439697266,0.05029296875,0.333984375,0.0,1.0,0.05367133021354675,1.0,19.668888092041016,0.49951171875,0.265625,0.8786764740943909,0.929961085319519,0.23388671875,0.93505859375,0.18075695633888245,0.0,0.854687511920929,0.17336857318878174,1.0,0.004938533529639244,1.0,1.0,0.0,0.0,0.0,0.004938533529639244,,,,,,,,,,,,,,,,,,,,,,,,,,,,,,,,,,,,,,,,,,,,,,,,,,,,
,1100,610.5923847640909,8.024993632852413,,,,,,,,,,,,,,,,,,,,,,,,,,,,,,,,,,,,,,,,,,,,,,,,,,,,,,,,,,,,,,,,,,,,,,,,,,,,,,,,,,,,,,,,,,,,,,,,,,,,,,,,
3,1099,,,0.02407550811767578,0.438873291015625,16.0,1.0,1.0,1.0,1.0,1.0,1.0,1.0,1.0,0.0,0.0,0.0,0.0,0.0,0.0,0.0,0.0,0.0,27.0,1.0,0.021646074950695038,3.21875,10.68609619140625,0.9141383767127991,0.3339405059814453,0.05029296875,0.333984375,0.0,1.0,0.0510578490793705,1.0,19.6733455657959,0.50439453125,0.2548828125,0.9022988677024841,0.9022988677024841,0.24951171875,0.9375,0.16858850419521332,0.0,0.8795386552810669,0.1694878339767456,1.0,0.005004521459341049,1.0,1.0,0.0,0.0,0.0,0.005004521459341049,,,,,,,,,,,,,,,,,,,,,,,,,,,,,,,,,,,,,,,,,,,,,,,,,,,,
3,1104,,,0.026790618896484375,0.43585205078125,16.0,1.0,1.0,1.0,1.0,1.0,1.0,1.0,1.0,0.0,0.0,0.0,0.0,0.0,0.0,0.0,0.0,0.0,27.0,1.0,0.02167603373527527,3.71875,10.642333984375,0.903788149356842,0.33257293701171875,0.05810546875,0.33203125,0.0,1.0,0.044358398765325546,1.0,19.658302307128906,0.49365234375,0.2578125,0.8939393758773804,0.921875,0.23583984375,0.94189453125,0.13724076747894287,0.0,0.7464286088943481,0.181640625,1.0,0.004570499993860722,1.0,1.0,0.0,0.0,0.0,0.004570499993860722,,,,,,,,,,,,,,,,,,,,,,,,,,,,,,,,,,,,,,,,,,,,,,,,,,,,
3,1109,,,0.02463054656982422,0.434967041015625,16.0,1.0,1.0,1.0,1.0,1.0,1.0,1.0,1.0,0.0,0.0,0.0,0.0,0.0,0.0,0.0,0.0,0.0,27.0,1.0,0.02167808637022972,3.0625,10.52728271484375,0.9210777878761292,0.3289775848388672,0.0478515625,0.328125,0.0,1.0,0.05785669386386871,0.9999999403953552,19.61875343322754,0.50146484375,0.24609375,0.8769841194152832,0.8599221706390381,0.25537109375,0.91455078125,0.2022477090358734,0.0,0.719122052192688,0.15337775647640228,1.0,0.005180045962333679,1.0,1.0,0.0,0.0,0.0,0.005180045962333679,,,,,,,,,,,,,,,,,,,,,,,,,,,,,,,,,,,,,,,,,,,,,,,,,,,,
3,1114,,,0.02435016632080078,0.434722900390625,16.0,1.0,1.0,1.0,1.0,1.0,1.0,1.0,1.0,0.0,0.0,0.0,0.0,0.0,0.0,0.0,0.0,0.0,27.0,1.0,0.02059057727456093,3.28125,10.27984619140625,0.9161458611488342,0.3212451934814453,0.05126953125,0.3203125,0.0,1.0,0.04768417775630951,1.0,19.5336971282959,0.4931640625,0.25390625,0.8942307829856873,0.908203125,0.2392578125,0.935546875,0.15582773089408875,0.0,0.8530505895614624,0.1640625,1.0,0.00471879355609417,1.0,1.0,0.0,0.0,0.0,0.00471879355609417,,,,,,,,,,,,,,,,,,,,,,,,,,,,,,,,,,,,,,,,,,,,,,,,,,,,
3,1119,,,0.028229713439941406,0.427215576171875,16.0,1.0,1.0,1.0,1.0,1.0,1.0,1.0,1.0,0.0,0.0,0.0,0.0,0.0,0.0,0.0,0.0,0.0,27.0,1.0,0.019335433840751648,2.65625,10.299468994140625,0.9176470637321472,0.32185840606689453,0.04150390625,0.322265625,0.0,1.0,0.046770621091127396,1.0,19.540443420410156,0.5,0.24951171875,0.8943248391151428,0.8873786330223083,0.25048828125,0.9375,0.15505316853523254,0.0,0.8716517686843872,0.13568472862243652,1.0,0.0042046234011650085,1.0,1.0,0.0,0.0,0.0,0.0042046234011650085,,,,,,,,,,,,,,,,,,,,,,,,,,,,,,,,,,,,,,,,,,,,,,,,,,,,
3,1124,,,0.0254974365234375,0.428955078125,16.0,1.0,1.0,1.0,1.0,1.0,1.0,1.0,1.0,0.0,0.0,0.0,0.0,0.0,0.0,0.0,0.0,0.0,27.0,1.0,0.019826143980026245,2.8125,10.3231201171875,0.9066406488418579,0.3225975036621094,0.0439453125,0.322265625,0.0,1.0,0.050097301602363586,1.0,19.548572540283203,0.50146484375,0.25244140625,0.8916828036308289,0.900390625,0.2490234375,0.93603515625,0.1693483293056488,0.0,0.6822916865348816,0.125,1.0,0.004576919600367546,1.0,1.0,0.0,0.0,0.0,0.004576919600367546,,,,,,,,,,,,,,,,,,,,,,,,,,,,,,,,,,,,,,,,,,,,,,,,,,,,
3,1129,,,0.02913379669189453,0.428497314453125,16.0,1.0,1.0,1.0,1.0,1.0,1.0,1.0,1.0,0.0,0.0,0.0,0.0,0.0,0.0,0.0,0.0,0.0,27.0,1.0,0.019901901483535767,2.5,10.32366943359375,0.9000000357627869,0.3226146697998047,0.0390625,0.322265625,0.0,1.0,0.045889731496572495,0.9999999403953552,19.54876136779785,0.50390625,0.26025390625,0.891182005405426,0.9187620878219604,0.24365234375,0.9384765625,0.14821204543113708,0.0,0.703125,0.115234375,1.0,0.004541301168501377,1.0,1.0,0.0,0.0,0.0,0.004541301168501377,,,,,,,,,,,,,,,,,,,,,,,,,,,,,,,,,,,,,,,,,,,,,,,,,,,,
3,1134,,,0.029375076293945312,0.42706298828125,16.0,1.0,1.0,1.0,1.0,1.0,1.0,1.0,1.0,0.0,0.0,0.0,0.0,0.0,0.0,0.0,0.0,0.0,27.0,1.0,0.01937830075621605,3.21875,10.190887451171875,0.8930142521858215,0.3184652328491211,0.05029296875,0.318359375,0.0,1.0,0.04769733548164368,1.0,19.503116607666016,0.501953125,0.2490234375,0.8960784077644348,0.892578125,0.2529296875,0.9345703125,0.1596415489912033,0.0,0.8239583373069763,0.162109375,1.0,0.004252522252500057,1.0,1.0,0.0,0.0,0.0,0.004252522252500057,,,,,,,,,,,,,,,,,,,,,,,,,,,,,,,,,,,,,,,,,,,,,,,,,,,,
3,1139,,,0.028679847717285156,0.430328369140625,16.0,1.0,1.0,1.0,1.0,1.0,1.0,1.0,1.0,0.0,0.0,0.0,0.0,0.0,0.0,0.0,0.0,0.0,27.0,1.0,0.019693542271852493,2.53125,10.252838134765625,0.9087095260620117,0.3204011917114258,0.03955078125,0.3203125,0.0,1.0,0.04518057405948639,0.9999999403953552,19.5244140625,0.498046875,0.25146484375,0.9067960977554321,0.912109375,0.24658203125,0.94091796875,0.1462174355983734,0.0,0.8520833253860474,0.12109375,1.0,0.004318209830671549,1.0,1.0,0.0,0.0,0.0,0.004318209830671549,,,,,,,,,,,,,,,,,,,,,,,,,,,,,,,,,,,,,,,,,,,,,,,,,,,,
3,1144,,,0.027596473693847656,0.433319091796875,16.0,1.0,1.0,1.0,1.0,1.0,1.0,1.0,1.0,0.0,0.0,0.0,0.0,0.0,0.0,0.0,0.0,0.0,27.0,1.0,0.017884816974401474,2.3125,10.149688720703125,0.9196051955223083,0.31717777252197266,0.0361328125,0.31640625,0.0,1.0,0.04411511868238449,1.0,19.488956451416016,0.50048828125,0.25146484375,0.9223300814628601,0.9259259104728699,0.2490234375,0.94873046875,0.14461545646190643,0.0,0.9005208015441895,0.12097886204719543,1.0,0.00412772037088871,1.0,1.0,0.0,0.0,0.0,0.00412772037088871,,,,,,,,,,,,,,,,,,,,,,,,,,,,,,,,,,,,,,,,,,,,,,,,,,,,
3,1149,,,0.027382850646972656,0.430755615234375,16.0,1.0,1.0,1.0,1.0,1.0,1.0,1.0,1.0,0.0,0.0,0.0,0.0,0.0,0.0,0.0,0.0,0.0,27.0,1.0,0.0171370729804039,2.28125,9.957626342773438,0.9040025472640991,0.3111758232116699,0.03564453125,0.310546875,0.0,1.0,0.04267064481973648,1.0,19.42293357849121,0.4990234375,0.25244140625,0.9400386810302734,0.9418604373931885,0.24658203125,0.95361328125,0.1391293853521347,0.0,0.7302083373069763,0.099609375,1.0,0.004061083309352398,1.0,1.0,0.0,0.0,0.0,0.004061083309352398,,,,,,,,,,,,,,,,,,,,,,,,,,,,,,,,,,,,,,,,,,,,,,,,,,,,
3,1154,,,0.022174835205078125,0.42974853515625,16.0,1.0,1.0,1.0,1.0,1.0,1.0,1.0,1.0,0.0,0.0,0.0,0.0,0.0,0.0,0.0,0.0,0.0,27.0,1.0,0.016974706202745438,2.1875,9.809738159179688,0.9020647406578064,0.30655431747436523,0.0341796875,0.306640625,0.0,1.0,0.04546022787690163,1.0,19.37209701538086,0.49755859375,0.25537109375,0.90439772605896,0.9184466004371643,0.2421875,0.9404296875,0.15361075103282928,0.0,0.7739583253860474,0.09501378238201141,1.0,0.00413861870765686,1.0,1.0,0.0,0.0,0.0,0.00413861870765686,,,,,,,,,,,,,,,,,,,,,,,,,,,,,,,,,,,,,,,,,,,,,,,,,,,,
3,1159,,,0.02569293975830078,0.434722900390625,16.0,1.0,1.0,1.0,1.0,1.0,1.0,1.0,1.0,0.0,0.0,0.0,0.0,0.0,0.0,0.0,0.0,0.0,27.0,1.0,0.015354219824075699,2.25,9.654266357421875,0.8950737714767456,0.3016958236694336,0.03515625,0.30078125,0.0,1.0,0.0457470528781414,1.0,19.318653106689453,0.49951171875,0.25341796875,0.9210019111633301,0.9263566136360168,0.24609375,0.94775390625,0.15879148244857788,0.0,0.7020833492279053,0.08961397409439087,1.0,0.003881307551637292,1.0,1.0,0.0,0.0,0.0,0.003881307551637292,,,,,,,,,,,,,,,,,,,,,,,,,,,,,,,,,,,,,,,,,,,,,,,,,,,,
3,1164,,,0.028901100158691406,0.436859130859375,16.0,1.0,1.0,1.0,1.0,1.0,1.0,1.0,1.0,0.0,0.0,0.0,0.0,0.0,0.0,0.0,0.0,0.0,27.0,1.0,0.01657717302441597,2.09375,9.747543334960938,0.9060167670249939,0.3046107292175293,0.03271484375,0.3046875,0.0,1.0,0.037793323397636414,1.0,19.350717544555664,0.50146484375,0.255859375,0.9045801758766174,0.92578125,0.24560546875,0.95458984375,0.1156400591135025,0.0,0.7864583730697632,0.091796875,1.0,0.004128491505980492,1.0,1.0,0.0,0.0,0.0,0.004128491505980492,,,,,,,,,,,,,,,,,,,,,,,,,,,,,,,,,,,,,,,,,,,,,,,,,,,,
3,1169,,,0.02364063262939453,0.432464599609375,16.0,1.0,1.0,1.0,1.0,1.0,1.0,1.0,1.0,0.0,0.0,0.0,0.0,0.0,0.0,0.0,0.0,0.0,27.0,1.0,0.01722845807671547,1.78125,9.601837158203125,0.925233006477356,0.30005741119384766,0.02783203125,0.30078125,0.0,1.0,0.040600720793008804,1.0,19.30063247680664,0.49853515625,0.2490234375,0.9156862497329712,0.9067960977554321,0.24951171875,0.9501953125,0.12921223044395447,0.0,0.890625,0.0934053361415863,1.0,0.004202791023999453,1.0,1.0,0.0,0.0,0.0,0.004202791023999453,,,,,,,,,,,,,,,,,,,,,,,,,,,,,,,,,,,,,,,,,,,,,,,,,,,,
3,1174,,,0.03046894073486328,0.434661865234375,16.0,1.0,1.0,1.0,1.0,1.0,1.0,1.0,1.0,0.0,0.0,0.0,0.0,0.0,0.0,0.0,0.0,0.0,27.0,1.0,0.01621248945593834,2.125,9.686248779296875,0.9136029481887817,0.30269527435302734,0.033203125,0.302734375,0.0,1.0,0.032795146107673645,1.0,19.329647064208984,0.5009765625,0.25048828125,0.9298245906829834,0.931640625,0.25048828125,0.96337890625,0.09331570565700531,0.0,0.7395833730697632,0.087890625,1.0,0.0037317126989364624,1.0,1.0,0.0,0.0,0.0,0.0037317126989364624,,,,,,,,,,,,,,,,,,,,,,,,,,,,,,,,,,,,,,,,,,,,,,,,,,,,
3,1179,,,0.02675151824951172,0.437408447265625,16.0,1.0,1.0,1.0,1.0,1.0,1.0,1.0,1.0,0.0,0.0,0.0,0.0,0.0,0.0,0.0,0.0,0.0,27.0,1.0,0.015396557748317719,1.65625,9.301223754882812,0.9308667778968811,0.2906632423400879,0.02587890625,0.291015625,0.0,1.0,0.03795017674565315,1.0,19.197296142578125,0.50146484375,0.25146484375,0.9029126167297363,0.908203125,0.25,0.951171875,0.12147019803524017,0.0,0.84375,0.08203125,1.0,0.0037106252275407314,1.0,1.0,0.0,0.0,0.0,0.0037106252275407314,,,,,,,,,,,,,,,,,,,,,,,,,,,,,,,,,,,,,,,,,,,,,,,,,,,,
3,1184,,,0.03499889373779297,0.434295654296875,16.0,1.0,1.0,1.0,1.0,1.0,1.0,1.0,1.0,0.0,0.0,0.0,0.0,0.0,0.0,0.0,0.0,0.0,27.0,1.0,0.015739139169454575,1.84375,9.40093994140625,0.9302833676338196,0.2937793731689453,0.02880859375,0.29296875,0.0,1.0,0.038593217730522156,1.0,19.2315731048584,0.49951171875,0.2548828125,0.8888888955116272,0.8992248177528381,0.24462890625,0.94091796875,0.12269352376461029,0.0,0.9010416865348816,0.09524356573820114,1.0,0.0039103650487959385,1.0,1.0,0.0,0.0,0.0,0.0039103650487959385,,,,,,,,,,,,,,,,,,,,,,,,,,,,,,,,,,,,,,,,,,,,,,,,,,,,
3,1189,,,0.02317523956298828,0.434661865234375,16.0,1.0,1.0,1.0,1.0,1.0,1.0,1.0,1.0,0.0,0.0,0.0,0.0,0.0,0.0,0.0,0.0,0.0,27.0,1.0,0.01794399321079254,1.625,9.339218139648438,0.930588960647583,0.29185056686401367,0.025390625,0.291015625,0.0,1.0,0.040914349257946014,1.0,19.210355758666992,0.4990234375,0.25146484375,0.9203883409500122,0.92578125,0.24755859375,0.95263671875,0.13067062199115753,0.0,0.9270833730697632,0.087890625,1.0,0.004233619198203087,1.0,1.0,0.0,0.0,0.0,0.004233619198203087,,,,,,,,,,,,,,,,,,,,,,,,,,,,,,,,,,,,,,,,,,,,,,,,,,,,
3,1194,,,0.02455425262451172,0.437957763671875,16.0,1.0,1.0,1.0,1.0,1.0,1.0,1.0,1.0,0.0,0.0,0.0,0.0,0.0,0.0,0.0,0.0,0.0,27.0,1.0,0.01667063683271408,1.6875,9.31451416015625,0.9310619235038757,0.2910785675048828,0.0263671875,0.291015625,0.0,1.0,0.04180065169930458,1.0,19.20186424255371,0.5,0.25732421875,0.9032257795333862,0.9296875,0.24267578125,0.94775390625,0.13673943281173706,0.0,0.8932291865348816,0.0859375,1.0,0.004210705403238535,1.0,1.0,0.0,0.0,0.0,0.004210705403238535,,,,,,,,,,,,,,,,,,,,,,,,,,,,,,,,,,,,,,,,,,,,,,,,,,,,
,1200,594.3159550720001,8.076512096025574,,,,,,,,,,,,,,,,,,,,,,,,,,,,,,,,,,,,,,,,,,,,,,,,,,,,,,,,,,,,,,,,,,,,,,,,,,,,,,,,,,,,,,,,,,,,,,,,,,,,,,,,
3,1199,,,0.029146194458007812,0.43975830078125,16.0,1.0,1.0,1.0,1.0,1.0,1.0,1.0,1.0,0.0,0.0,0.0,0.0,0.0,0.0,0.0,0.0,0.0,27.0,1.0,0.015519052743911743,1.71875,9.013198852539062,0.9375,0.2816624641418457,0.02685546875,0.28125,0.0,0.9999999403953552,0.03990280255675316,1.0,19.09828758239746,0.49755859375,0.25732421875,0.9165085554122925,0.9378640651702881,0.240234375,0.95166015625,0.1325100064277649,0.0,0.8828125,0.0836397111415863,1.0,0.0036143423058092594,1.0,1.0,0.0,0.0,0.0,0.0036143423058092594,,,,,,,,,,,,,,,,,,,,,,,,,,,,,,,,,,,,,,,,,,,,,,,,,,,,
3,1204,,,0.025902748107910156,0.436859130859375,16.0,1.0,1.0,1.0,1.0,1.0,1.0,1.0,1.0,0.0,0.0,0.0,0.0,0.0,0.0,0.0,0.0,0.0,27.0,1.0,0.016011595726013184,1.5,8.789688110351562,0.9209798574447632,0.27467775344848633,0.0234375,0.275390625,0.0,1.0,0.051469605416059494,1.0,19.021455764770508,0.49560546875,0.25537109375,0.8986615538597107,0.9090909361839294,0.240234375,0.927734375,0.18783751130104065,0.0,0.8828125,0.07364429533481598,1.0,0.004147010389715433,1.0,1.0,0.0,0.0,0.0,0.004147010389715433,,,,,,,,,,,,,,,,,,,,,,,,,,,,,,,,,,,,,,,,,,,,,,,,,,,,
3,1209,,,0.0265350341796875,0.43798828125,16.0,1.0,1.0,1.0,1.0,1.0,1.0,1.0,1.0,0.0,0.0,0.0,0.0,0.0,0.0,0.0,0.0,0.0,27.0,1.0,0.015577051788568497,1.46875,8.983871459960938,0.9382479786872864,0.2807459831237793,0.02294921875,0.28125,0.0,0.9999999403953552,0.039522819221019745,1.0,19.088205337524414,0.4990234375,0.26171875,0.8992537260055542,0.9377431869506836,0.2373046875,0.947265625,0.12915310263633728,0.0,0.8203125,0.076171875,1.0,0.0039173513650894165,1.0,1.0,0.0,0.0,0.0,0.0039173513650894165,,,,,,,,,,,,,,,,,,,,,,,,,,,,,,,,,,,,,,,,,,,,,,,,,,,,
3,1214,,,0.027746200561523438,0.4422607421875,16.0,1.0,1.0,1.0,1.0,1.0,1.0,1.0,1.0,0.0,0.0,0.0,0.0,0.0,0.0,0.0,0.0,0.0,27.0,1.0,0.014660939574241638,1.6875,8.819412231445312,0.928819477558136,0.275606632232666,0.0263671875,0.275390625,0.0,1.0,0.039880864322185516,1.0,19.031673431396484,0.49560546875,0.24658203125,0.9346534609794617,0.9059500694274902,0.2490234375,0.95068359375,0.13364377617835999,0.0,0.8567708730697632,0.08162274956703186,1.0,0.0037162480875849724,1.0,1.0,0.0,0.0,0.0,0.0037162480875849724,,,,,,,,,,,,,,,,,,,,,,,,,,,,,,,,,,,,,,,,,,,,,,,,,,,,
3,1219,,,0.02947521209716797,0.444244384765625,16.0,1.0,1.0,1.0,1.0,1.0,1.0,1.0,1.0,0.0,0.0,0.0,0.0,0.0,0.0,0.0,0.0,0.0,27.0,1.0,0.016339465975761414,1.59375,8.803207397460938,0.9133731722831726,0.2751002311706543,0.02490234375,0.275390625,0.0,1.0,0.043771952390670776,1.0,19.02610206604004,0.5,0.25146484375,0.9029126167297363,0.9064327478408813,0.24853515625,0.939453125,0.14952439069747925,0.0,0.7682291865348816,0.060431987047195435,1.0,0.00399428978562355,1.0,1.0,0.0,0.0,0.0,0.00399428978562355,,,,,,,,,,,,,,,,,,,,,,,,,,,,,,,,,,,,,,,,,,,,,,,,,,,,
3,1224,,,0.028252601623535156,0.445404052734375,16.0,1.0,1.0,1.0,1.0,1.0,1.0,1.0,1.0,0.0,0.0,0.0,0.0,0.0,0.0,0.0,0.0,0.0,27.0,1.0,0.01613796502351761,1.28125,8.935317993164062,0.9214938879013062,0.27922868728637695,0.02001953125,0.279296875,0.0,0.9999999403953552,0.04974331706762314,1.0,19.071516036987305,0.50146484375,0.25390625,0.8788461685180664,0.892578125,0.24755859375,0.93701171875,0.1786699891090393,0.0,0.5598958730697632,0.041015625,1.0,0.004107585642486811,1.0,1.0,0.0,0.0,0.0,0.004107585642486811,,,,,,,,,,,,,,,,,,,,,,,,,,,,,,,,,,,,,,,,,,,,,,,,,,,,
3,1229,,,0.02499675750732422,0.441253662109375,16.0,1.0,1.0,1.0,1.0,1.0,1.0,1.0,1.0,0.0,0.0,0.0,0.0,0.0,0.0,0.0,0.0,0.0,27.0,1.0,0.015897236764431,1.25,8.796310424804688,0.9268555045127869,0.2748847007751465,0.01953125,0.275390625,0.0,1.0,0.04663209617137909,1.0,19.023731231689453,0.50244140625,0.2412109375,0.9028339982032776,0.8660194277763367,0.26123046875,0.9365234375,0.16456304490566254,0.0,0.703125,0.052619487047195435,1.0,0.004002048633992672,1.0,1.0,0.0,0.0,0.0,0.004002048633992672,,,,,,,,,,,,,,,,,,,,,,,,,,,,,,,,,,,,,,,,,,,,,,,,,,,,
3,1234,,,0.02805042266845703,0.441986083984375,16.0,1.0,1.0,1.0,1.0,1.0,1.0,1.0,1.0,0.0,0.0,0.0,0.0,0.0,0.0,0.0,0.0,0.0,27.0,1.0,0.015483062714338303,1.71875,8.745162963867188,0.9156249761581421,0.2732863426208496,0.02685546875,0.2734375,0.0,0.9999999403953552,0.040698468685150146,1.0,19.006149291992188,0.50244140625,0.255859375,0.9141221642494202,0.9319066405296326,0.24658203125,0.94970703125,0.13593047857284546,0.0,0.8125,0.08180147409439087,1.0,0.0038984555285423994,1.0,1.0,0.0,0.0,0.0,0.0038984555285423994,,,,,,,,,,,,,,,,,,,,,,,,,,,,,,,,,,,,,,,,,,,,,,,,,,,,
3,1239,,,0.02872943878173828,0.438934326171875,16.0,1.0,1.0,1.0,1.0,1.0,1.0,1.0,1.0,0.0,0.0,0.0,0.0,0.0,0.0,0.0,0.0,0.0,27.0,1.0,0.015553183853626251,1.625,8.679763793945312,0.932391881942749,0.271242618560791,0.025390625,0.271484375,0.0,1.0,0.04369623214006424,1.0,18.98366928100586,0.50146484375,0.259765625,0.9154135584831238,0.951171875,0.24169921875,0.95068359375,0.15122784674167633,0.0,0.6640625,0.0703125,1.0,0.003842940554022789,1.0,1.0,0.0,0.0,0.0,0.003842940554022789,,,,,,,,,,,,,,,,,,,,,,,,,,,,,,,,,,,,,,,,,,,,,,,,,,,,
3,1244,,,0.024911880493164062,0.43988037109375,16.0,1.0,1.0,1.0,1.0,1.0,1.0,1.0,1.0,0.0,0.0,0.0,0.0,0.0,0.0,0.0,0.0,0.0,27.0,1.0,0.016810130327939987,1.4375,8.723770141601562,0.922978937625885,0.27261781692504883,0.0224609375,0.2734375,0.0,1.0,0.04680492728948593,1.0,18.998796463012695,0.50341796875,0.24658203125,0.9029703140258789,0.890625,0.2568359375,0.94287109375,0.1637393981218338,0.0,0.6380208730697632,0.0546875,1.0,0.004142750520259142,1.0,1.0,0.0,0.0,0.0,0.004142750520259142,,,,,,,,,,,,,,,,,,,,,,,,,,,,,,,,,,,,,,,,,,,,,,,,,,,,
3,1249,,,0.026495933532714844,0.433685302734375,16.0,1.0,1.0,1.0,1.0,1.0,1.0,1.0,1.0,0.0,0.0,0.0,0.0,0.0,0.0,0.0,0.0,0.0,27.0,1.0,0.01716097816824913,1.65625,8.738571166992188,0.935878574848175,0.27308034896850586,0.02587890625,0.2734375,0.0,1.0,0.04975906014442444,1.0,19.003883361816406,0.5,0.25146484375,0.8854368925094604,0.8888888955116272,0.24853515625,0.9345703125,0.17723281681537628,0.0,0.6598958373069763,0.06629136204719543,1.0,0.004294645972549915,1.0,1.0,0.0,0.0,0.0,0.004294645972549915,,,,,,,,,,,,,,,,,,,,,,,,,,,,,,,,,,,,,,,,,,,,,,,,,,,,
3,1254,,,0.026836395263671875,0.4385986328125,16.0,0.84375,0.966796875,0.84375,0.98046875,0.96875,0.99609375,0.84375,0.982421875,0.0,0.0,10.0,1.1875,0.0,7.0,7.0,0.0185546875,0.0,27.0,0.84375,0.027738552540540695,2.65625,8.805206298828125,0.9186580777168274,0.2751626968383789,0.04150390625,0.275390625,0.0,0.9411764740943909,0.1243378147482872,0.983189046382904,19.026790618896484,0.50830078125,0.24267578125,0.8993963599205017,0.871345043182373,0.265625,0.92578125,0.2202858328819275,0.0,0.7673363089561462,0.1109834536910057,0.9814453125,0.06758448481559753,1.0,1.0,0.0,0.0,0.0,0.06758448481559753,,,,,,,,,,,,,,,,,,,,,,,,,,,,,,,,,,,,,,,,,,,,,,,,,,,,
3,1259,,,0.026803970336914062,0.43634033203125,16.0,1.0,1.0,1.0,1.0,1.0,1.0,1.0,1.0,0.0,0.0,0.0,0.0,0.0,0.0,0.0,0.0,0.0,27.0,1.0,0.03595186024904251,1.59375,8.426116943359375,0.8561581373214722,0.26331615447998047,0.02490234375,0.263671875,0.0,1.0,0.08400757610797882,1.0,18.89647674560547,0.501953125,0.25390625,0.7961538434028625,0.80859375,0.248046875,0.8828125,0.31022506952285767,0.0,0.7239583730697632,0.06640625,1.0,0.007427017670124769,1.0,1.0,0.0,0.0,0.0,0.007427017670124769,,,,,,,,,,,,,,,,,,,,,,,,,,,,,,,,,,,,,,,,,,,,,,,,,,,,
3,1264,,,0.02589893341064453,0.429779052734375,16.0,1.0,1.0,1.0,1.0,1.0,1.0,1.0,1.0,0.0,0.0,0.0,0.0,0.0,0.0,0.0,0.0,0.0,27.0,1.0,0.025791671127080917,1.3125,8.588973999023438,0.9043899178504944,0.2684054374694824,0.0205078125,0.267578125,0.0,1.0,0.07868162542581558,1.0,18.95245933532715,0.49658203125,0.24951171875,0.8062622547149658,0.8046875,0.2470703125,0.8740234375,0.30053746700286865,0.0,0.4375,0.03515625,1.0,0.006526648998260498,1.0,1.0,0.0,0.0,0.0,0.006526648998260498,,,,,,,,,,,,,,,,,,,,,,,,,,,,,,,,,,,,,,,,,,,,,,,,,,,,
3,1269,,,0.02934551239013672,0.432281494140625,16.0,1.0,1.0,0.9375,0.99609375,1.0,1.0,1.0,1.0,0.0,0.0,1.0,0.0625,0.0,0.0,0.4499988555908203,0.0009765625,0.0,27.0,0.9375,0.022953324019908905,1.46875,8.551376342773438,0.9070810675621033,0.2672305107116699,0.02294921875,0.267578125,0.0,0.9999999403953552,0.05887509882450104,0.9990005493164062,18.93953514099121,0.49169921875,0.26416015625,0.8632162809371948,0.912109375,0.2275390625,0.9189453125,0.20536530017852783,0.0,0.625,0.052734375,0.9990234375,0.006429673172533512,1.0,1.0,0.0,0.0,0.0,0.006429673172533512,,,,,,,,,,,,,,,,,,,,,,,,,,,,,,,,,,,,,,,,,,,,,,,,,,,,
3,1274,,,0.029405593872070312,0.42962646484375,16.0,1.0,1.0,1.0,1.0,1.0,1.0,1.0,1.0,0.0,0.0,0.0,0.0,0.0,0.0,0.0,0.0,0.0,27.0,1.0,0.019810151308774948,1.65625,8.684600830078125,0.9068396091461182,0.2713937759399414,0.02587890625,0.271484375,0.0,1.0,0.06460930407047272,1.0,18.985332489013672,0.50341796875,0.25244140625,0.8588007688522339,0.8671875,0.2509765625,0.9072265625,0.24643105268478394,0.0,0.6510416865348816,0.0625,1.0,0.004644372500479221,1.0,1.0,0.0,0.0,0.0,0.004644372500479221,,,,,,,,,,,,,,,,,,,,,,,,,,,,,,,,,,,,,,,,,,,,,,,,,,,,
3,1279,,,0.033995628356933594,0.422271728515625,16.0,1.0,1.0,1.0,1.0,1.0,1.0,1.0,1.0,0.0,0.0,0.0,0.0,0.0,0.0,0.0,0.0,0.0,27.0,1.0,0.020468823611736298,1.15625,8.936614990234375,0.9251478314399719,0.2792692184448242,0.01806640625,0.279296875,0.0,1.0,0.07368911802768707,0.9999999403953552,19.07196044921875,0.501953125,0.2509765625,0.838521420955658,0.841796875,0.2509765625,0.8955078125,0.28861141204833984,0.0,0.625,0.048828125,1.0,0.004924956243485212,1.0,1.0,0.0,0.0,0.0,0.004924956243485212,,,,,,,,,,,,,,,,,,,,,,,,,,,,,,,,,,,,,,,,,,,,,,,,,,,,
3,1284,,,0.03354644775390625,0.42218017578125,16.0,1.0,1.0,1.0,1.0,1.0,1.0,1.0,1.0,0.0,0.0,0.0,0.0,0.0,0.0,0.0,0.0,0.0,27.0,1.0,0.020743288099765778,1.5625,9.073196411132812,0.9212499856948853,0.2835373878479004,0.0244140625,0.283203125,0.0,1.0,0.05436878651380539,1.0,19.118911743164062,0.5,0.26025390625,0.8592870831489563,0.89453125,0.23974609375,0.92138671875,0.1922335922718048,0.0,0.6796875,0.06640625,1.0,0.004724509082734585,1.0,1.0,0.0,0.0,0.0,0.004724509082734585,,,,,,,,,,,,,,,,,,,,,,,,,,,,,,,,,,,,,,,,,,,,,,,,,,,,
3,1289,,,0.030630111694335938,0.4268798828125,16.0,1.0,1.0,1.0,1.0,1.0,1.0,1.0,1.0,0.0,0.0,0.0,0.0,0.0,0.0,0.0,0.0,0.0,27.0,1.0,0.018335726112127304,1.65625,8.898849487304688,0.9069870710372925,0.2780890464782715,0.02587890625,0.27734375,0.0,1.0,0.05198541283607483,1.0,19.058979034423828,0.4990234375,0.2509765625,0.8735408782958984,0.8752436637878418,0.248046875,0.92431640625,0.1876753866672516,0.0,0.78125,0.08191636204719543,1.0,0.004005900118499994,1.0,1.0,0.0,0.0,0.0,0.004005900118499994,,,,,,,,,,,,,,,,,,,,,,,,,,,,,,,,,,,,,,,,,,,,,,,,,,,,
3,1294,,,0.030701637268066406,0.427459716796875,16.0,0.9375,0.99609375,0.84375,0.990234375,1.0,1.0,1.0,1.0,0.0,0.0,1.0,0.21875,0.0,1.0,1.0,0.00341796875,0.0,27.0,0.78125,0.02921818196773529,1.6875,9.1446533203125,0.911241352558136,0.2857704162597656,0.0263671875,0.28515625,0.0,1.0,0.06257005035877228,0.9964894652366638,19.143474578857422,0.50537109375,0.26123046875,0.8822429776191711,0.9200779795646667,0.244140625,0.93212890625,0.17964357137680054,0.0,0.7916666865348816,0.07398897409439087,0.99658203125,0.01332298293709755,1.0,1.0,0.0,0.0,0.0,0.01332298293709755,,,,,,,,,,,,,,,,,,,,,,,,,,,,,,,,,,,,,,,,,,,,,,,,,,,,
,1300,579.2139656662308,8.11444522853296,,,,,,,,,,,,,,,,,,,,,,,,,,,,,,,,,,,,,,,,,,,,,,,,,,,,,,,,,,,,,,,,,,,,,,,,,,,,,,,,,,,,,,,,,,,,,,,,,,,,,,,,
3,1299,,,0.027637481689453125,0.4271240234375,16.0,1.0,1.0,1.0,1.0,1.0,1.0,1.0,1.0,0.0,0.0,0.0,0.0,0.0,0.0,0.0,0.0,0.0,27.0,1.0,0.017013784497976303,1.53125,8.821380615234375,0.9040975570678711,0.2756681442260742,0.02392578125,0.275390625,0.0,1.0,0.052290238440036774,1.0,19.0323486328125,0.50244140625,0.25439453125,0.8579654693603516,0.871345043182373,0.248046875,0.92138671875,0.1914646178483963,0.0,0.6354166865348816,0.060431987047195435,1.0,0.003974330145865679,1.0,1.0,0.0,0.0,0.0,0.003974330145865679,,,,,,,,,,,,,,,,,,,,,,,,,,,,,,,,,,,,,,,,,,,,,,,,,,,,
3,1304,,,0.03414440155029297,0.427459716796875,16.0,1.0,1.0,1.0,1.0,1.0,1.0,1.0,1.0,0.0,0.0,0.0,0.0,0.0,0.0,0.0,0.0,0.0,27.0,1.0,0.015039268881082535,1.59375,8.650680541992188,0.9125306606292725,0.27033376693725586,0.02490234375,0.26953125,0.0,1.0,0.05177754536271095,1.0,18.973670959472656,0.5,0.23779296875,0.895277202129364,0.8433268666267395,0.26220703125,0.9248046875,0.19398081302642822,0.0,0.625,0.061925552785396576,1.0,0.003478509606793523,1.0,1.0,0.0,0.0,0.0,0.003478509606793523,,,,,,,,,,,,,,,,,,,,,,,,,,,,,,,,,,,,,,,,,,,,,,,,,,,,
3,1309,,,0.03510570526123047,0.429107666015625,16.0,1.0,1.0,1.0,1.0,1.0,1.0,1.0,1.0,0.0,0.0,0.0,0.0,0.0,0.0,0.0,0.0,0.0,27.0,1.0,0.01660752296447754,1.46875,8.809097290039062,0.8833111524581909,0.2752842903137207,0.02294921875,0.275390625,0.0,0.9999999403953552,0.06371122598648071,1.0,19.028127670288086,0.5048828125,0.255859375,0.8167939186096191,0.8294573426246643,0.2490234375,0.892578125,0.24807994067668915,0.0,0.6510416865348816,0.05618106573820114,1.0,0.004099138546735048,1.0,1.0,0.0,0.0,0.0,0.004099138546735048,,,,,,,,,,,,,,,,,,,,,,,,,,,,,,,,,,,,,,,,,,,,,,,,,,,,
3,1314,,,0.028202056884765625,0.42169189453125,16.0,1.0,1.0,1.0,1.0,1.0,1.0,1.0,1.0,0.0,0.0,0.0,0.0,0.0,0.0,0.0,0.0,0.0,27.0,1.0,0.016814492642879486,1.59375,8.744094848632812,0.8998162150382996,0.2732529640197754,0.02490234375,0.2734375,0.0,1.0,0.05557987838983536,1.0,19.005783081054688,0.4990234375,0.23681640625,0.9030928015708923,0.8538011908531189,0.26220703125,0.919921875,0.20957601070404053,0.0,0.5052083730697632,0.046760112047195435,1.0,0.0037163817323744297,1.0,1.0,0.0,0.0,0.0,0.0037163817323744297,,,,,,,,,,,,,,,,,,,,,,,,,,,,,,,,,,,,,,,,,,,,,,,,,,,,
3,1319,,,0.029962539672851562,0.42413330078125,16.0,1.0,1.0,1.0,1.0,1.0,1.0,1.0,1.0,0.0,0.0,0.0,0.0,0.0,0.0,0.0,0.0,0.0,27.0,1.0,0.018268030136823654,1.5625,8.682998657226562,0.8999218344688416,0.2713437080383301,0.0244140625,0.271484375,0.0,1.0,0.05667129158973694,1.0,18.98478126525879,0.4990234375,0.25927734375,0.8625235557556152,0.892787516117096,0.23974609375,0.91796875,0.21247905492782593,0.0,0.671875,0.056640625,1.0,0.0038767140358686447,1.0,1.0,0.0,0.0,0.0,0.0038767140358686447,,,,,,,,,,,,,,,,,,,,,,,,,,,,,,,,,,,,,,,,,,,,,,,,,,,,
3,1324,,,0.029783248901367188,0.42999267578125,16.0,1.0,1.0,1.0,1.0,1.0,1.0,1.0,1.0,0.0,0.0,0.0,0.0,0.0,0.0,0.0,0.0,0.0,27.0,1.0,0.01766321063041687,1.8125,8.696624755859375,0.8900861740112305,0.27176952362060547,0.0283203125,0.271484375,0.0,1.0,0.05136636272072792,1.0,18.989463806152344,0.49853515625,0.2548828125,0.8831417560577393,0.8986355066299438,0.24365234375,0.9267578125,0.18679845333099365,0.0,0.7630208134651184,0.07019761204719543,1.0,0.003860905533656478,1.0,1.0,0.0,0.0,0.0,0.003860905533656478,,,,,,,,,,,,,,,,,,,,,,,,,,,,,,,,,,,,,,,,,,,,,,,,,,,,
3,1329,,,0.03005695343017578,0.425140380859375,16.0,1.0,1.0,1.0,1.0,1.0,1.0,1.0,1.0,0.0,0.0,0.0,0.0,0.0,0.0,0.0,0.0,0.0,27.0,1.0,0.01736234873533249,2.03125,8.459854125976562,0.9005408883094788,0.2643704414367676,0.03173828125,0.263671875,0.0,1.0,0.05542266368865967,1.0,18.9080753326416,0.5009765625,0.2548828125,0.8716475367546082,0.888671875,0.24609375,0.9169921875,0.2073945552110672,0.0,0.6578124761581421,0.0703125,1.0,0.0040230518206954,1.0,1.0,0.0,0.0,0.0,0.0040230518206954,,,,,,,,,,,,,,,,,,,,,,,,,,,,,,,,,,,,,,,,,,,,,,,,,,,,
3,1334,,,0.035076141357421875,0.4271240234375,16.0,1.0,1.0,1.0,1.0,1.0,1.0,1.0,1.0,0.0,0.0,0.0,0.0,0.0,0.0,0.0,0.0,0.0,27.0,1.0,0.01624321937561035,1.71875,8.605758666992188,0.9102982878684998,0.26892995834350586,0.02685546875,0.26953125,0.0,0.9999999403953552,0.04907338321208954,1.0,18.958229064941406,0.501953125,0.25244140625,0.8858800530433655,0.892787516117096,0.24951171875,0.9296875,0.17689384520053864,0.0,0.6729166507720947,0.05859375,1.0,0.003881435375660658,1.0,1.0,0.0,0.0,0.0,0.003881435375660658,,,,,,,,,,,,,,,,,,,,,,,,,,,,,,,,,,,,,,,,,,,,,,,,,,,,
3,1339,,,0.029664993286132812,0.4326171875,16.0,1.0,1.0,1.0,1.0,1.0,1.0,1.0,1.0,0.0,0.0,0.0,0.0,0.0,0.0,0.0,0.0,0.0,27.0,1.0,0.013921532779932022,1.78125,8.605804443359375,0.8880893588066101,0.26893138885498047,0.02783203125,0.26953125,0.0,1.0,0.049044862389564514,1.0,18.95824432373047,0.49951171875,0.2421875,0.9012096524238586,0.873046875,0.25732421875,0.93408203125,0.18281430006027222,0.0,0.7083333730697632,0.07421875,1.0,0.0033033564686775208,1.0,1.0,0.0,0.0,0.0,0.0033033564686775208,,,,,,,,,,,,,,,,,,,,,,,,,,,,,,,,,,,,,,,,,,,,,,,,,,,,
3,1344,,,0.030452728271484375,0.4244384765625,16.0,1.0,1.0,1.0,1.0,1.0,1.0,1.0,1.0,0.0,0.0,0.0,0.0,0.0,0.0,0.0,0.0,0.0,27.0,1.0,0.01652534306049347,1.71875,8.512603759765625,0.8958806395530701,0.2660188674926758,0.02685546875,0.265625,0.0,0.9999999403953552,0.048714056611061096,1.0,18.92620849609375,0.50537109375,0.2587890625,0.8867924809455872,0.91796875,0.24658203125,0.9306640625,0.17076200246810913,0.0,0.6640625,0.072265625,1.0,0.00481573399156332,1.0,1.0,0.0,0.0,0.0,0.00481573399156332,,,,,,,,,,,,,,,,,,,,,,,,,,,,,,,,,,,,,,,,,,,,,,,,,,,,
3,1349,,,0.027077674865722656,0.427581787109375,16.0,1.0,1.0,1.0,1.0,1.0,1.0,1.0,1.0,0.0,0.0,0.0,0.0,0.0,0.0,0.0,0.0,0.0,27.0,1.0,0.014483887702226639,1.8125,8.511093139648438,0.8953394293785095,0.26597166061401367,0.0283203125,0.265625,0.0,1.0,0.04918175935745239,1.0,18.925687789916992,0.50341796875,0.24365234375,0.9078156352043152,0.8796116709709167,0.259765625,0.92626953125,0.18231719732284546,0.0,0.7291666865348816,0.07801011204719543,1.0,0.0035165129229426384,1.0,1.0,0.0,0.0,0.0,0.0035165129229426384,,,,,,,,,,,,,,,,,,,,,,,,,,,,,,,,,,,,,,,,,,,,,,,,,,,,
3,1354,,,0.029752731323242188,0.42535400390625,16.0,1.0,1.0,1.0,1.0,1.0,1.0,1.0,1.0,0.0,0.0,0.0,0.0,0.0,0.0,0.0,0.0,0.0,27.0,1.0,0.014659754931926727,1.5625,8.445388793945312,0.9064843654632568,0.263918399810791,0.0244140625,0.263671875,0.0,1.0,0.044202983379364014,1.0,18.90310287475586,0.50048828125,0.25048828125,0.8947368264198303,0.8929961323738098,0.25,0.935546875,0.15591368079185486,0.0,0.6666666865348816,0.06227022036910057,1.0,0.0037782415747642517,1.0,1.0,0.0,0.0,0.0,0.0037782415747642517,,,,,,,,,,,,,,,,,,,,,,,,,,,,,,,,,,,,,,,,,,,,,,,,,,,,
3,1355,,,,,,,,,,,,,,,,,,,,,,,,,,,,,,,,,,,,,,,,,,,,,,,,,,,,,,,0.022809289395809174,0.4295543432235718,16.0,1.0,1.0,1.0,1.0,1.0,1.0,1.0,1.0,0.0,0.0,0.0,0.0,0.0,0.0,0.0,0.0,0.0,27.0,1.0,0.014182209968566895,1.545454502105713,8.353005409240723,0.8977437615394592,0.2610314190387726,0.024147726595401764,0.26083096861839294,0.0,1.0,0.042537059634923935,1.0,18.871347427368164,0.49928978085517883,0.25,0.9175919890403748,0.9124221205711365,0.24928976595401764,0.9467329382896423,0.1505066454410553,0.0,0.6666667461395264,0.06199866160750389,1.0,0.0034435803536325693,1.0,1.0,0.0,0.0,0.0,0.0034435803536325693
3,1359,,,0.024163246154785156,0.432037353515625,16.0,1.0,1.0,1.0,1.0,1.0,1.0,1.0,1.0,0.0,0.0,0.0,0.0,0.0,0.0,0.0,0.0,0.0,27.0,1.0,0.014401454478502274,1.46875,8.29571533203125,0.9125664830207825,0.25924110412597656,0.02294921875,0.259765625,0.0,0.9999999403953552,0.04795306175947189,1.0,18.851652145385742,0.50244140625,0.24658203125,0.9029703140258789,0.875239908695221,0.255859375,0.935546875,0.17736408114433289,0.0,0.5572916865348816,0.050206802785396576,1.0,0.003450261428952217,1.0,1.0,0.0,0.0,0.0,0.003450261428952217,,,,,,,,,,,,,,,,,,,,,,,,,,,,,,,,,,,,,,,,,,,,,,,,,,,,
3,1364,,,0.026147842407226562,0.42816162109375,16.0,1.0,1.0,1.0,1.0,1.0,1.0,1.0,1.0,0.0,0.0,0.0,0.0,0.0,0.0,0.0,0.0,0.0,27.0,1.0,0.012740977108478546,1.3125,8.148056030273438,0.916387677192688,0.2546267509460449,0.0205078125,0.25390625,0.0,1.0,0.04514940083026886,1.0,18.800893783569336,0.49951171875,0.24658203125,0.9168316721916199,0.9025341272354126,0.2529296875,0.93798828125,0.16687844693660736,0.0,0.640625,0.05078125,1.0,0.0032610674388706684,1.0,1.0,0.0,0.0,0.0,0.0032610674388706684,,,,,,,,,,,,,,,,,,,,,,,,,,,,,,,,,,,,,,,,,,,,,,,,,,,,
3,1369,,,0.028188705444335938,0.42633056640625,16.0,1.0,1.0,1.0,1.0,1.0,1.0,1.0,1.0,0.0,0.0,0.0,0.0,0.0,0.0,0.0,0.0,0.0,27.0,1.0,0.012490790337324142,1.25,8.145660400390625,0.8939453363418579,0.25455188751220703,0.01953125,0.25390625,0.0,1.0,0.04207452014088631,1.0,18.800071716308594,0.4990234375,0.25341796875,0.9036608934402466,0.9071566462516785,0.24560546875,0.94384765625,0.15270096063613892,0.0,0.4322916865348816,0.03102022036910057,1.0,0.0030638244934380054,1.0,1.0,0.0,0.0,0.0,0.0030638244934380054,,,,,,,,,,,,,,,,,,,,,,,,,,,,,,,,,,,,,,,,,,,,,,,,,,,,
3,1374,,,0.02548694610595703,0.428314208984375,16.0,1.0,1.0,1.0,1.0,1.0,1.0,1.0,1.0,0.0,0.0,0.0,0.0,0.0,0.0,0.0,0.0,0.0,27.0,1.0,0.013514775782823563,1.28125,8.055313110351562,0.9096798300743103,0.25172853469848633,0.02001953125,0.251953125,0.0,0.9999999403953552,0.03842827305197716,1.0,18.769014358520508,0.49853515625,0.25537109375,0.9216061234474182,0.94140625,0.2431640625,0.955078125,0.1316593885421753,0.0,0.5625,0.041015625,1.0,0.00342743331566453,1.0,1.0,0.0,0.0,0.0,0.00342743331566453,,,,,,,,,,,,,,,,,,,,,,,,,,,,,,,,,,,,,,,,,,,,,,,,,,,,
3,1379,,,0.027059555053710938,0.425537109375,16.0,1.0,1.0,1.0,1.0,1.0,1.0,1.0,1.0,0.0,0.0,0.0,0.0,0.0,0.0,0.0,0.0,0.0,27.0,1.0,0.01280098408460617,1.1875,7.896881103515625,0.9237253069877625,0.24677753448486328,0.0185546875,0.2470703125,0.0,1.0,0.0435115322470665,1.0,18.714553833007812,0.49951171875,0.255859375,0.864503800868988,0.884765625,0.24365234375,0.92529296875,0.158498615026474,0.0,0.6354166865348816,0.044921875,1.0,0.0033971183001995087,1.0,1.0,0.0,0.0,0.0,0.0033971183001995087,,,,,,,,,,,,,,,,,,,,,,,,,,,,,,,,,,,,,,,,,,,,,,,,,,,,
3,1384,,,0.025217056274414062,0.4268798828125,16.0,1.0,1.0,1.0,1.0,1.0,1.0,1.0,1.0,0.0,0.0,0.0,0.0,0.0,0.0,0.0,0.0,0.0,27.0,1.0,0.012537822127342224,1.1875,7.931396484375,0.9018297791481018,0.24785614013671875,0.0185546875,0.248046875,0.0,1.0,0.04301413893699646,1.0,18.726417541503906,0.50439453125,0.2490234375,0.9039215445518494,0.893410861492157,0.25537109375,0.93603515625,0.1565878689289093,0.0,0.5520833730697632,0.03883272036910057,1.0,0.0033355760388076305,1.0,1.0,0.0,0.0,0.0,0.0033355760388076305,,,,,,,,,,,,,,,,,,,,,,,,,,,,,,,,,,,,,,,,,,,,,,,,,,,,
3,1389,,,0.026889801025390625,0.4276123046875,16.0,1.0,1.0,1.0,1.0,1.0,1.0,1.0,1.0,0.0,0.0,0.0,0.0,0.0,0.0,0.0,0.0,0.0,27.0,1.0,0.012613851577043533,1.21875,7.784393310546875,0.9140625,0.24326229095458984,0.01904296875,0.2431640625,0.0,1.0,0.04235142841935158,1.0,18.675884246826172,0.5029296875,0.25146484375,0.8970873951911926,0.8970873951911926,0.25146484375,0.94091796875,0.15395717322826385,0.0,0.421875,0.029296875,1.0,0.0032853386364877224,1.0,1.0,0.0,0.0,0.0,0.0032853386364877224,,,,,,,,,,,,,,,,,,,,,,,,,,,,,,,,,,,,,,,,,,,,,,,,,,,,
3,1394,,,0.028055191040039062,0.42816162109375,16.0,1.0,1.0,1.0,1.0,1.0,1.0,1.0,1.0,0.0,0.0,0.0,0.0,0.0,0.0,0.0,0.0,0.0,27.0,1.0,0.011299405246973038,1.25,7.6618804931640625,0.8949218988418579,0.23943376541137695,0.01953125,0.2392578125,0.0,1.0,0.041555099189281464,1.0,18.633771896362305,0.49755859375,0.24658203125,0.9306930899620056,0.91796875,0.2509765625,0.94873046875,0.15315154194831848,0.0,0.59375,0.0390625,1.0,0.003028125036507845,1.0,1.0,0.0,0.0,0.0,0.003028125036507845,,,,,,,,,,,,,,,,,,,,,,,,,,,,,,,,,,,,,,,,,,,,,,,,,,,,
,1400,575.2424499427143,7.9966282051300155,,,,,,,,,,,,,,,,,,,,,,,,,,,,,,,,,,,,,,,,,,,,,,,,,,,,,,,,,,,,,,,,,,,,,,,,,,,,,,,,,,,,,,,,,,,,,,,,,,,,,,,,
3,1399,,,0.029205322265625,0.42376708984375,16.0,1.0,1.0,1.0,1.0,1.0,1.0,1.0,1.0,0.0,0.0,0.0,0.0,0.0,0.0,0.0,0.0,0.0,27.0,1.0,0.01258767768740654,1.21875,7.675628662109375,0.8589743971824646,0.23986339569091797,0.01904296875,0.240234375,0.0,1.0,0.04788051173090935,1.0,18.63849639892578,0.5048828125,0.25048828125,0.9025341272354126,0.9007782340049744,0.25439453125,0.93212890625,0.1822383850812912,0.0,0.3802083432674408,0.0310329869389534,1.0,0.003202600870281458,1.0,1.0,0.0,0.0,0.0,0.003202600870281458,,,,,,,,,,,,,,,,,,,,,,,,,,,,,,,,,,,,,,,,,,,,,,,,,,,,
3,1404,,,0.026946067810058594,0.430572509765625,16.0,1.0,1.0,1.0,1.0,1.0,1.0,1.0,1.0,0.0,0.0,0.0,0.0,0.0,0.0,0.0,0.0,0.0,27.0,1.0,0.013532590121030807,1.0625,7.6427154541015625,0.8931525945663452,0.23883485794067383,0.0166015625,0.2392578125,0.0,1.0,0.047200821340084076,1.0,18.62718391418457,0.49853515625,0.2470703125,0.9071146249771118,0.8947368264198303,0.25146484375,0.93798828125,0.17704817652702332,0.0,0.59375,0.038947612047195435,1.0,0.0033473169896751642,1.0,1.0,0.0,0.0,0.0,0.0033473169896751642,,,,,,,,,,,,,,,,,,,,,,,,,,,,,,,,,,,,,,,,,,,,,,,,,,,,
4,1409,,,0.031792640686035156,0.430267333984375,16.0,1.0,1.0,1.0,1.0,1.0,1.0,1.0,1.0,0.0,0.0,0.0,0.0,0.0,0.0,0.0,0.0,0.0,27.0,1.0,0.014042999595403671,1.125,7.6301727294921875,0.9108073115348816,0.23844289779663086,0.017578125,0.23828125,0.0,1.0,0.05829079449176788,0.9999999403953552,18.62287139892578,0.5,0.25048828125,0.8888888955116272,0.8888888955116272,0.24951171875,0.9228515625,0.23124554753303528,0.0,0.8020833730697632,0.052619487047195435,1.0,0.0034522656351327896,1.0,1.0,0.0,0.0,0.0,0.0034522656351327896,,,,,,,,,,,,,,,,,,,,,,,,,,,,,,,,,,,,,,,,,,,,,,,,,,,,
4,1414,,,0.027135848999023438,0.43212890625,16.0,1.0,1.0,1.0,1.0,1.0,1.0,1.0,1.0,0.0,0.0,0.0,0.0,0.0,0.0,0.0,0.0,0.0,27.0,1.0,0.014510620385408401,1.28125,7.426177978515625,0.9147294163703918,0.23206806182861328,0.02001953125,0.232421875,0.0,0.9999999403953552,0.05075342580676079,1.0,18.552749633789062,0.50048828125,0.25146484375,0.8834951519966125,0.888671875,0.2490234375,0.931640625,0.19256025552749634,0.0,0.5729166865348816,0.04296875,1.0,0.00370368966832757,1.0,1.0,0.0,0.0,0.0,0.00370368966832757,,,,,,,,,,,,,,,,,,,,,,,,,,,,,,,,,,,,,,,,,,,,,,,,,,,,
4,1419,,,0.03169536590576172,0.425750732421875,16.0,1.0,1.0,1.0,1.0,1.0,1.0,1.0,1.0,0.0,0.0,0.0,0.0,0.0,0.0,0.0,0.0,0.0,27.0,1.0,0.012505359947681427,1.125,7.3785552978515625,0.9266493320465088,0.23057985305786133,0.017578125,0.23046875,0.0,1.0,0.03889373317360878,0.9999999403953552,18.536378860473633,0.50341796875,0.24609375,0.9246031641960144,0.9083820581436157,0.25732421875,0.9482421875,0.13861072063446045,0.0,0.625,0.044806987047195435,1.0,0.0031201401725411415,1.0,1.0,0.0,0.0,0.0,0.0031201401725411415,,,,,,,,,,,,,,,,,,,,,,,,,,,,,,,,,,,,,,,,,,,,,,,,,,,,
4,1424,,,0.026734352111816406,0.427154541015625,16.0,1.0,1.0,1.0,1.0,1.0,1.0,1.0,1.0,0.0,0.0,0.0,0.0,0.0,0.0,0.0,0.0,0.0,27.0,1.0,0.01220579445362091,1.09375,7.4960479736328125,0.9064732193946838,0.2342514991760254,0.01708984375,0.234375,0.0,1.0,0.04278228431940079,1.0,18.576766967773438,0.501953125,0.2568359375,0.9030418395996094,0.927734375,0.2451171875,0.9482421875,0.15799738466739655,0.0,0.515625,0.037109375,1.0,0.003164306515827775,1.0,1.0,0.0,0.0,0.0,0.003164306515827775,,,,,,,,,,,,,,,,,,,,,,,,,,,,,,,,,,,,,,,,,,,,,,,,,,,,
4,1429,,,0.02825450897216797,0.426177978515625,16.0,1.0,1.0,1.0,1.0,1.0,1.0,1.0,1.0,0.0,0.0,0.0,0.0,0.0,0.0,0.0,0.0,0.0,27.0,1.0,0.012168347835540771,1.03125,7.36541748046875,0.8703835606575012,0.23016929626464844,0.01611328125,0.23046875,0.0,1.0,0.045783329755067825,1.0,18.531862258911133,0.5009765625,0.25390625,0.8903846144676208,0.904296875,0.2470703125,0.9384765625,0.1735335886478424,0.0,0.46875,0.029296875,1.0,0.003143823239952326,1.0,1.0,0.0,0.0,0.0,0.003143823239952326,,,,,,,,,,,,,,,,,,,,,,,,,,,,,,,,,,,,,,,,,,,,,,,,,,,,
4,1434,,,0.027421951293945312,0.42950439453125,16.0,1.0,1.0,1.0,1.0,1.0,1.0,1.0,1.0,0.0,0.0,0.0,0.0,0.0,0.0,0.0,0.0,0.0,27.0,1.0,0.010705940425395966,1.03125,7.138427734375,0.9053030610084534,0.22307586669921875,0.01611328125,0.22265625,0.0,1.0,0.04172627627849579,1.0,18.453834533691406,0.50048828125,0.26171875,0.8899253606796265,0.9280155897140503,0.23876953125,0.9404296875,0.15643838047981262,0.0,0.4375,0.02734375,1.0,0.003032329026609659,1.0,1.0,0.0,0.0,0.0,0.003032329026609659,,,,,,,,,,,,,,,,,,,,,,,,,,,,,,,,,,,,,,,,,,,,,,,,,,,,
4,1439,,,0.032054901123046875,0.41937255859375,16.0,1.0,1.0,1.0,1.0,1.0,1.0,1.0,1.0,0.0,0.0,0.0,0.0,0.0,0.0,0.0,0.0,0.0,27.0,1.0,0.011931955814361572,1.0625,7.273895263671875,0.8992417454719543,0.2273092269897461,0.0166015625,0.2275390625,0.0,1.0,0.040230654180049896,1.0,18.50040054321289,0.498046875,0.25732421875,0.8975331783294678,0.9220272898674011,0.24072265625,0.94091796875,0.14465117454528809,0.0,0.4375,0.02734375,1.0,0.003449763171374798,1.0,1.0,0.0,0.0,0.0,0.003449763171374798,,,,,,,,,,,,,,,,,,,,,,,,,,,,,,,,,,,,,,,,,,,,,,,,,,,,
4,1444,,,0.03090953826904297,0.423980712890625,16.0,1.0,1.0,1.0,1.0,1.0,1.0,1.0,1.0,0.0,0.0,0.0,0.0,0.0,0.0,0.0,0.0,0.0,27.0,1.0,0.011503105983138084,1.125,7.2559356689453125,0.8778212070465088,0.22674798965454102,0.017578125,0.2265625,0.0,1.0,0.043440449982881546,0.9999999403953552,18.49422836303711,0.50390625,0.251953125,0.9108527302742004,0.91796875,0.251953125,0.94384765625,0.16231662034988403,0.0,0.3854166865348816,0.025390625,1.0,0.003275653114542365,1.0,1.0,0.0,0.0,0.0,0.003275653114542365,,,,,,,,,,,,,,,,,,,,,,,,,,,,,,,,,,,,,,,,,,,,,,,,,,,,
4,1449,,,0.026986122131347656,0.429168701171875,16.0,1.0,1.0,1.0,1.0,1.0,1.0,1.0,1.0,0.0,0.0,0.0,0.0,0.0,0.0,0.0,0.0,0.0,27.0,1.0,0.011954257264733315,1.25,7.3463134765625,0.900097668170929,0.22957229614257812,0.01953125,0.2294921875,0.0,1.0,0.05644968897104263,1.0,18.52529525756836,0.50146484375,0.24609375,0.8829365372657776,0.8607349991798401,0.25537109375,0.908203125,0.22484681010246277,0.0,0.65625,0.046300552785396576,1.0,0.0036442657001316547,1.0,1.0,0.0,0.0,0.0,0.0036442657001316547,,,,,,,,,,,,,,,,,,,,,,,,,,,,,,,,,,,,,,,,,,,,,,,,,,,,
4,1454,,,0.027782440185546875,0.42645263671875,16.0,1.0,1.0,1.0,1.0,1.0,1.0,1.0,1.0,0.0,0.0,0.0,0.0,0.0,0.0,0.0,0.0,0.0,27.0,1.0,0.012302462011575699,1.34375,7.2221832275390625,0.913517415523529,0.2256932258605957,0.02099609375,0.2255859375,0.0,1.0,0.043082233518362045,0.9999999403953552,18.48262596130371,0.50244140625,0.2490234375,0.929411768913269,0.9168278574943542,0.25341796875,0.9453125,0.15915998816490173,0.0,0.6614583730697632,0.048253677785396576,1.0,0.003380193840712309,1.0,1.0,0.0,0.0,0.0,0.003380193840712309,,,,,,,,,,,,,,,,,,,,,,,,,,,,,,,,,,,,,,,,,,,,,,,,,,,,
4,1459,,,0.027622222900390625,0.43695068359375,16.0,1.0,1.0,1.0,1.0,1.0,1.0,1.0,1.0,0.0,0.0,0.0,0.0,0.0,0.0,0.0,0.0,0.0,27.0,1.0,0.011153314262628555,1.09375,7.049407958984375,0.9159598350524902,0.22029399871826172,0.01708984375,0.220703125,0.0,1.0,0.04288524389266968,1.0,18.423233032226562,0.505859375,0.24365234375,0.9118236303329468,0.8817829489707947,0.26220703125,0.93310546875,0.16047179698944092,0.0,0.859375,0.05618106573820114,1.0,0.0033012854401022196,1.0,1.0,0.0,0.0,0.0,0.0033012854401022196,,,,,,,,,,,,,,,,,,,,,,,,,,,,,,,,,,,,,,,,,,,,,,,,,,,,
4,1464,,,0.025679588317871094,0.427093505859375,16.0,1.0,1.0,1.0,1.0,1.0,1.0,1.0,1.0,0.0,0.0,0.0,0.0,0.0,0.0,0.0,0.0,0.0,27.0,1.0,0.011582858860492706,1.1875,7.022064208984375,0.9231085777282715,0.21943950653076172,0.0185546875,0.2197265625,0.0,1.0,0.04276896268129349,1.0,18.413833618164062,0.50048828125,0.2490234375,0.8960784077644348,0.8822394013404846,0.25146484375,0.93017578125,0.16005435585975647,0.0,0.7083333730697632,0.04848345369100571,1.0,0.003211050061509013,1.0,1.0,0.0,0.0,0.0,0.003211050061509013,,,,,,,,,,,,,,,,,,,,,,,,,,,,,,,,,,,,,,,,,,,,,,,,,,,,
4,1469,,,0.026897430419921875,0.42681884765625,16.0,1.0,1.0,1.0,1.0,1.0,1.0,1.0,1.0,0.0,0.0,0.0,0.0,0.0,0.0,0.0,0.0,0.0,27.0,1.0,0.012147096917033195,1.25,6.9122161865234375,0.889843761920929,0.21600675582885742,0.01953125,0.2158203125,0.0,1.0,0.03856094554066658,1.0,18.376073837280273,0.50244140625,0.251953125,0.9147287011146545,0.921875,0.25048828125,0.94970703125,0.13930310308933258,0.0,0.5989583730697632,0.044921875,1.0,0.0030915976967662573,1.0,1.0,0.0,0.0,0.0,0.0030915976967662573,,,,,,,,,,,,,,,,,,,,,,,,,,,,,,,,,,,,,,,,,,,,,,,,,,,,
4,1474,,,0.028959274291992188,0.4281005859375,16.0,1.0,1.0,1.0,1.0,1.0,1.0,1.0,1.0,0.0,0.0,0.0,0.0,0.0,0.0,0.0,0.0,0.0,27.0,1.0,0.01071925088763237,1.15625,6.84564208984375,0.9177576303482056,0.2139263153076172,0.01806640625,0.2138671875,0.0,1.0,0.041822824627161026,0.9999999403953552,18.35318946838379,0.50048828125,0.25634765625,0.8952381014823914,0.91796875,0.244140625,0.939453125,0.15767677128314972,0.0,0.7708333730697632,0.052734375,1.0,0.0030456045642495155,1.0,1.0,0.0,0.0,0.0,0.0030456045642495155,,,,,,,,,,,,,,,,,,,,,,,,,,,,,,,,,,,,,,,,,,,,,,,,,,,,
4,1479,,,0.02658843994140625,0.42669677734375,16.0,1.0,1.0,1.0,1.0,1.0,1.0,1.0,1.0,0.0,0.0,0.0,0.0,0.0,0.0,0.0,0.0,0.0,27.0,1.0,0.010651573538780212,1.1875,6.8248291015625,0.9027549624443054,0.21327590942382812,0.0185546875,0.212890625,0.0,1.0,0.04094068333506584,1.0,18.34603500366211,0.49609375,0.25390625,0.9153845906257629,0.924271821975708,0.2421875,0.94140625,0.15392763912677765,0.0,0.609375,0.04262407869100571,1.0,0.002953914925456047,1.0,1.0,0.0,0.0,0.0,0.002953914925456047,,,,,,,,,,,,,,,,,,,,,,,,,,,,,,,,,,,,,,,,,,,,,,,,,,,,
4,1484,,,0.03388500213623047,0.433013916015625,16.0,1.0,1.0,1.0,1.0,1.0,1.0,1.0,1.0,0.0,0.0,0.0,0.0,0.0,0.0,0.0,0.0,0.0,27.0,1.0,0.011160021647810936,1.15625,6.9156646728515625,0.9135346412658691,0.21611452102661133,0.01806640625,0.2158203125,0.0,1.0,0.04844427853822708,0.9999999403953552,18.377260208129883,0.50341796875,0.259765625,0.8890977501869202,0.9078694581985474,0.24365234375,0.935546875,0.18770496547222137,0.0,0.703125,0.04457720369100571,1.0,0.0034714501816779375,1.0,1.0,0.0,0.0,0.0,0.0034714501816779375,,,,,,,,,,,,,,,,,,,,,,,,,,,,,,,,,,,,,,,,,,,,,,,,,,,,
4,1489,,,0.02720928192138672,0.427154541015625,16.0,1.0,1.0,1.0,1.0,1.0,1.0,1.0,1.0,0.0,0.0,0.0,0.0,0.0,0.0,0.0,0.0,0.0,27.0,1.0,0.012121282517910004,1.0,6.612884521484375,0.92041015625,0.20665264129638672,0.015625,0.20703125,0.0,1.0,0.04299145191907883,1.0,18.273178100585938,0.501953125,0.25341796875,0.8921002149581909,0.904296875,0.24853515625,0.93115234375,0.16184134781360626,0.0,0.78125,0.048828125,1.0,0.0031703771091997623,1.0,1.0,0.0,0.0,0.0,0.0031703771091997623,,,,,,,,,,,,,,,,,,,,,,,,,,,,,,,,,,,,,,,,,,,,,,,,,,,,
4,1494,,,0.02716350555419922,0.429840087890625,16.0,1.0,1.0,1.0,1.0,1.0,1.0,1.0,1.0,0.0,0.0,0.0,0.0,0.0,0.0,0.0,0.0,0.0,27.0,1.0,0.011289665475487709,1.0625,6.7906341552734375,0.8937270045280457,0.21220731735229492,0.0166015625,0.2119140625,0.0,1.0,0.04043895751237869,1.0,18.334280014038086,0.501953125,0.25341796875,0.913294792175293,0.9186046719551086,0.24853515625,0.94970703125,0.150754913687706,0.0,0.59375,0.03664981573820114,1.0,0.0029519808012992144,1.0,1.0,0.0,0.0,0.0,0.0029519808012992144,,,,,,,,,,,,,,,,,,,,,,,,,,,,,,,,,,,,,,,,,,,,,,,,,,,,
,1500,559.87608138,8.0374928482536,,,,,,,,,,,,,,,,,,,,,,,,,,,,,,,,,,,,,,,,,,,,,,,,,,,,,,,,,,,,,,,,,,,,,,,,,,,,,,,,,,,,,,,,,,,,,,,,,,,,,,,,
4,1499,,,0.027021408081054688,0.4298095703125,16.0,1.0,1.0,1.0,1.0,1.0,1.0,1.0,1.0,0.0,0.0,0.0,0.0,0.0,0.0,0.0,0.0,0.0,27.0,1.0,0.01024523377418518,1.0,6.723876953125,0.8917236328125,0.21012115478515625,0.015625,0.2099609375,0.0,1.0,0.041594527661800385,1.0,18.31133270263672,0.49951171875,0.2607421875,0.898876428604126,0.9356725215911865,0.23876953125,0.94140625,0.15820346772670746,0.0,0.6875,0.04296875,1.0,0.00291088386438787,1.0,1.0,0.0,0.0,0.0,0.00291088386438787,,,,,,,,,,,,,,,,,,,,,,,,,,,,,,,,,,,,,,,,,,,,,,,,,,,,
4,1504,,,0.0303955078125,0.42852783203125,16.0,1.0,1.0,1.0,1.0,1.0,1.0,1.0,1.0,0.0,0.0,0.0,0.0,0.0,0.0,0.0,0.0,0.0,27.0,1.0,0.0111677385866642,1.0,6.746246337890625,0.8936767578125,0.21082019805908203,0.015625,0.2109375,0.0,1.0,0.037411779165267944,1.0,18.31902313232422,0.50341796875,0.25830078125,0.9224952459335327,0.9512670636177063,0.2451171875,0.955078125,0.13499674201011658,0.0,0.5,0.031135110184550285,1.0,0.0031051132827997208,1.0,1.0,0.0,0.0,0.0,0.0031051132827997208,,,,,,,,,,,,,,,,,,,,,,,,,,,,,,,,,,,,,,,,,,,,,,,,,,,,
4,1509,,,0.026846885681152344,0.427398681640625,16.0,1.0,1.0,1.0,1.0,1.0,1.0,1.0,1.0,0.0,0.0,0.0,0.0,0.0,0.0,0.0,0.0,0.0,27.0,1.0,0.01057865284383297,1.0,6.6604156494140625,0.8917236328125,0.20813798904418945,0.015625,0.2080078125,0.0,1.0,0.037305012345314026,1.0,18.289518356323242,0.50341796875,0.255859375,0.9160305261611938,0.9375,0.24755859375,0.94873046875,0.1357046663761139,0.0,0.65625,0.041015625,1.0,0.003100557718425989,1.0,1.0,0.0,0.0,0.0,0.003100557718425989,,,,,,,,,,,,,,,,,,,,,,,,,,,,,,,,,,,,,,,,,,,,,,,,,,,,
4,1514,,,0.029840469360351562,0.43084716796875,16.0,1.0,1.0,1.0,1.0,1.0,1.0,1.0,1.0,0.0,0.0,0.0,0.0,0.0,0.0,0.0,0.0,0.0,27.0,1.0,0.010591909289360046,1.0,6.6080322265625,0.934814453125,0.20650100708007812,0.015625,0.2060546875,0.0,1.0,0.043736353516578674,1.0,18.27151107788086,0.5029296875,0.25390625,0.9038461446762085,0.9143968820571899,0.2490234375,0.9384765625,0.16748689115047455,0.0,0.84375,0.05250459536910057,1.0,0.0031727186869829893,1.0,1.0,0.0,0.0,0.0,0.0031727186869829893,,,,,,,,,,,,,,,,,,,,,,,,,,,,,,,,,,,,,,,,,,,,,,,,,,,,
4,1519,,,0.029570579528808594,0.430877685546875,16.0,1.0,1.0,1.0,1.0,1.0,1.0,1.0,1.0,0.0,0.0,0.0,0.0,0.0,0.0,0.0,0.0,0.0,27.0,1.0,0.011399706825613976,1.0,6.3286285400390625,0.9200439453125,0.1977696418762207,0.015625,0.1982421875,0.0,1.0,0.04106157273054123,1.0,18.175466537475586,0.49951171875,0.24853515625,0.9155206084251404,0.9066147804260254,0.2509765625,0.94677734375,0.15400545299053192,0.0,0.6875,0.04273897036910057,1.0,0.0031475627329200506,1.0,1.0,0.0,0.0,0.0,0.0031475627329200506,,,,,,,,,,,,,,,,,,,,,,,,,,,,,,,,,,,,,,,,,,,,,,,,,,,,
4,1524,,,0.026597976684570312,0.42510986328125,16.0,1.0,1.0,1.0,1.0,1.0,1.0,1.0,1.0,0.0,0.0,0.0,0.0,0.0,0.0,0.0,0.0,0.0,27.0,1.0,0.010722042992711067,1.0,6.525115966796875,0.9412841796875,0.20390987396240234,0.015625,0.2041015625,0.0,1.0,0.04351072385907173,1.0,18.24300765991211,0.50048828125,0.25390625,0.8903846144676208,0.8921002149581909,0.24658203125,0.935546875,0.16686519980430603,0.0,0.59375,0.03676470369100571,1.0,0.00310183921828866,1.0,1.0,0.0,0.0,0.0,0.00310183921828866,,,,,,,,,,,,,,,,,,,,,,,,,,,,,,,,,,,,,,,,,,,,,,,,,,,,
4,1529,,,0.029348373413085938,0.42315673828125,16.0,1.0,1.0,1.0,1.0,1.0,1.0,1.0,1.0,0.0,0.0,0.0,0.0,0.0,0.0,0.0,0.0,0.0,27.0,1.0,0.010753341019153595,1.0,6.4408111572265625,0.9173583984375,0.20127534866333008,0.015625,0.201171875,0.0,1.0,0.04058115929365158,1.0,18.21402931213379,0.4970703125,0.25390625,0.8942307829856873,0.908203125,0.2431640625,0.9423828125,0.1534656286239624,0.0,0.4375,0.02734375,1.0,0.002877891529351473,1.0,1.0,0.0,0.0,0.0,0.002877891529351473,,,,,,,,,,,,,,,,,,,,,,,,,,,,,,,,,,,,,,,,,,,,,,,,,,,,
4,1534,,,0.026830673217773438,0.4361572265625,16.0,1.0,1.0,1.0,1.0,1.0,1.0,1.0,1.0,0.0,0.0,0.0,0.0,0.0,0.0,0.0,0.0,0.0,27.0,1.0,0.010184751823544502,1.0,6.4121856689453125,0.9036865234375,0.20038080215454102,0.015625,0.2001953125,0.0,1.0,0.036847058683633804,1.0,18.20418930053711,0.4990234375,0.25439453125,0.9078694581985474,0.9220272898674011,0.24462890625,0.9482421875,0.1356021761894226,0.0,0.6875,0.04296875,1.0,0.002914325799793005,1.0,1.0,0.0,0.0,0.0,0.002914325799793005,,,,,,,,,,,,,,,,,,,,,,,,,,,,,,,,,,,,,,,,,,,,,,,,,,,,
4,1539,,,0.028548240661621094,0.423736572265625,16.0,1.0,1.0,1.0,1.0,1.0,1.0,1.0,1.0,0.0,0.0,0.0,0.0,0.0,0.0,0.0,0.0,0.0,27.0,1.0,0.010541526600718498,1.0,6.3493499755859375,0.9378662109375,0.19841718673706055,0.015625,0.1982421875,0.0,1.0,0.040951550006866455,1.0,18.182588577270508,0.4970703125,0.25732421875,0.9089183807373047,0.935546875,0.23974609375,0.94970703125,0.15570080280303955,0.0,0.625,0.0390625,1.0,0.0029232394881546497,1.0,1.0,0.0,0.0,0.0,0.0029232394881546497,,,,,,,,,,,,,,,,,,,,,,,,,,,,,,,,,,,,,,,,,,,,,,,,,,,,
4,1544,,,0.029199600219726562,0.42864990234375,16.0,1.0,1.0,1.0,1.0,1.0,1.0,1.0,1.0,0.0,0.0,0.0,0.0,0.0,0.0,0.0,0.0,0.0,27.0,1.0,0.009894579648971558,1.0,6.344085693359375,0.940673828125,0.19825267791748047,0.015625,0.1982421875,0.0,1.0,0.04007039591670036,1.0,18.18077850341797,0.49658203125,0.25439453125,0.9097888469696045,0.92578125,0.2421875,0.94140625,0.15199992060661316,0.0,0.71875,0.044921875,1.0,0.0029374868609011173,1.0,1.0,0.0,0.0,0.0,0.0029374868609011173,,,,,,,,,,,,,,,,,,,,,,,,,,,,,,,,,,,,,,,,,,,,,,,,,,,,
4,1549,,,0.02640247344970703,0.426971435546875,16.0,1.0,1.0,1.0,1.0,1.0,1.0,1.0,1.0,0.0,0.0,0.0,0.0,0.0,0.0,0.0,0.0,0.0,27.0,1.0,0.0112001933157444,1.0,6.394073486328125,0.9423828125,0.1998147964477539,0.015625,0.2001953125,0.0,1.0,0.04368880018591881,1.0,18.19796371459961,0.50341796875,0.24853515625,0.9155206084251404,0.9066147804260254,0.2548828125,0.9404296875,0.16360999643802643,0.0,0.6875,0.04273897036910057,1.0,0.003904925659298897,1.0,1.0,0.0,0.0,0.0,0.003904925659298897,,,,,,,,,,,,,,,,,,,,,,,,,,,,,,,,,,,,,,,,,,,,,,,,,,,,
4,1554,,,0.025369644165039062,0.42767333984375,16.0,1.0,1.0,1.0,1.0,1.0,1.0,1.0,1.0,0.0,0.0,0.0,0.0,0.0,0.0,0.0,0.0,0.0,27.0,1.0,0.010062884539365768,1.0,6.376861572265625,0.9171142578125,0.19927692413330078,0.015625,0.19921875,0.0,1.0,0.04977933317422867,1.0,18.192047119140625,0.498046875,0.2529296875,0.8861004114151001,0.8947368264198303,0.2451171875,0.92431640625,0.19988033175468445,0.0,0.4375,0.02734375,1.0,0.003036046866327524,1.0,1.0,0.0,0.0,0.0,0.003036046866327524,,,,,,,,,,,,,,,,,,,,,,,,,,,,,,,,,,,,,,,,,,,,,,,,,,,,
4,1559,,,0.028818130493164062,0.4271240234375,16.0,1.0,1.0,1.0,1.0,1.0,1.0,1.0,1.0,0.0,0.0,0.0,0.0,0.0,0.0,0.0,0.0,0.0,27.0,1.0,0.009917374700307846,1.0,6.235992431640625,0.9163818359375,0.19487476348876953,0.015625,0.1953125,0.0,1.0,0.036227717995643616,1.0,18.14362335205078,0.4990234375,0.25537109375,0.915869951248169,0.935546875,0.24365234375,0.95556640625,0.13350212574005127,0.0,0.53125,0.033203125,1.0,0.0028535164892673492,1.0,1.0,0.0,0.0,0.0,0.0028535164892673492,,,,,,,,,,,,,,,,,,,,,,,,,,,,,,,,,,,,,,,,,,,,,,,,,,,,
4,1564,,,0.026918411254882812,0.42608642578125,16.0,1.0,1.0,1.0,1.0,1.0,1.0,1.0,1.0,0.0,0.0,0.0,0.0,0.0,0.0,0.0,0.0,0.0,27.0,1.0,0.009696690365672112,1.0,6.142913818359375,0.9185791015625,0.19196605682373047,0.015625,0.1923828125,0.0,1.0,0.03887656331062317,1.0,18.11162567138672,0.5009765625,0.248046875,0.9232283234596252,0.916015625,0.2529296875,0.94775390625,0.14727535843849182,0.0,0.40625,0.025390625,1.0,0.00288292090408504,1.0,1.0,0.0,0.0,0.0,0.00288292090408504,,,,,,,,,,,,,,,,,,,,,,,,,,,,,,,,,,,,,,,,,,,,,,,,,,,,
4,1569,,,0.028696060180664062,0.42437744140625,16.0,1.0,1.0,1.0,1.0,1.0,1.0,1.0,1.0,0.0,0.0,0.0,0.0,0.0,0.0,0.0,0.0,0.0,27.0,1.0,0.010202353820204735,1.0,6.2314910888671875,0.918212890625,0.1947340965270996,0.015625,0.1943359375,0.0,1.0,0.04009157791733742,1.0,18.142074584960938,0.50048828125,0.2529296875,0.9092664122581482,0.9127907156944275,0.24755859375,0.94775390625,0.15137068927288055,0.0,0.65625,0.041015625,1.0,0.0030888994224369526,1.0,1.0,0.0,0.0,0.0,0.0030888994224369526,,,,,,,,,,,,,,,,,,,,,,,,,,,,,,,,,,,,,,,,,,,,,,,,,,,,
4,1574,,,0.026861190795898438,0.4267578125,16.0,1.0,1.0,1.0,1.0,1.0,1.0,1.0,1.0,0.0,0.0,0.0,0.0,0.0,0.0,0.0,0.0,0.0,27.0,1.0,0.01064830832183361,1.0,6.2105560302734375,0.9345703125,0.19407987594604492,0.015625,0.1943359375,0.0,1.0,0.04078344255685806,1.0,18.134878158569336,0.5,0.2626953125,0.8736059665679932,0.9090909361839294,0.2373046875,0.93408203125,0.1540949046611786,0.0,0.71875,0.0447048619389534,1.0,0.0031427794601768255,1.0,1.0,0.0,0.0,0.0,0.0031427794601768255,,,,,,,,,,,,,,,,,,,,,,,,,,,,,,,,,,,,,,,,,,,,,,,,,,,,
4,1579,,,0.02587890625,0.43243408203125,16.0,1.0,1.0,1.0,1.0,1.0,1.0,1.0,1.0,0.0,0.0,0.0,0.0,0.0,0.0,0.0,0.0,0.0,27.0,1.0,0.009311553090810776,1.0,6.1612548828125,0.9075927734375,0.19253921508789062,0.015625,0.1923828125,0.0,1.0,0.03296830132603645,1.0,18.117931365966797,0.5,0.25341796875,0.9267822504043579,0.939453125,0.24658203125,0.95703125,0.1197529286146164,0.0,0.59375,0.037109375,1.0,0.00258582248352468,1.0,1.0,0.0,0.0,0.0,0.00258582248352468,,,,,,,,,,,,,,,,,,,,,,,,,,,,,,,,,,,,,,,,,,,,,,,,,,,,
4,1584,,,0.02517414093017578,0.430999755859375,16.0,1.0,1.0,1.0,1.0,1.0,1.0,1.0,1.0,0.0,0.0,0.0,0.0,0.0,0.0,0.0,0.0,0.0,27.0,1.0,0.009185083210468292,1.0,6.0464935302734375,0.9039306640625,0.18895292282104492,0.015625,0.1884765625,0.0,1.0,0.04078572243452072,1.0,18.078481674194336,0.4990234375,0.2470703125,0.9051383137702942,0.8875969052314758,0.251953125,0.9384765625,0.15796609222888947,0.0,0.6875,0.04250919073820114,1.0,0.002875568810850382,1.0,1.0,0.0,0.0,0.0,0.002875568810850382,,,,,,,,,,,,,,,,,,,,,,,,,,,,,,,,,,,,,,,,,,,,,,,,,,,,
4,1589,,,0.023781776428222656,0.430877685546875,16.0,1.0,1.0,1.0,1.0,1.0,1.0,1.0,1.0,0.0,0.0,0.0,0.0,0.0,0.0,0.0,0.0,0.0,27.0,1.0,0.009180177003145218,1.0,6.0355224609375,0.90234375,0.18861007690429688,0.015625,0.1884765625,0.0,1.0,0.04220764338970184,1.0,18.074710845947266,0.49462890625,0.25439453125,0.9001919627189636,0.9089147448539734,0.240234375,0.935546875,0.1651977002620697,0.0,0.5,0.03125,1.0,0.0028663219418376684,1.0,1.0,0.0,0.0,0.0,0.0028663219418376684,,,,,,,,,,,,,,,,,,,,,,,,,,,,,,,,,,,,,,,,,,,,,,,,,,,,
4,1594,,,0.028837203979492188,0.43145751953125,16.0,1.0,1.0,1.0,1.0,1.0,1.0,1.0,1.0,0.0,0.0,0.0,0.0,0.0,0.0,0.0,0.0,0.0,27.0,1.0,0.008819662034511566,1.0,5.9055023193359375,0.907958984375,0.18454694747924805,0.015625,0.1845703125,0.0,1.0,0.03920355066657066,1.0,18.03001594543457,0.50048828125,0.25537109375,0.9177820086479187,0.9266409277915955,0.2451171875,0.94091796875,0.15129989385604858,0.0,0.59375,0.037109375,1.0,0.002757655456662178,1.0,1.0,0.0,0.0,0.0,0.002757655456662178,,,,,,,,,,,,,,,,,,,,,,,,,,,,,,,,,,,,,,,,,,,,,,,,,,,,
,1600,544.8166266125,8.07611182382195,,,,,,,,,,,,,,,,,,,,,,,,,,,,,,,,,,,,,,,,,,,,,,,,,,,,,,,,,,,,,,,,,,,,,,,,,,,,,,,,,,,,,,,,,,,,,,,,,,,,,,,,
4,1599,,,0.026741981506347656,0.432037353515625,16.0,0.9375,0.99609375,1.0,1.0,1.0,1.0,0.90625,0.994140625,0.0,0.0,1.0,0.15625,0.0,1.0,1.0,0.00244140625,0.0,27.0,0.84375,0.016648801043629646,1.0,5.851287841796875,0.8927001953125,0.18285274505615234,0.015625,0.1826171875,0.0,1.0,0.04476061463356018,0.9975199103355408,18.01137924194336,0.498046875,0.25634765625,0.9257143139839172,0.94921875,0.24169921875,0.95458984375,0.13563835620880127,0.0,0.375,0.0234375,0.99755859375,0.009556474164128304,1.0,1.0,0.0,0.0,0.0,0.009556474164128304,,,,,,,,,,,,,,,,,,,,,,,,,,,,,,,,,,,,,,,,,,,,,,,,,,,,
4,1604,,,0.029870986938476562,0.42218017578125,16.0,1.0,1.0,1.0,1.0,1.0,1.0,1.0,1.0,0.0,0.0,0.0,0.0,0.0,0.0,0.0,0.0,0.0,27.0,1.0,0.009196866303682327,1.0,5.981071472167969,0.9312744140625,0.18690848350524902,0.015625,0.1865234375,0.0,1.0,0.037795230746269226,1.0,18.055994033813477,0.5,0.25537109375,0.9082217812538147,0.927734375,0.24462890625,0.94189453125,0.1421150118112564,0.0,0.5,0.03125,1.0,0.0030511566437780857,1.0,1.0,0.0,0.0,0.0,0.0030511566437780857,,,,,,,,,,,,,,,,,,,,,,,,,,,,,,,,,,,,,,,,,,,,,,,,,,,,
4,1609,,,0.028313636779785156,0.422393798828125,16.0,1.0,1.0,1.0,1.0,1.0,1.0,1.0,1.0,0.0,0.0,0.0,0.0,0.0,0.0,0.0,0.0,0.0,27.0,1.0,0.00888199731707573,1.0,5.856292724609375,0.9283447265625,0.18300914764404297,0.015625,0.1826171875,0.0,1.0,0.043221235275268555,1.0,18.013099670410156,0.49951171875,0.2490234375,0.9078431129455566,0.904296875,0.25048828125,0.93310546875,0.17117726802825928,0.0,0.53125,0.033203125,1.0,0.0028352951630949974,1.0,1.0,0.0,0.0,0.0,0.0028352951630949974,,,,,,,,,,,,,,,,,,,,,,,,,,,,,,,,,,,,,,,,,,,,,,,,,,,,
4,1614,,,0.026093482971191406,0.429779052734375,16.0,1.0,1.0,1.0,1.0,1.0,1.0,1.0,1.0,0.0,0.0,0.0,0.0,0.0,0.0,0.0,0.0,0.0,27.0,1.0,0.008710747584700584,1.0,5.7802276611328125,0.905517578125,0.1806321144104004,0.015625,0.1806640625,0.0,1.0,0.04173349589109421,1.0,17.986953735351562,0.50048828125,0.25927734375,0.8888888955116272,0.921875,0.2412109375,0.9375,0.16445741057395935,0.0,0.5625,0.03515625,1.0,0.002787061035633087,1.0,1.0,0.0,0.0,0.0,0.002787061035633087,,,,,,,,,,,,,,,,,,,,,,,,,,,,,,,,,,,,,,,,,,,,,,,,,,,,
4,1619,,,0.02710437774658203,0.433380126953125,16.0,1.0,1.0,1.0,1.0,1.0,1.0,1.0,1.0,0.0,0.0,0.0,0.0,0.0,0.0,0.0,0.0,0.0,27.0,1.0,0.009352598339319229,1.0,5.663566589355469,0.9202880859375,0.1769864559173584,0.015625,0.1767578125,0.0,1.0,0.03825397044420242,1.0,17.94685173034668,0.49267578125,0.259765625,0.896616518497467,0.931640625,0.23291015625,0.94189453125,0.14535614848136902,0.0,0.65625,0.041015625,1.0,0.003033509012311697,1.0,1.0,0.0,0.0,0.0,0.003033509012311697,,,,,,,,,,,,,,,,,,,,,,,,,,,,,,,,,,,,,,,,,,,,,,,,,,,,
4,1624,,,0.03539466857910156,0.42584228515625,16.0,1.0,1.0,1.0,1.0,1.0,1.0,1.0,1.0,0.0,0.0,0.0,0.0,0.0,0.0,0.0,0.0,0.0,27.0,1.0,0.008724451065063477,1.0,5.7520294189453125,0.92431640625,0.17975091934204102,0.015625,0.1796875,0.0,1.0,0.03678370639681816,1.0,17.97726058959961,0.501953125,0.25,0.921875,0.921875,0.251953125,0.94775390625,0.13962864875793457,0.0,0.78125,0.048828125,1.0,0.0027218421455472708,1.0,1.0,0.0,0.0,0.0,0.0027218421455472708,,,,,,,,,,,,,,,,,,,,,,,,,,,,,,,,,,,,,,,,,,,,,,,,,,,,
4,1629,,,0.026737213134765625,0.435302734375,16.0,1.0,1.0,1.0,1.0,1.0,1.0,1.0,1.0,0.0,0.0,0.0,0.0,0.0,0.0,0.0,0.0,0.0,27.0,1.0,0.009015386924147606,1.0,5.711463928222656,0.903564453125,0.178483247756958,0.015625,0.1787109375,0.0,1.0,0.04031515493988991,1.0,17.963315963745117,0.50244140625,0.25390625,0.8807692527770996,0.89453125,0.24853515625,0.93212890625,0.15603125095367432,0.0,0.59375,0.037109375,1.0,0.0030171298421919346,1.0,1.0,0.0,0.0,0.0,0.0030171298421919346,,,,,,,,,,,,,,,,,,,,,,,,,,,,,,,,,,,,,,,,,,,,,,,,,,,,
4,1634,,,0.029748916625976562,0.4306640625,16.0,1.0,1.0,1.0,1.0,1.0,1.0,1.0,1.0,0.0,0.0,0.0,0.0,0.0,0.0,0.0,0.0,0.0,27.0,1.0,0.00785321369767189,1.0,5.619293212890625,0.9093017578125,0.17560291290283203,0.015625,0.17578125,0.0,1.0,0.036064326763153076,1.0,17.93163299560547,0.498046875,0.2509765625,0.9027237296104431,0.90625,0.2470703125,0.943359375,0.1391172707080841,0.0,0.53125,0.033203125,1.0,0.0024705573450773954,1.0,1.0,0.0,0.0,0.0,0.0024705573450773954,,,,,,,,,,,,,,,,,,,,,,,,,,,,,,,,,,,,,,,,,,,,,,,,,,,,
4,1639,,,0.02539539337158203,0.434478759765625,16.0,1.0,1.0,1.0,1.0,1.0,1.0,1.0,1.0,0.0,0.0,0.0,0.0,0.0,0.0,0.0,0.0,0.0,27.0,1.0,0.007789907976984978,1.0,5.474281311035156,0.8740234375,0.17107129096984863,0.015625,0.1708984375,0.0,1.0,0.03527253866195679,1.0,17.881784439086914,0.5,0.25537109375,0.923518180847168,0.9396887421607971,0.24462890625,0.94580078125,0.13658985495567322,0.0,0.21875,0.013671875,1.0,0.002335167257115245,1.0,1.0,0.0,0.0,0.0,0.002335167257115245,,,,,,,,,,,,,,,,,,,,,,,,,,,,,,,,,,,,,,,,,,,,,,,,,,,,
4,1644,,,0.025547027587890625,0.427490234375,16.0,1.0,1.0,1.0,1.0,1.0,1.0,1.0,1.0,0.0,0.0,0.0,0.0,0.0,0.0,0.0,0.0,0.0,27.0,1.0,0.00748237781226635,1.0,5.5338287353515625,0.9027099609375,0.17293214797973633,0.015625,0.1728515625,0.0,1.0,0.03449208289384842,1.0,17.902254104614258,0.5009765625,0.2578125,0.8996211886405945,0.9259259104728699,0.2431640625,0.94580078125,0.13230425119400024,0.0,0.53125,0.033088237047195435,1.0,0.0024414248764514923,1.0,1.0,0.0,0.0,0.0,0.0024414248764514923,,,,,,,,,,,,,,,,,,,,,,,,,,,,,,,,,,,,,,,,,,,,,,,,,,,,
4,1649,,,0.02978801727294922,0.430633544921875,16.0,1.0,1.0,1.0,1.0,1.0,1.0,1.0,1.0,0.0,0.0,0.0,0.0,0.0,0.0,0.0,0.0,0.0,27.0,1.0,0.007413588464260101,1.0,5.512229919433594,0.9315185546875,0.1722571849822998,0.015625,0.171875,0.0,1.0,0.040803469717502594,1.0,17.89482879638672,0.5,0.25244140625,0.8955512642860413,0.904296875,0.24755859375,0.93896484375,0.163667231798172,0.0,0.59375,0.037109375,1.0,0.0024855160154402256,1.0,1.0,0.0,0.0,0.0,0.0024855160154402256,,,,,,,,,,,,,,,,,,,,,,,,,,,,,,,,,,,,,,,,,,,,,,,,,,,,
4,1654,,,0.03355979919433594,0.433349609375,16.0,1.0,1.0,1.0,1.0,1.0,1.0,1.0,1.0,0.0,0.0,0.0,0.0,0.0,0.0,0.0,0.0,0.0,27.0,1.0,0.007449060678482056,1.0,5.470306396484375,0.9117431640625,0.17094707489013672,0.015625,0.1708984375,0.0,1.0,0.03911872208118439,1.0,17.880416870117188,0.49609375,0.24853515625,0.9273084402084351,0.921875,0.24755859375,0.94970703125,0.15487128496170044,0.0,0.625,0.0390625,1.0,0.002528634387999773,1.0,1.0,0.0,0.0,0.0,0.002528634387999773,,,,,,,,,,,,,,,,,,,,,,,,,,,,,,,,,,,,,,,,,,,,,,,,,,,,
4,1659,,,0.030915260314941406,0.429901123046875,16.0,1.0,1.0,1.0,1.0,1.0,1.0,1.0,1.0,0.0,0.0,0.0,0.0,0.0,0.0,0.0,0.0,0.0,27.0,1.0,0.00847109779715538,1.0,5.5564117431640625,0.9307861328125,0.17363786697387695,0.015625,0.173828125,0.0,1.0,0.04288022965192795,1.0,17.910017013549805,0.49609375,0.2509765625,0.9202334880828857,0.923828125,0.2451171875,0.9423828125,0.17117474973201752,0.0,0.8125,0.05078125,1.0,0.0027393465861678123,1.0,1.0,0.0,0.0,0.0,0.0027393465861678123,,,,,,,,,,,,,,,,,,,,,,,,,,,,,,,,,,,,,,,,,,,,,,,,,,,,
4,1664,,,0.03268623352050781,0.42919921875,16.0,1.0,1.0,1.0,1.0,1.0,1.0,1.0,1.0,0.0,0.0,0.0,0.0,0.0,0.0,0.0,0.0,0.0,27.0,1.0,0.008220940828323364,1.0,5.396232604980469,0.906982421875,0.16863226890563965,0.015625,0.1689453125,0.0,1.0,0.04054464399814606,1.0,17.854955673217773,0.50244140625,0.24951171875,0.8943248391151428,0.8856589198112488,0.2529296875,0.9287109375,0.16112734377384186,0.0,0.6875,0.04250919073820114,1.0,0.0025648814626038074,1.0,1.0,0.0,0.0,0.0,0.0025648814626038074,,,,,,,,,,,,,,,,,,,,,,,,,,,,,,,,,,,,,,,,,,,,,,,,,,,,
4,1669,,,0.028458595275878906,0.427276611328125,16.0,1.0,1.0,1.0,1.0,1.0,1.0,1.0,1.0,0.0,0.0,0.0,0.0,0.0,0.0,0.0,0.0,0.0,27.0,1.0,0.00814371183514595,1.0,5.346412658691406,0.8985595703125,0.16707539558410645,0.015625,0.1669921875,0.0,1.0,0.0435800664126873,1.0,17.83782958984375,0.49853515625,0.26416015625,0.8872458338737488,0.9338521361351013,0.234375,0.93017578125,0.17641979455947876,0.0,0.625,0.0390625,1.0,0.002633916912600398,1.0,1.0,0.0,0.0,0.0,0.002633916912600398,,,,,,,,,,,,,,,,,,,,,,,,,,,,,,,,,,,,,,,,,,,,,,,,,,,,
4,1674,,,0.025994300842285156,0.429290771484375,16.0,1.0,1.0,1.0,1.0,1.0,1.0,1.0,1.0,0.0,0.0,0.0,0.0,0.0,0.0,0.0,0.0,0.0,27.0,1.0,0.010095391422510147,1.0,5.436317443847656,0.912841796875,0.16988492012023926,0.015625,0.169921875,0.0,1.0,0.043138448148965836,1.0,17.86873435974121,0.4990234375,0.251953125,0.893410861492157,0.8951456546783447,0.2470703125,0.93359375,0.16846725344657898,0.0,0.65625,0.041015625,1.0,0.0032584969885647297,1.0,1.0,0.0,0.0,0.0,0.0032584969885647297,,,,,,,,,,,,,,,,,,,,,,,,,,,,,,,,,,,,,,,,,,,,,,,,,,,,
4,1679,,,0.02925872802734375,0.4281005859375,16.0,1.0,1.0,1.0,1.0,1.0,1.0,1.0,1.0,0.0,0.0,0.0,0.0,0.0,0.0,0.0,0.0,0.0,27.0,1.0,0.008716776967048645,1.0,5.272560119628906,0.935546875,0.16476750373840332,0.015625,0.1650390625,0.0,1.0,0.036252107471227646,1.0,17.812442779541016,0.5009765625,0.25048828125,0.8947368264198303,0.8947368264198303,0.25048828125,0.93896484375,0.1393776535987854,0.0,0.65625,0.040900737047195435,1.0,0.002608897164463997,1.0,1.0,0.0,0.0,0.0,0.002608897164463997,,,,,,,,,,,,,,,,,,,,,,,,,,,,,,,,,,,,,,,,,,,,,,,,,,,,
4,1684,,,0.027006149291992188,0.42828369140625,16.0,1.0,1.0,1.0,1.0,1.0,1.0,1.0,1.0,0.0,0.0,0.0,0.0,0.0,0.0,0.0,0.0,0.0,27.0,1.0,0.008147692307829857,1.0,5.291839599609375,0.9249267578125,0.16536998748779297,0.015625,0.1650390625,0.0,1.0,0.03775855898857117,1.0,17.819068908691406,0.4990234375,0.2490234375,0.9215686321258545,0.9073359370231628,0.25,0.94580078125,0.14696377515792847,0.0,0.5,0.030905330553650856,1.0,0.002762921154499054,1.0,1.0,0.0,0.0,0.0,0.002762921154499054,,,,,,,,,,,,,,,,,,,,,,,,,,,,,,,,,,,,,,,,,,,,,,,,,,,,
4,1689,,,0.02608203887939453,0.426849365234375,16.0,1.0,1.0,1.0,1.0,1.0,1.0,1.0,1.0,0.0,0.0,0.0,0.0,0.0,0.0,0.0,0.0,0.0,27.0,1.0,0.008356506004929543,1.0,5.3561248779296875,0.9080810546875,0.16737890243530273,0.015625,0.1669921875,0.0,1.0,0.03538677841424942,1.0,17.841167449951172,0.498046875,0.25048828125,0.9337232112884521,0.935546875,0.24755859375,0.95361328125,0.13463805615901947,0.0,0.59375,0.037109375,1.0,0.0027675458695739508,1.0,1.0,0.0,0.0,0.0,0.0027675458695739508,,,,,,,,,,,,,,,,,,,,,,,,,,,,,,,,,,,,,,,,,,,,,,,,,,,,
4,1694,,,0.027426719665527344,0.432525634765625,16.0,1.0,1.0,1.0,1.0,1.0,1.0,1.0,1.0,0.0,0.0,0.0,0.0,0.0,0.0,0.0,0.0,0.0,27.0,1.0,0.008246470242738724,1.0,5.303565979003906,0.917724609375,0.16573643684387207,0.015625,0.166015625,0.0,1.0,0.03533713147044182,1.0,17.823101043701172,0.50439453125,0.2509765625,0.9066147804260254,0.91015625,0.25341796875,0.94677734375,0.13478396832942963,0.0,0.65625,0.041015625,1.0,0.0027180355973541737,1.0,1.0,0.0,0.0,0.0,0.0027180355973541737,,,,,,,,,,,,,,,,,,,,,,,,,,,,,,,,,,,,,,,,,,,,,,,,,,,,
,1700,530.1875990267058,8.110336808883767,,,,,,,,,,,,,,,,,,,,,,,,,,,,,,,,,,,,,,,,,,,,,,,,,,,,,,,,,,,,,,,,,,,,,,,,,,,,,,,,,,,,,,,,,,,,,,,,,,,,,,,,
4,1699,,,0.024394989013671875,0.42987060546875,16.0,1.0,1.0,1.0,1.0,1.0,1.0,1.0,1.0,0.0,0.0,0.0,0.0,0.0,0.0,0.0,0.0,0.0,27.0,1.0,0.00889955647289753,1.0,5.3469696044921875,0.8946533203125,0.16709280014038086,0.015625,0.1669921875,0.0,1.0,0.04065609350800514,1.0,17.83802032470703,0.50146484375,0.25244140625,0.914893627166748,0.923828125,0.2490234375,0.9443359375,0.15922704339027405,0.0,0.53125,0.033203125,1.0,0.003000169061124325,1.0,1.0,0.0,0.0,0.0,0.003000169061124325,,,,,,,,,,,,,,,,,,,,,,,,,,,,,,,,,,,,,,,,,,,,,,,,,,,,
4,1704,,,0.02651691436767578,0.431488037109375,16.0,1.0,1.0,1.0,1.0,1.0,1.0,1.0,1.0,0.0,0.0,0.0,0.0,0.0,0.0,0.0,0.0,0.0,27.0,1.0,0.00818716362118721,1.0,5.246185302734375,0.8970947265625,0.16394329071044922,0.015625,0.1640625,0.0,1.0,0.03521508723497391,1.0,17.803375244140625,0.4970703125,0.251953125,0.9244186282157898,0.9262135624885559,0.2451171875,0.95068359375,0.13509032130241394,0.0,0.40625,0.025390625,1.0,0.0026044207625091076,1.0,1.0,0.0,0.0,0.0,0.0026044207625091076,,,,,,,,,,,,,,,,,,,,,,,,,,,,,,,,,,,,,,,,,,,,,,,,,,,,
4,1707,,,,,,,,,,,,,,,,,,,,,,,,,,,,,,,,,,,,,,,,,,,,,,,,,,,,,,,0.020678607746958733,0.42928799986839294,16.0,1.0,1.0,1.0,1.0,1.0,1.0,1.0,1.0,0.0,0.0,0.0,0.0,0.0,0.0,0.0,0.0,0.0,27.0,1.0,0.008277139626443386,1.0,5.277809143066406,0.8991477489471436,0.1649315357208252,0.015625,0.1650390625,0.0,1.0,0.038142502307891846,1.0,17.81424331665039,0.5007102489471436,0.2535511255264282,0.9047593474388123,0.9150131344795227,0.24715909361839294,0.9424715638160706,0.14991578459739685,0.0,0.5454545617103577,0.034090910106897354,1.0,0.0025804354809224606,1.0,1.0,0.0,0.0,0.0,0.0025804354809224606
4,1709,,,0.02286243438720703,0.430938720703125,16.0,1.0,1.0,1.0,1.0,1.0,1.0,1.0,1.0,0.0,0.0,0.0,0.0,0.0,0.0,0.0,0.0,0.0,27.0,1.0,0.008353769779205322,1.0,5.252410888671875,0.9068603515625,0.1641378402709961,0.015625,0.1640625,0.0,1.0,0.03820321708917618,1.0,17.80551528930664,0.50244140625,0.25439453125,0.9040306806564331,0.9163424372673035,0.248046875,0.93896484375,0.15017685294151306,0.0,0.53125,0.03297334536910057,1.0,0.002570137847214937,1.0,1.0,0.0,0.0,0.0,0.002570137847214937,,,,,,,,,,,,,,,,,,,,,,,,,,,,,,,,,,,,,,,,,,,,,,,,,,,,
4,1714,,,0.028680801391601562,0.4259033203125,16.0,1.0,1.0,1.0,1.0,1.0,1.0,1.0,1.0,0.0,0.0,0.0,0.0,0.0,0.0,0.0,0.0,0.0,27.0,1.0,0.008140766993165016,1.0,5.295265197753906,0.9305419921875,0.16547703742980957,0.015625,0.1650390625,0.0,1.0,0.05384279415011406,1.0,17.820247650146484,0.5,0.25146484375,0.8563106656074524,0.859649121761322,0.24853515625,0.9072265625,0.22785356640815735,0.0,0.8125,0.05078125,1.0,0.002654183190315962,1.0,1.0,0.0,0.0,0.0,0.002654183190315962,,,,,,,,,,,,,,,,,,,,,,,,,,,,,,,,,,,,,,,,,,,,,,,,,,,,
4,1719,,,0.02666759490966797,0.427398681640625,16.0,1.0,1.0,1.0,1.0,1.0,1.0,1.0,1.0,0.0,0.0,0.0,0.0,0.0,0.0,0.0,0.0,0.0,27.0,1.0,0.009074568748474121,1.0,5.3144683837890625,0.8701171875,0.1660771369934082,0.015625,0.166015625,0.0,1.0,0.055315934121608734,1.0,17.82684898376465,0.50634765625,0.25048828125,0.8693957328796387,0.8677042722702026,0.255859375,0.90966796875,0.23310676217079163,0.0,0.375,0.023322610184550285,1.0,0.002832846250385046,1.0,1.0,0.0,0.0,0.0,0.002832846250385046,,,,,,,,,,,,,,,,,,,,,,,,,,,,,,,,,,,,,,,,,,,,,,,,,,,,
4,1724,,,0.02868938446044922,0.433380126953125,16.0,1.0,1.0,1.0,1.0,1.0,1.0,1.0,1.0,0.0,0.0,0.0,0.0,0.0,0.0,0.0,0.0,0.0,27.0,1.0,0.008948801085352898,1.0,5.2400054931640625,0.8780517578125,0.16375017166137695,0.015625,0.1640625,0.0,1.0,0.0419209860265255,1.0,17.801252365112305,0.49658203125,0.2578125,0.8882575631141663,0.9124513864517212,0.23876953125,0.93505859375,0.1671837419271469,0.0,0.625,0.0390625,1.0,0.00267950352281332,1.0,1.0,0.0,0.0,0.0,0.00267950352281332,,,,,,,,,,,,,,,,,,,,,,,,,,,,,,,,,,,,,,,,,,,,,,,,,,,,
4,1729,,,0.028095245361328125,0.42938232421875,16.0,1.0,1.0,1.0,1.0,1.0,1.0,1.0,1.0,0.0,0.0,0.0,0.0,0.0,0.0,0.0,0.0,0.0,27.0,1.0,0.008622698485851288,1.0,5.230278015136719,0.9307861328125,0.16344618797302246,0.015625,0.1630859375,0.0,1.0,0.04493527114391327,1.0,17.797908782958984,0.49560546875,0.2568359375,0.8802281618118286,0.904296875,0.23876953125,0.92919921875,0.18305978178977966,0.0,0.75,0.046875,1.0,0.0026213075034320354,1.0,1.0,0.0,0.0,0.0,0.0026213075034320354,,,,,,,,,,,,,,,,,,,,,,,,,,,,,,,,,,,,,,,,,,,,,,,,,,,,
4,1734,,,0.024477005004882812,0.43231201171875,16.0,1.0,1.0,1.0,1.0,1.0,1.0,1.0,1.0,0.0,0.0,0.0,0.0,0.0,0.0,0.0,0.0,0.0,27.0,1.0,0.008228739723563194,1.0,5.155204772949219,0.9052734375,0.16110014915466309,0.015625,0.1611328125,0.0,1.0,0.039501458406448364,1.0,17.77210235595703,0.50048828125,0.24755859375,0.9151873588562012,0.9027237296104431,0.2529296875,0.94140625,0.15707722306251526,0.0,0.46875,0.02906709536910057,1.0,0.002564453287050128,1.0,1.0,0.0,0.0,0.0,0.002564453287050128,,,,,,,,,,,,,,,,,,,,,,,,,,,,,,,,,,,,,,,,,,,,,,,,,,,,
4,1739,,,0.02558612823486328,0.428619384765625,16.0,1.0,1.0,1.0,1.0,1.0,1.0,1.0,1.0,0.0,0.0,0.0,0.0,0.0,0.0,0.0,0.0,0.0,27.0,1.0,0.008601322770118713,1.0,5.2353515625,0.9063720703125,0.163604736328125,0.015625,0.1640625,0.0,1.0,0.042206838726997375,1.0,17.799652099609375,0.4931640625,0.2578125,0.8901515007019043,0.91796875,0.2353515625,0.93359375,0.1692763864994049,0.0,0.375,0.0234375,1.0,0.0026647287886589766,1.0,1.0,0.0,0.0,0.0,0.0026647287886589766,,,,,,,,,,,,,,,,,,,,,,,,,,,,,,,,,,,,,,,,,,,,,,,,,,,,
4,1744,,,0.02546977996826172,0.432342529296875,16.0,1.0,1.0,1.0,1.0,1.0,1.0,1.0,1.0,0.0,0.0,0.0,0.0,0.0,0.0,0.0,0.0,0.0,27.0,1.0,0.00825629010796547,1.0,5.093719482421875,0.9105224609375,0.1591787338256836,0.015625,0.1591796875,0.0,1.0,0.04145224764943123,1.0,17.750965118408203,0.49609375,0.2578125,0.9090909361839294,0.9375,0.23828125,0.94091796875,0.166209876537323,0.0,0.46875,0.029296875,1.0,0.0027024156879633665,1.0,1.0,0.0,0.0,0.0,0.0027024156879633665,,,,,,,,,,,,,,,,,,,,,,,,,,,,,,,,,,,,,,,,,,,,,,,,,,,,
4,1749,,,0.034058570861816406,0.422698974609375,16.0,1.0,1.0,1.0,1.0,1.0,1.0,1.0,1.0,0.0,0.0,0.0,0.0,0.0,0.0,0.0,0.0,0.0,27.0,1.0,0.010813826695084572,1.0,5.3439788818359375,0.92724609375,0.16699934005737305,0.015625,0.1669921875,0.0,1.0,0.060776494443416595,1.0,17.836992263793945,0.49853515625,0.2529296875,0.8474903702735901,0.857421875,0.24560546875,0.91162109375,0.2529095411300659,0.0,0.78125,0.048828125,1.0,0.003808867884799838,1.0,1.0,0.0,0.0,0.0,0.003808867884799838,,,,,,,,,,,,,,,,,,,,,,,,,,,,,,,,,,,,,,,,,,,,,,,,,,,,
4,1754,,,0.02727794647216797,0.429473876953125,16.0,1.0,1.0,1.0,1.0,1.0,1.0,1.0,1.0,0.0,0.0,0.0,0.0,0.0,0.0,0.0,0.0,0.0,27.0,1.0,0.008658260107040405,1.0,5.080909729003906,0.903076171875,0.15877842903137207,0.015625,0.1591796875,0.0,1.0,0.0380047932267189,1.0,17.746562957763672,0.501953125,0.25732421875,0.9146109819412231,0.9395711421966553,0.24462890625,0.94921875,0.1480552703142166,0.0,0.4375,0.027228860184550285,1.0,0.0027673072181642056,1.0,1.0,0.0,0.0,0.0,0.0027673072181642056,,,,,,,,,,,,,,,,,,,,,,,,,,,,,,,,,,,,,,,,,,,,,,,,,,,,
4,1759,,,0.027942657470703125,0.43389892578125,16.0,1.0,1.0,1.0,1.0,1.0,1.0,1.0,1.0,0.0,0.0,0.0,0.0,0.0,0.0,0.0,0.0,0.0,27.0,1.0,0.007446305826306343,1.0,5.133186340332031,0.8887939453125,0.16041207313537598,0.015625,0.16015625,0.0,1.0,0.04003850743174553,1.0,17.7645320892334,0.49560546875,0.25146484375,0.9029126167297363,0.9064327478408813,0.244140625,0.94384765625,0.1628405749797821,0.0,0.40625,0.025275735184550285,1.0,0.002125042723491788,1.0,1.0,0.0,0.0,0.0,0.002125042723491788,,,,,,,,,,,,,,,,,,,,,,,,,,,,,,,,,,,,,,,,,,,,,,,,,,,,
5,1764,,,0.024707794189453125,0.42742919921875,16.0,1.0,1.0,1.0,1.0,1.0,1.0,1.0,1.0,0.0,0.0,0.0,0.0,0.0,0.0,0.0,0.0,0.0,27.0,1.0,0.008824396878480911,1.0,5.168037414550781,0.93310546875,0.16150116920471191,0.015625,0.1611328125,0.0,1.0,0.03727570176124573,1.0,17.776512145996094,0.50048828125,0.25439453125,0.9136276245117188,0.9278752207756042,0.24609375,0.94873046875,0.14461535215377808,0.0,0.65625,0.040900737047195435,1.0,0.0026798518374562263,1.0,1.0,0.0,0.0,0.0,0.0026798518374562263,,,,,,,,,,,,,,,,,,,,,,,,,,,,,,,,,,,,,,,,,,,,,,,,,,,,
5,1769,,,0.02591705322265625,0.427490234375,16.0,1.0,1.0,1.0,1.0,1.0,1.0,1.0,1.0,0.0,0.0,0.0,0.0,0.0,0.0,0.0,0.0,0.0,27.0,1.0,0.00891597755253315,1.0,5.314964294433594,0.922607421875,0.1660926342010498,0.015625,0.166015625,0.0,1.0,0.045944809913635254,1.0,17.82701873779297,0.5009765625,0.25048828125,0.892787516117096,0.8875969052314758,0.25048828125,0.9296875,0.18724343180656433,0.0,0.71875,0.04457720369100571,1.0,0.0026815433520823717,1.0,1.0,0.0,0.0,0.0,0.0026815433520823717,,,,,,,,,,,,,,,,,,,,,,,,,,,,,,,,,,,,,,,,,,,,,,,,,,,,
5,1774,,,0.02496814727783203,0.431304931640625,16.0,1.0,1.0,1.0,1.0,1.0,1.0,1.0,1.0,0.0,0.0,0.0,0.0,0.0,0.0,0.0,0.0,0.0,27.0,1.0,0.008238045498728752,1.0,5.245018005371094,0.9019775390625,0.16390681266784668,0.015625,0.1640625,0.0,1.0,0.03940378129482269,1.0,17.802974700927734,0.49853515625,0.25,0.90625,0.9027237296104431,0.24853515625,0.93408203125,0.1559503823518753,0.0,0.4375,0.02711397036910057,1.0,0.0026238709688186646,1.0,1.0,0.0,0.0,0.0,0.0026238709688186646,,,,,,,,,,,,,,,,,,,,,,,,,,,,,,,,,,,,,,,,,,,,,,,,,,,,
5,1779,,,0.026328086853027344,0.423980712890625,16.0,1.0,1.0,1.0,1.0,1.0,1.0,1.0,1.0,0.0,0.0,0.0,0.0,0.0,0.0,0.0,0.0,0.0,27.0,1.0,0.008233053609728813,1.0,5.108726501464844,0.9228515625,0.15964770317077637,0.015625,0.1591796875,0.0,1.0,0.04015037417411804,1.0,17.75612449645996,0.49951171875,0.2509765625,0.929961085319519,0.93359375,0.24853515625,0.95263671875,0.16098840534687042,0.0,0.53125,0.033203125,1.0,0.0024420637637376785,1.0,1.0,0.0,0.0,0.0,0.0024420637637376785,,,,,,,,,,,,,,,,,,,,,,,,,,,,,,,,,,,,,,,,,,,,,,,,,,,,
5,1784,,,0.025847434997558594,0.430999755859375,16.0,1.0,1.0,1.0,1.0,1.0,1.0,1.0,1.0,0.0,0.0,0.0,0.0,0.0,0.0,0.0,0.0,0.0,27.0,1.0,0.00849016010761261,1.0,5.284233093261719,0.9208984375,0.1651322841644287,0.015625,0.1650390625,0.0,1.0,0.047112323343753815,1.0,17.816455841064453,0.49609375,0.2587890625,0.8792452812194824,0.9083820581436157,0.2373046875,0.92333984375,0.1945057511329651,0.0,0.6875,0.042853862047195435,1.0,0.0025342623703181744,1.0,1.0,0.0,0.0,0.0,0.0025342623703181744,,,,,,,,,,,,,,,,,,,,,,,,,,,,,,,,,,,,,,,,,,,,,,,,,,,,
5,1789,,,0.028333663940429688,0.42669677734375,16.0,1.0,1.0,1.0,1.0,1.0,1.0,1.0,1.0,0.0,0.0,0.0,0.0,0.0,0.0,0.0,0.0,0.0,27.0,1.0,0.00769275426864624,1.0,5.269767761230469,0.932861328125,0.16468024253845215,0.015625,0.1650390625,0.0,1.0,0.03897919878363609,1.0,17.81148338317871,0.4990234375,0.2578125,0.8825757503509521,0.91015625,0.2412109375,0.9375,0.15567636489868164,0.0,0.5625,0.03515625,1.0,0.002341500949114561,1.0,1.0,0.0,0.0,0.0,0.002341500949114561,,,,,,,,,,,,,,,,,,,,,,,,,,,,,,,,,,,,,,,,,,,,,,,,,,,,
5,1794,,,0.023725509643554688,0.43072509765625,16.0,1.0,1.0,1.0,1.0,1.0,1.0,1.0,1.0,0.0,0.0,0.0,0.0,0.0,0.0,0.0,0.0,0.0,27.0,1.0,0.008426383137702942,1.0,5.0964508056640625,0.919677734375,0.15926408767700195,0.015625,0.1591796875,0.0,1.0,0.04687094688415527,1.0,17.75190544128418,0.50390625,0.26318359375,0.8571428656578064,0.895348846912384,0.24072265625,0.92626953125,0.1945081353187561,0.0,0.71875,0.04446231573820114,1.0,0.002436381299048662,1.0,1.0,0.0,0.0,0.0,0.002436381299048662,,,,,,,,,,,,,,,,,,,,,,,,,,,,,,,,,,,,,,,,,,,,,,,,,,,,
,1800,522.9475827123333,8.031397675109563,,,,,,,,,,,,,,,,,,,,,,,,,,,,,,,,,,,,,,,,,,,,,,,,,,,,,,,,,,,,,,,,,,,,,,,,,,,,,,,,,,,,,,,,,,,,,,,,,,,,,,,,
5,1799,,,0.02378082275390625,0.430908203125,16.0,1.0,1.0,1.0,1.0,1.0,1.0,1.0,1.0,0.0,0.0,0.0,0.0,0.0,0.0,0.0,0.0,0.0,27.0,1.0,0.00979137048125267,1.0,5.125701904296875,0.9151611328125,0.16017818450927734,0.015625,0.16015625,0.0,1.0,0.03730334714055061,1.0,17.761959075927734,0.5078125,0.2548828125,0.9118773937225342,0.9296875,0.2529296875,0.9462890625,0.14212864637374878,0.0,0.65625,0.041015625,1.0,0.002987622981891036,1.0,1.0,0.0,0.0,0.0,0.002987622981891036,,,,,,,,,,,,,,,,,,,,,,,,,,,,,,,,,,,,,,,,,,,,,,,,,,,,
5,1804,,,0.031060218811035156,0.432342529296875,16.0,1.0,1.0,1.0,1.0,1.0,1.0,1.0,1.0,0.0,0.0,0.0,0.0,0.0,0.0,0.0,0.0,0.0,27.0,1.0,0.0075112637132406235,1.0,5.062355041503906,0.9300537109375,0.15819859504699707,0.015625,0.158203125,0.0,1.0,0.040877360850572586,1.0,17.740184783935547,0.50146484375,0.251953125,0.893410861492157,0.900390625,0.24951171875,0.93798828125,0.16629862785339355,0.0,0.6875,0.04296875,1.0,0.0022706473246216774,1.0,1.0,0.0,0.0,0.0,0.0022706473246216774,,,,,,,,,,,,,,,,,,,,,,,,,,,,,,,,,,,,,,,,,,,,,,,,,,,,
5,1809,,,0.02581310272216797,0.427154541015625,16.0,1.0,1.0,1.0,1.0,1.0,1.0,1.0,1.0,0.0,0.0,0.0,0.0,0.0,0.0,0.0,0.0,0.0,27.0,1.0,0.008801175281405449,1.0,5.1067657470703125,0.91845703125,0.15958642959594727,0.015625,0.1591796875,0.0,1.0,0.042077578604221344,1.0,17.755451202392578,0.49853515625,0.26171875,0.8675373196601868,0.9029126167297363,0.23681640625,0.927734375,0.1688794493675232,0.0,0.59375,0.03676470369100571,1.0,0.002654176903888583,1.0,1.0,0.0,0.0,0.0,0.002654176903888583,,,,,,,,,,,,,,,,,,,,,,,,,,,,,,,,,,,,,,,,,,,,,,,,,,,,
5,1814,,,0.02891826629638672,0.427825927734375,16.0,1.0,1.0,1.0,1.0,1.0,1.0,1.0,1.0,0.0,0.0,0.0,0.0,0.0,0.0,0.0,0.0,0.0,27.0,1.0,0.008534008637070656,1.0,5.0300750732421875,0.933837890625,0.15718984603881836,0.015625,0.1572265625,0.0,1.0,0.045497551560401917,1.0,17.729087829589844,0.50537109375,0.2587890625,0.8660377264022827,0.896484375,0.24658203125,0.92333984375,0.186221182346344,0.0,0.65625,0.041015625,1.0,0.0026873182505369186,1.0,1.0,0.0,0.0,0.0,0.0026873182505369186,,,,,,,,,,,,,,,,,,,,,,,,,,,,,,,,,,,,,,,,,,,,,,,,,,,,
5,1819,,,0.026610374450683594,0.428619384765625,16.0,1.0,1.0,1.0,1.0,1.0,1.0,1.0,1.0,0.0,0.0,0.0,0.0,0.0,0.0,0.0,0.0,0.0,27.0,1.0,0.009075703099370003,1.0,4.996795654296875,0.9151611328125,0.15614986419677734,0.015625,0.15625,0.0,1.0,0.04132072255015373,1.0,17.717647552490234,0.5029296875,0.24658203125,0.895049512386322,0.8828125,0.25634765625,0.93017578125,0.16424669325351715,0.0,0.46875,0.029296875,1.0,0.0028083024080842733,1.0,1.0,0.0,0.0,0.0,0.0028083024080842733,,,,,,,,,,,,,,,,,,,,,,,,,,,,,,,,,,,,,,,,,,,,,,,,,,,,
5,1824,,,0.02533245086669922,0.424652099609375,16.0,1.0,1.0,1.0,1.0,1.0,1.0,1.0,1.0,0.0,0.0,0.0,0.0,0.0,0.0,0.0,0.0,0.0,27.0,1.0,0.008926242589950562,1.0,5.018402099609375,0.9293212890625,0.15682506561279297,0.015625,0.1572265625,0.0,1.0,0.04371628910303116,1.0,17.725074768066406,0.501953125,0.24951171875,0.9001957178115845,0.8984375,0.25244140625,0.92724609375,0.17654889822006226,0.0,0.53125,0.033203125,1.0,0.0027783147525042295,1.0,1.0,0.0,0.0,0.0,0.0027783147525042295,,,,,,,,,,,,,,,,,,,,,,,,,,,,,,,,,,,,,,,,,,,,,,,,,,,,
5,1829,,,0.02964019775390625,0.43048095703125,16.0,1.0,1.0,1.0,1.0,1.0,1.0,1.0,1.0,0.0,0.0,0.0,0.0,0.0,0.0,0.0,0.0,0.0,27.0,1.0,0.00799294002354145,1.0,5.1088104248046875,0.9417724609375,0.15965032577514648,0.015625,0.1591796875,0.0,1.0,0.04109013080596924,1.0,17.756153106689453,0.50048828125,0.248046875,0.9035432934761047,0.896484375,0.25244140625,0.93505859375,0.16401883959770203,0.0,0.78125,0.048828125,1.0,0.002802634611725807,1.0,1.0,0.0,0.0,0.0,0.002802634611725807,,,,,,,,,,,,,,,,,,,,,,,,,,,,,,,,,,,,,,,,,,,,,,,,,,,,
5,1834,,,0.026412010192871094,0.424163818359375,16.0,1.0,1.0,1.0,1.0,1.0,1.0,1.0,1.0,0.0,0.0,0.0,0.0,0.0,0.0,0.0,0.0,0.0,27.0,1.0,0.007424073293805122,1.0,4.9960174560546875,0.9420166015625,0.15612554550170898,0.015625,0.15625,0.0,1.0,0.04149165377020836,1.0,17.71738052368164,0.50341796875,0.24658203125,0.893069326877594,0.880859375,0.2568359375,0.9306640625,0.1695365309715271,0.0,0.53125,0.033203125,1.0,0.0023361595813184977,1.0,1.0,0.0,0.0,0.0,0.0023361595813184977,,,,,,,,,,,,,,,,,,,,,,,,,,,,,,,,,,,,,,,,,,,,,,,,,,,,
5,1839,,,0.028879165649414062,0.42706298828125,16.0,1.0,1.0,1.0,1.0,1.0,1.0,1.0,1.0,0.0,0.0,0.0,0.0,0.0,0.0,0.0,0.0,0.0,27.0,1.0,0.008456967771053314,1.0,5.04278564453125,0.930419921875,0.15758705139160156,0.015625,0.1572265625,0.0,1.0,0.03928733244538307,1.0,17.733457565307617,0.49951171875,0.25732421875,0.9051233530044556,0.9280155897140503,0.2421875,0.943359375,0.15550732612609863,0.0,0.5,0.03125,1.0,0.002639523707330227,1.0,1.0,0.0,0.0,0.0,0.002639523707330227,,,,,,,,,,,,,,,,,,,,,,,,,,,,,,,,,,,,,,,,,,,,,,,,,,,,
5,1844,,,0.03221607208251953,0.430023193359375,16.0,1.0,1.0,1.0,1.0,1.0,1.0,1.0,1.0,0.0,0.0,0.0,0.0,0.0,0.0,0.0,0.0,0.0,27.0,1.0,0.0064838118851184845,1.0,4.848655700683594,0.9388427734375,0.1515204906463623,0.015625,0.1513671875,0.0,1.0,0.032111212611198425,1.0,17.666725158691406,0.49609375,0.25146484375,0.9106796383857727,0.916015625,0.24462890625,0.94677734375,0.1259605437517166,0.0,0.8125,0.05078125,1.0,0.00195474736392498,1.0,1.0,0.0,0.0,0.0,0.00195474736392498,,,,,,,,,,,,,,,,,,,,,,,,,,,,,,,,,,,,,,,,,,,,,,,,,,,,
5,1849,,,0.025796890258789062,0.42742919921875,16.0,1.0,1.0,1.0,1.0,1.0,1.0,1.0,1.0,0.0,0.0,0.0,0.0,0.0,0.0,0.0,0.0,0.0,27.0,1.0,0.007548736408352852,1.0,4.873191833496094,0.91748046875,0.15228724479675293,0.015625,0.15234375,0.0,1.0,0.03710627555847168,1.0,17.675159454345703,0.5009765625,0.25341796875,0.9210019111633301,0.929961085319519,0.24755859375,0.94873046875,0.14782226085662842,0.0,0.8125,0.05055147036910057,1.0,0.002344913315027952,1.0,1.0,0.0,0.0,0.0,0.002344913315027952,,,,,,,,,,,,,,,,,,,,,,,,,,,,,,,,,,,,,,,,,,,,,,,,,,,,
5,1854,,,0.02881336212158203,0.423553466796875,16.0,1.0,1.0,1.0,1.0,1.0,1.0,1.0,1.0,0.0,0.0,0.0,0.0,0.0,0.0,0.0,0.0,0.0,27.0,1.0,0.007121751084923744,1.0,4.814727783203125,0.9420166015625,0.15046024322509766,0.015625,0.150390625,0.0,1.0,0.03428534418344498,1.0,17.65506362915039,0.5,0.2431640625,0.9377509951591492,0.912109375,0.2568359375,0.95703125,0.13486620783805847,0.0,0.71875,0.044921875,1.0,0.0022375485859811306,1.0,1.0,0.0,0.0,0.0,0.0022375485859811306,,,,,,,,,,,,,,,,,,,,,,,,,,,,,,,,,,,,,,,,,,,,,,,,,,,,
5,1859,,,0.02915668487548828,0.422576904296875,16.0,1.0,1.0,1.0,1.0,1.0,1.0,1.0,1.0,0.0,0.0,0.0,0.0,0.0,0.0,0.0,0.0,0.0,27.0,1.0,0.007530262693762779,1.0,4.8898468017578125,0.9288330078125,0.15280771255493164,0.015625,0.15234375,0.0,1.0,0.036943469196558,1.0,17.680885314941406,0.50244140625,0.25634765625,0.8971428275108337,0.919921875,0.24609375,0.943359375,0.14586535096168518,0.0,0.6875,0.04296875,1.0,0.0025445097126066685,1.0,1.0,0.0,0.0,0.0,0.0025445097126066685,,,,,,,,,,,,,,,,,,,,,,,,,,,,,,,,,,,,,,,,,,,,,,,,,,,,
5,1864,,,0.025180816650390625,0.42041015625,16.0,1.0,1.0,1.0,1.0,1.0,1.0,1.0,1.0,0.0,0.0,0.0,0.0,0.0,0.0,0.0,0.0,0.0,27.0,1.0,0.008288918063044548,1.0,4.7543792724609375,0.948974609375,0.1485743522644043,0.015625,0.1484375,0.0,1.0,0.04600328579545021,1.0,17.63431739807129,0.49755859375,0.24853515625,0.9056974649429321,0.8951456546783447,0.2490234375,0.93505859375,0.19033432006835938,0.0,0.8125,0.05043657869100571,1.0,0.0026369194965809584,1.0,1.0,0.0,0.0,0.0,0.0026369194965809584,,,,,,,,,,,,,,,,,,,,,,,,,,,,,,,,,,,,,,,,,,,,,,,,,,,,
5,1869,,,0.03028106689453125,0.4228515625,16.0,1.0,1.0,1.0,1.0,1.0,1.0,1.0,1.0,0.0,0.0,0.0,0.0,0.0,0.0,0.0,0.0,0.0,27.0,1.0,0.007682992145419121,1.0,4.703086853027344,0.9478759765625,0.1469714641571045,0.015625,0.146484375,0.0,1.0,0.04036752134561539,1.0,17.61668586730957,0.501953125,0.2548828125,0.8908045887947083,0.9029126167297363,0.2470703125,0.93994140625,0.16416014730930328,0.0,0.75,0.04653032869100571,1.0,0.0023822432849556208,1.0,1.0,0.0,0.0,0.0,0.0023822432849556208,,,,,,,,,,,,,,,,,,,,,,,,,,,,,,,,,,,,,,,,,,,,,,,,,,,,
5,1874,,,0.02399921417236328,0.424591064453125,16.0,1.0,1.0,1.0,1.0,1.0,1.0,1.0,1.0,0.0,0.0,0.0,0.0,0.0,0.0,0.0,0.0,0.0,27.0,1.0,0.007257318124175072,1.0,4.7628936767578125,0.940185546875,0.14884042739868164,0.015625,0.1484375,0.0,1.0,0.04159140586853027,1.0,17.637245178222656,0.5009765625,0.24462890625,0.9041916131973267,0.884765625,0.25634765625,0.935546875,0.17061738669872284,0.0,0.84375,0.052734375,1.0,0.0024381447583436966,1.0,1.0,0.0,0.0,0.0,0.0024381447583436966,,,,,,,,,,,,,,,,,,,,,,,,,,,,,,,,,,,,,,,,,,,,,,,,,,,,
5,1879,,,0.028954505920410156,0.427642822265625,16.0,1.0,1.0,1.0,1.0,1.0,1.0,1.0,1.0,0.0,0.0,0.0,0.0,0.0,0.0,0.0,0.0,0.0,27.0,1.0,0.007812159135937691,1.0,4.7306671142578125,0.9246826171875,0.14783334732055664,0.015625,0.1474609375,0.0,1.0,0.03730393573641777,1.0,17.62616729736328,0.501953125,0.2470703125,0.9308300614356995,0.919921875,0.2548828125,0.9541015625,0.14787060022354126,0.0,0.71875,0.044921875,1.0,0.002542284782975912,1.0,1.0,0.0,0.0,0.0,0.002542284782975912,,,,,,,,,,,,,,,,,,,,,,,,,,,,,,,,,,,,,,,,,,,,,,,,,,,,
5,1884,,,0.025328636169433594,0.423614501953125,16.0,1.0,1.0,1.0,1.0,1.0,1.0,1.0,1.0,0.0,0.0,0.0,0.0,0.0,0.0,0.0,0.0,0.0,27.0,1.0,0.00666235014796257,1.0,4.669120788574219,0.9273681640625,0.14591002464294434,0.015625,0.1455078125,0.0,1.0,0.037266552448272705,1.0,17.605010986328125,0.50439453125,0.240234375,0.9268292784690857,0.8854368925094604,0.26416015625,0.9365234375,0.15153947472572327,0.0,0.625,0.03871782869100571,1.0,0.002125354018062353,1.0,1.0,0.0,0.0,0.0,0.002125354018062353,,,,,,,,,,,,,,,,,,,,,,,,,,,,,,,,,,,,,,,,,,,,,,,,,,,,
5,1889,,,0.03850269317626953,0.420867919921875,16.0,1.0,1.0,1.0,1.0,1.0,1.0,1.0,1.0,0.0,0.0,0.0,0.0,0.0,0.0,0.0,0.0,0.0,27.0,1.0,0.006886254996061325,1.0,4.676048278808594,0.9473876953125,0.14612650871276855,0.015625,0.146484375,0.0,1.0,0.03114694356918335,1.0,17.607391357421875,0.50341796875,0.26123046875,0.9121495485305786,0.9457364082336426,0.2421875,0.955078125,0.11996932327747345,0.0,0.75,0.04641544073820114,1.0,0.002116801217198372,1.0,1.0,0.0,0.0,0.0,0.002116801217198372,,,,,,,,,,,,,,,,,,,,,,,,,,,,,,,,,,,,,,,,,,,,,,,,,,,,
5,1894,,,0.02580547332763672,0.422943115234375,16.0,1.0,1.0,1.0,1.0,1.0,1.0,1.0,1.0,0.0,0.0,0.0,0.0,0.0,0.0,0.0,0.0,0.0,27.0,1.0,0.006277952343225479,1.0,4.540519714355469,0.9427490234375,0.1418912410736084,0.015625,0.1416015625,0.0,1.0,0.035899512469768524,1.0,17.56080436706543,0.5,0.2470703125,0.9249011874198914,0.9140625,0.2529296875,0.9462890625,0.14569881558418274,0.0,0.78125,0.048828125,1.0,0.002094070892781019,1.0,1.0,0.0,0.0,0.0,0.002094070892781019,,,,,,,,,,,,,,,,,,,,,,,,,,,,,,,,,,,,,,,,,,,,,,,,,,,,
,1900,508.39917817873686,8.064529165227272,,,,,,,,,,,,,,,,,,,,,,,,,,,,,,,,,,,,,,,,,,,,,,,,,,,,,,,,,,,,,,,,,,,,,,,,,,,,,,,,,,,,,,,,,,,,,,,,,,,,,,,,
5,1899,,,0.028410911560058594,0.420135498046875,16.0,1.0,1.0,1.0,1.0,1.0,1.0,1.0,1.0,0.0,0.0,0.0,0.0,0.0,0.0,0.0,0.0,0.0,27.0,1.0,0.00599312037229538,1.0,4.493568420410156,0.9432373046875,0.14042401313781738,0.015625,0.140625,0.0,1.0,0.030485598370432854,1.0,17.54466438293457,0.50146484375,0.25341796875,0.9171483516693115,0.9296875,0.248046875,0.955078125,0.11965672671794891,0.0,0.84375,0.052734375,1.0,0.001964247552677989,1.0,1.0,0.0,0.0,0.0,0.001964247552677989,,,,,,,,,,,,,,,,,,,,,,,,,,,,,,,,,,,,,,,,,,,,,,,,,,,,
5,1904,,,0.025897979736328125,0.420166015625,16.0,1.0,1.0,1.0,1.0,1.0,1.0,1.0,1.0,0.0,0.0,0.0,0.0,0.0,0.0,0.0,0.0,0.0,27.0,1.0,0.006163261830806732,1.0,4.456855773925781,0.9466552734375,0.13927674293518066,0.015625,0.1396484375,0.0,1.0,0.03224693983793259,1.0,17.53204345703125,0.5009765625,0.25390625,0.9346153736114502,0.9455252885818481,0.2470703125,0.958984375,0.1280742585659027,0.0,0.8125,0.05055147036910057,1.0,0.0020399363711476326,1.0,1.0,0.0,0.0,0.0,0.0020399363711476326,,,,,,,,,,,,,,,,,,,,,,,,,,,,,,,,,,,,,,,,,,,,,,,,,,,,
5,1909,,,0.024263381958007812,0.42681884765625,16.0,1.0,1.0,1.0,1.0,1.0,1.0,1.0,1.0,0.0,0.0,0.0,0.0,0.0,0.0,0.0,0.0,0.0,27.0,1.0,0.006231954321265221,1.0,4.397209167480469,0.9361572265625,0.13741278648376465,0.015625,0.1376953125,0.0,1.0,0.03533992916345596,1.0,17.51154136657715,0.4990234375,0.25390625,0.9307692050933838,0.9416342377662659,0.2451171875,0.955078125,0.14337158203125,0.0,0.71875,0.04469209536910057,1.0,0.002118408214300871,1.0,1.0,0.0,0.0,0.0,0.002118408214300871,,,,,,,,,,,,,,,,,,,,,,,,,,,,,,,,,,,,,,,,,,,,,,,,,,,,
5,1914,,,0.02646350860595703,0.424713134765625,16.0,1.0,1.0,1.0,1.0,1.0,1.0,1.0,1.0,0.0,0.0,0.0,0.0,0.0,0.0,0.0,0.0,0.0,27.0,1.0,0.007370730862021446,1.0,4.34417724609375,0.93212890625,0.1357555389404297,0.015625,0.1357421875,0.0,1.0,0.03161351755261421,1.0,17.493310928344727,0.5,0.25439453125,0.93282151222229,0.94921875,0.24560546875,0.9580078125,0.12337595224380493,0.0,0.6875,0.04296875,1.0,0.002114944625645876,1.0,1.0,0.0,0.0,0.0,0.002114944625645876,,,,,,,,,,,,,,,,,,,,,,,,,,,,,,,,,,,,,,,,,,,,,,,,,,,,
5,1919,,,0.030931472778320312,0.42864990234375,16.0,1.0,1.0,1.0,1.0,1.0,1.0,1.0,1.0,0.0,0.0,0.0,0.0,0.0,0.0,0.0,0.0,0.0,27.0,1.0,0.005874078720808029,1.0,4.2779693603515625,0.948974609375,0.13368654251098633,0.015625,0.1337890625,0.0,1.0,0.031832173466682434,1.0,17.470552444458008,0.50390625,0.24560546875,0.942345917224884,0.9186046719551086,0.25830078125,0.95654296875,0.12622800469398499,0.0,0.84375,0.05227481573820114,1.0,0.002138451673090458,1.0,1.0,0.0,0.0,0.0,0.002138451673090458,,,,,,,,,,,,,,,,,,,,,,,,,,,,,,,,,,,,,,,,,,,,,,,,,,,,
5,1924,,,0.026210784912109375,0.4315185546875,16.0,1.0,1.0,1.0,1.0,1.0,1.0,1.0,1.0,0.0,0.0,0.0,0.0,0.0,0.0,0.0,0.0,0.0,27.0,1.0,0.005785446614027023,1.0,4.235557556152344,0.927978515625,0.13236117362976074,0.015625,0.1328125,0.0,1.0,0.034886330366134644,1.0,17.45597267150879,0.49658203125,0.2568359375,0.9163498282432556,0.94140625,0.23974609375,0.94970703125,0.14300820231437683,0.0,0.65625,0.041015625,1.0,0.0019211922772228718,1.0,1.0,0.0,0.0,0.0,0.0019211922772228718,,,,,,,,,,,,,,,,,,,,,,,,,,,,,,,,,,,,,,,,,,,,,,,,,,,,
5,1929,,,0.029893875122070312,0.42340087890625,16.0,1.0,1.0,1.0,1.0,1.0,1.0,1.0,1.0,0.0,0.0,0.0,0.0,0.0,0.0,0.0,0.0,0.0,27.0,1.0,0.006776729598641396,1.0,4.293121337890625,0.95703125,0.13416004180908203,0.015625,0.1337890625,0.0,1.0,0.047864992171525955,1.0,17.47576141357422,0.50732421875,0.2587890625,0.8735849261283875,0.8990291357040405,0.24853515625,0.9248046875,0.20488964021205902,0.0,0.875,0.05434282869100571,1.0,0.0022236541844904423,1.0,1.0,0.0,0.0,0.0,0.0022236541844904423,,,,,,,,,,,,,,,,,,,,,,,,,,,,,,,,,,,,,,,,,,,,,,,,,,,,
5,1934,,,0.024738311767578125,0.42706298828125,16.0,1.0,1.0,1.0,1.0,1.0,1.0,1.0,1.0,0.0,0.0,0.0,0.0,0.0,0.0,0.0,0.0,0.0,27.0,1.0,0.005948761478066444,1.0,4.142127990722656,0.9404296875,0.129441499710083,0.015625,0.1298828125,0.0,1.0,0.03808628395199776,1.0,17.423856735229492,0.5009765625,0.2470703125,0.926877498626709,0.9106796383857727,0.25390625,0.94775390625,0.157737597823143,0.0,0.75,0.04653032869100571,1.0,0.0022101961076259613,1.0,1.0,0.0,0.0,0.0,0.0022101961076259613,,,,,,,,,,,,,,,,,,,,,,,,,,,,,,,,,,,,,,,,,,,,,,,,,,,,
5,1939,,,0.0268096923828125,0.42236328125,16.0,1.0,1.0,1.0,1.0,1.0,1.0,1.0,1.0,0.0,0.0,0.0,0.0,0.0,0.0,0.0,0.0,0.0,27.0,1.0,0.006540954113006592,1.0,4.159027099609375,0.9560546875,0.12996959686279297,0.015625,0.1298828125,0.0,1.0,0.03457033634185791,1.0,17.429664611816406,0.4990234375,0.25732421875,0.9240986704826355,0.951171875,0.24169921875,0.95458984375,0.1385623812675476,0.0,0.90625,0.056640625,1.0,0.0023605276364833117,1.0,1.0,0.0,0.0,0.0,0.0023605276364833117,,,,,,,,,,,,,,,,,,,,,,,,,,,,,,,,,,,,,,,,,,,,,,,,,,,,
5,1944,,,0.02486133575439453,0.429107666015625,16.0,1.0,1.0,1.0,1.0,1.0,1.0,1.0,1.0,0.0,0.0,0.0,0.0,0.0,0.0,0.0,0.0,0.0,27.0,1.0,0.007081570103764534,1.0,4.109947204589844,0.92919921875,0.12843585014343262,0.015625,0.12890625,0.0,1.0,0.033731404691934586,1.0,17.41279411315918,0.49560546875,0.2529296875,0.9266409277915955,0.9375,0.24267578125,0.9521484375,0.13417752087116241,0.0,0.71875,0.044921875,1.0,0.002298159059137106,1.0,1.0,0.0,0.0,0.0,0.002298159059137106,,,,,,,,,,,,,,,,,,,,,,,,,,,,,,,,,,,,,,,,,,,,,,,,,,,,
5,1949,,,0.027231216430664062,0.42840576171875,16.0,1.0,1.0,1.0,1.0,1.0,1.0,1.0,1.0,0.0,0.0,0.0,0.0,0.0,0.0,0.0,0.0,0.0,27.0,1.0,0.006062706932425499,1.0,4.0924835205078125,0.9569091796875,0.12789011001586914,0.015625,0.1279296875,0.0,1.0,0.03130784630775452,1.0,17.40679168701172,0.50537109375,0.25244140625,0.9419729113578796,0.9474708437919617,0.2529296875,0.95703125,0.12387099862098694,0.0,0.78125,0.04859834536910057,1.0,0.002182183088734746,1.0,1.0,0.0,0.0,0.0,0.002182183088734746,,,,,,,,,,,,,,,,,,,,,,,,,,,,,,,,,,,,,,,,,,,,,,,,,,,,
5,1954,,,0.023934364318847656,0.428192138671875,16.0,1.0,1.0,1.0,1.0,1.0,1.0,1.0,1.0,0.0,0.0,0.0,0.0,0.0,0.0,0.0,0.0,0.0,27.0,1.0,0.005909251049160957,1.0,4.1357421875,0.9503173828125,0.129241943359375,0.015625,0.12890625,0.0,1.0,0.03909076377749443,1.0,17.421661376953125,0.49853515625,0.2509765625,0.9182879328727722,0.921875,0.24755859375,0.94580078125,0.16307765245437622,0.0,0.90625,0.056640625,1.0,0.0021798391826450825,1.0,1.0,0.0,0.0,0.0,0.0021798391826450825,,,,,,,,,,,,,,,,,,,,,,,,,,,,,,,,,,,,,,,,,,,,,,,,,,,,
5,1959,,,0.028595924377441406,0.432586669921875,16.0,1.0,1.0,1.0,1.0,1.0,1.0,1.0,1.0,0.0,0.0,0.0,0.0,0.0,0.0,0.0,0.0,0.0,27.0,1.0,0.006950839422643185,1.0,4.0789947509765625,0.95751953125,0.12746858596801758,0.015625,0.1279296875,0.0,1.0,0.039555564522743225,1.0,17.40215492248535,0.50146484375,0.2490234375,0.9313725233078003,0.927734375,0.25244140625,0.94482421875,0.16285908222198486,0.0,0.90625,0.056640625,1.0,0.002396601950749755,1.0,1.0,0.0,0.0,0.0,0.002396601950749755,,,,,,,,,,,,,,,,,,,,,,,,,,,,,,,,,,,,,,,,,,,,,,,,,,,,
5,1964,,,0.025684356689453125,0.42681884765625,16.0,1.0,1.0,1.0,1.0,1.0,1.0,1.0,1.0,0.0,0.0,0.0,0.0,0.0,0.0,0.0,0.0,0.0,27.0,1.0,0.005902837961912155,1.0,4.1108856201171875,0.9505615234375,0.1284651756286621,0.015625,0.12890625,0.0,1.0,0.036461248993873596,1.0,17.413116455078125,0.5,0.2470703125,0.9249011874198914,0.9069767594337463,0.2529296875,0.9453125,0.15019996464252472,0.0,0.78125,0.048713237047195435,1.0,0.0021099653095006943,1.0,1.0,0.0,0.0,0.0,0.0021099653095006943,,,,,,,,,,,,,,,,,,,,,,,,,,,,,,,,,,,,,,,,,,,,,,,,,,,,
5,1969,,,0.0249176025390625,0.4285888671875,16.0,1.0,1.0,1.0,1.0,1.0,1.0,1.0,1.0,0.0,0.0,0.0,0.0,0.0,0.0,0.0,0.0,0.0,27.0,1.0,0.008088948205113411,1.0,4.001861572265625,0.95654296875,0.12505817413330078,0.015625,0.125,0.0,1.0,0.032696422189474106,1.0,17.375640869140625,0.49560546875,0.25634765625,0.9409523606300354,0.9610894918441772,0.2392578125,0.962890625,0.12728269398212433,0.0,0.90625,0.05641084536910057,1.0,0.002466029953211546,1.0,1.0,0.0,0.0,0.0,0.002466029953211546,,,,,,,,,,,,,,,,,,,,,,,,,,,,,,,,,,,,,,,,,,,,,,,,,,,,
5,1974,,,0.024721145629882812,0.4254150390625,16.0,1.0,1.0,1.0,1.0,1.0,1.0,1.0,1.0,0.0,0.0,0.0,0.0,0.0,0.0,0.0,0.0,0.0,27.0,1.0,0.007021511904895306,1.0,4.132575988769531,0.950927734375,0.12914299964904785,0.015625,0.12890625,0.0,1.0,0.03310156241059303,1.0,17.42057228088379,0.50146484375,0.25146484375,0.9320388436317444,0.9375,0.25,0.95703125,0.13045397400856018,0.0,0.9375,0.05859375,1.0,0.002429443411529064,1.0,1.0,0.0,0.0,0.0,0.002429443411529064,,,,,,,,,,,,,,,,,,,,,,,,,,,,,,,,,,,,,,,,,,,,,,,,,,,,
5,1979,,,0.03262519836425781,0.42681884765625,16.0,1.0,1.0,1.0,1.0,1.0,1.0,1.0,1.0,0.0,0.0,0.0,0.0,0.0,0.0,0.0,0.0,0.0,27.0,1.0,0.007331087253987789,1.0,4.227760314941406,0.9415283203125,0.13211750984191895,0.015625,0.1318359375,0.0,1.0,0.04476172849535942,1.0,17.453292846679688,0.5009765625,0.251953125,0.8895348906517029,0.8929961323738098,0.2490234375,0.93408203125,0.18591350317001343,0.0,0.90625,0.05641084536910057,1.0,0.0027802337426692247,1.0,1.0,0.0,0.0,0.0,0.0027802337426692247,,,,,,,,,,,,,,,,,,,,,,,,,,,,,,,,,,,,,,,,,,,,,,,,,,,,
5,1984,,,0.02692699432373047,0.425323486328125,16.0,1.0,1.0,1.0,1.0,1.0,1.0,1.0,1.0,0.0,0.0,0.0,0.0,0.0,0.0,0.0,0.0,0.0,27.0,1.0,0.007101435214281082,1.0,4.187309265136719,0.94677734375,0.13085341453552246,0.015625,0.130859375,0.0,1.0,0.04344708472490311,1.0,17.439388275146484,0.50732421875,0.2568359375,0.8992395401000977,0.923828125,0.25048828125,0.93701171875,0.1816950887441635,0.0,0.875,0.0546875,1.0,0.0024389266036450863,1.0,1.0,0.0,0.0,0.0,0.0024389266036450863,,,,,,,,,,,,,,,,,,,,,,,,,,,,,,,,,,,,,,,,,,,,,,,,,,,,
5,1989,,,0.02810955047607422,0.427581787109375,16.0,1.0,1.0,1.0,1.0,1.0,1.0,1.0,1.0,0.0,0.0,0.0,0.0,0.0,0.0,0.0,0.0,0.0,27.0,1.0,0.010057436302304268,1.0,4.2241668701171875,0.9044189453125,0.1320052146911621,0.015625,0.1318359375,0.0,1.0,0.04307990521192551,1.0,17.452056884765625,0.4921875,0.25634765625,0.8952381014823914,0.91796875,0.23583984375,0.92919921875,0.17656749486923218,0.0,0.65625,0.041015625,1.0,0.002331182360649109,1.0,1.0,0.0,0.0,0.0,0.002331182360649109,,,,,,,,,,,,,,,,,,,,,,,,,,,,,,,,,,,,,,,,,,,,,,,,,,,,
5,1994,,,0.02463531494140625,0.4241943359375,16.0,1.0,1.0,1.0,1.0,0.9375,0.99609375,0.9375,0.99609375,0.0,0.0,2.0,0.125,0.0,0.0,0.8999977111816406,0.001953125,0.0,27.0,0.9375,0.024145694449543953,1.0,4.346412658691406,0.919677734375,0.13582539558410645,0.015625,0.1357421875,0.0,1.0,0.07741352915763855,0.9980159401893616,17.49407958984375,0.50634765625,0.24462890625,0.8902195692062378,0.8626692295074463,0.26171875,0.90771484375,0.25532034039497375,0.0,0.53125,0.032628677785396576,0.998046875,0.017350615933537483,1.0,0.9990234375,0.0,0.0,0.0,0.017350615933537483,,,,,,,,,,,,,,,,,,,,,,,,,,,,,,,,,,,,,,,,,,,,,,,,,,,,
,2000,494.07004815999994,8.096017993595591,,,,,,,,,,,,,,,,,,,,,,,,,,,,,,,,,,,,,,,,,,,,,,,,,,,,,,,,,,,,,,,,,,,,,,,,,,,,,,,,,,,,,,,,,,,,,,,,,,,,,,,,
5,1999,,,0.025537490844726562,0.42730712890625,16.0,1.0,1.0,1.0,1.0,1.0,1.0,1.0,1.0,0.0,0.0,0.0,0.0,0.0,0.0,0.0,0.0,0.0,27.0,1.0,0.00948362611234188,1.0,4.312797546386719,0.91796875,0.13477492332458496,0.015625,0.134765625,0.0,1.0,0.05321668088436127,1.0,17.482524871826172,0.501953125,0.265625,0.8529411554336548,0.90625,0.236328125,0.91259765625,0.22209738194942474,0.0,0.71875,0.044921875,1.0,0.0034701130352914333,1.0,1.0,0.0,0.0,0.0,0.0034701130352914333,,,,,,,,,,,,,,,,,,,,,,,,,,,,,,,,,,,,,,,,,,,,,,,,,,,,
5,2004,,,0.02939128875732422,0.421966552734375,16.0,1.0,1.0,1.0,1.0,1.0,1.0,1.0,1.0,0.0,0.0,0.0,0.0,0.0,0.0,0.0,0.0,0.0,27.0,1.0,0.00981829408556223,1.0,4.427284240722656,0.9130859375,0.138352632522583,0.015625,0.138671875,0.0,1.0,0.05502747371792793,1.0,17.521879196166992,0.50244140625,0.24853515625,0.8664047122001648,0.861328125,0.25390625,0.912109375,0.23450690507888794,0.0,0.65625,0.041015625,1.0,0.0026005059480667114,1.0,1.0,0.0,0.0,0.0,0.0026005059480667114,,,,,,,,,,,,,,,,,,,,,,,,,,,,,,,,,,,,,,,,,,,,,,,,,,,,
5,2009,,,0.030759811401367188,0.4200439453125,16.0,1.0,1.0,1.0,1.0,1.0,1.0,1.0,1.0,0.0,0.0,0.0,0.0,0.0,0.0,0.0,0.0,0.0,27.0,1.0,0.014140848070383072,1.0,4.48345947265625,0.9140625,0.1401081085205078,0.015625,0.1396484375,0.0,1.0,0.050741277635097504,1.0,17.541189193725586,0.498046875,0.25732421875,0.8899430632591248,0.9071566462516785,0.24072265625,0.92041015625,0.2042352259159088,0.0,0.46875,0.029296875,1.0,0.0032590627670288086,1.0,1.0,0.0,0.0,0.0,0.0032590627670288086,,,,,,,,,,,,,,,,,,,,,,,,,,,,,,,,,,,,,,,,,,,,,,,,,,,,
5,2014,,,0.027695655822753906,0.429656982421875,16.0,1.0,1.0,1.0,1.0,1.0,1.0,1.0,1.0,0.0,0.0,0.0,0.0,0.0,0.0,0.0,0.0,0.0,27.0,1.0,0.009051433764398098,1.0,4.450279235839844,0.9117431640625,0.13907122611999512,0.015625,0.138671875,0.0,1.0,0.05225759744644165,1.0,17.529783248901367,0.49609375,0.24658203125,0.893069326877594,0.880859375,0.24951171875,0.9169921875,0.21974492073059082,0.0,0.46875,0.029296875,1.0,0.002991695422679186,1.0,1.0,0.0,0.0,0.0,0.002991695422679186,,,,,,,,,,,,,,,,,,,,,,,,,,,,,,,,,,,,,,,,,,,,,,,,,,,,
5,2019,,,0.03373527526855469,0.41778564453125,16.0,1.0,1.0,1.0,1.0,1.0,1.0,1.0,1.0,0.0,0.0,0.0,0.0,0.0,0.0,0.0,0.0,0.0,27.0,1.0,0.013941619545221329,1.0,4.647789001464844,0.911865234375,0.14524340629577637,0.015625,0.1455078125,0.0,1.0,0.06862155348062515,1.0,17.59767723083496,0.50341796875,0.23486328125,0.8627858757972717,0.810546875,0.2685546875,0.88720703125,0.2967716455459595,0.0,0.5625,0.03515625,1.0,0.0025300385896116495,1.0,1.0,0.0,0.0,0.0,0.0025300385896116495,,,,,,,,,,,,,,,,,,,,,,,,,,,,,,,,,,,,,,,,,,,,,,,,,,,,
5,2024,,,0.024992942810058594,0.424163818359375,16.0,1.0,1.0,1.0,1.0,1.0,1.0,1.0,1.0,0.0,0.0,0.0,0.0,0.0,0.0,0.0,0.0,0.0,27.0,1.0,0.007329503074288368,1.0,4.5300140380859375,0.942626953125,0.14156293869018555,0.015625,0.1416015625,0.0,1.0,0.049032654613256454,1.0,17.557191848754883,0.49267578125,0.24853515625,0.9096267223358154,0.904296875,0.244140625,0.9208984375,0.20841504633426666,0.0,0.65625,0.041015625,1.0,0.002429204760119319,1.0,1.0,0.0,0.0,0.0,0.002429204760119319,,,,,,,,,,,,,,,,,,,,,,,,,,,,,,,,,,,,,,,,,,,,,,,,,,,,
5,2029,,,0.03090953826904297,0.425384521484375,16.0,1.0,1.0,1.0,1.0,1.0,1.0,1.0,1.0,0.0,0.0,0.0,0.0,0.0,0.0,0.0,0.0,0.0,27.0,1.0,0.007605343125760555,1.0,4.464485168457031,0.9364013671875,0.13951516151428223,0.015625,0.1396484375,0.0,1.0,0.049806199967861176,1.0,17.534666061401367,0.50341796875,0.251953125,0.8798449635505676,0.88671875,0.25146484375,0.92138671875,0.21145276725292206,0.0,0.4375,0.02734375,1.0,0.002512854989618063,1.0,1.0,0.0,0.0,0.0,0.002512854989618063,,,,,,,,,,,,,,,,,,,,,,,,,,,,,,,,,,,,,,,,,,,,,,,,,,,,
5,2034,,,0.02706432342529297,0.427154541015625,16.0,1.0,1.0,1.0,1.0,1.0,1.0,1.0,1.0,0.0,0.0,0.0,0.0,0.0,0.0,0.0,0.0,0.0,27.0,1.0,0.008086240850389004,1.0,4.590606689453125,0.9432373046875,0.14345645904541016,0.015625,0.1435546875,0.0,1.0,0.060998544096946716,1.0,17.578022003173828,0.505859375,0.24609375,0.8789682388305664,0.865234375,0.259765625,0.91259765625,0.26719337701797485,0.0,0.8125,0.05078125,1.0,0.002399013377726078,1.0,1.0,0.0,0.0,0.0,0.002399013377726078,,,,,,,,,,,,,,,,,,,,,,,,,,,,,,,,,,,,,,,,,,,,,,,,,,,,
5,2039,,,0.024217605590820312,0.42431640625,16.0,1.0,1.0,1.0,1.0,1.0,1.0,1.0,1.0,0.0,0.0,0.0,0.0,0.0,0.0,0.0,0.0,0.0,27.0,1.0,0.008377386257052422,1.0,4.6016387939453125,0.94580078125,0.14380121231079102,0.015625,0.1435546875,0.0,1.0,0.05210330709815025,1.0,17.58181381225586,0.5068359375,0.25830078125,0.8638941645622253,0.8891050815582275,0.24853515625,0.91162109375,0.2237197458744049,0.0,0.625,0.0390625,1.0,0.0021541800815612078,1.0,1.0,0.0,0.0,0.0,0.0021541800815612078,,,,,,,,,,,,,,,,,,,,,,,,,,,,,,,,,,,,,,,,,,,,,,,,,,,,
5,2044,,,0.027830123901367188,0.42950439453125,16.0,1.0,1.0,1.0,1.0,1.0,1.0,1.0,1.0,0.0,0.0,0.0,0.0,0.0,0.0,0.0,0.0,0.0,27.0,1.0,0.008171997033059597,1.0,4.6132965087890625,0.9412841796875,0.1441655158996582,0.015625,0.14453125,0.0,1.0,0.0533178374171257,1.0,17.5858211517334,0.5068359375,0.2568359375,0.8403041958808899,0.8615984320640564,0.25,0.9013671875,0.22983844578266144,0.0,0.9375,0.058478862047195435,1.0,0.002144933445379138,1.0,1.0,0.0,0.0,0.0,0.002144933445379138,,,,,,,,,,,,,,,,,,,,,,,,,,,,,,,,,,,,,,,,,,,,,,,,,,,,
5,2049,,,0.02403545379638672,0.427520751953125,16.0,1.0,1.0,1.0,1.0,1.0,1.0,1.0,1.0,0.0,0.0,0.0,0.0,0.0,0.0,0.0,0.0,0.0,27.0,1.0,0.00827542133629322,1.0,4.479194641113281,0.9364013671875,0.13997483253479004,0.015625,0.1396484375,0.0,1.0,0.048391737043857574,1.0,17.539722442626953,0.5009765625,0.26708984375,0.8610603213310242,0.9181286692619324,0.23388671875,0.921875,0.20533113181591034,0.0,0.84375,0.052734375,1.0,0.0022239440586417913,1.0,1.0,0.0,0.0,0.0,0.0022239440586417913,,,,,,,,,,,,,,,,,,,,,,,,,,,,,,,,,,,,,,,,,,,,,,,,,,,,
5,2054,,,0.02708911895751953,0.427032470703125,16.0,1.0,1.0,1.0,1.0,1.0,1.0,1.0,1.0,0.0,0.0,0.0,0.0,0.0,0.0,0.0,0.0,0.0,27.0,1.0,0.007348866201937199,1.0,4.402717590332031,0.943359375,0.13758492469787598,0.015625,0.1376953125,0.0,1.0,0.04491668567061424,1.0,17.5134334564209,0.5078125,0.25634765625,0.9104762077331543,0.924564778804779,0.25146484375,0.93359375,0.18940019607543945,0.0,0.75,0.046300552785396576,1.0,0.0021819542162120342,1.0,1.0,0.0,0.0,0.0,0.0021819542162120342,,,,,,,,,,,,,,,,,,,,,,,,,,,,,,,,,,,,,,,,,,,,,,,,,,,,
5,2059,,,0.028232574462890625,0.42822265625,16.0,1.0,1.0,1.0,1.0,1.0,1.0,1.0,1.0,0.0,0.0,0.0,0.0,0.0,0.0,0.0,0.0,0.0,27.0,1.0,0.006477833725512028,1.0,4.3170928955078125,0.9462890625,0.13490915298461914,0.015625,0.134765625,0.0,1.0,0.04445035383105278,1.0,17.48400115966797,0.5048828125,0.26220703125,0.8770949840545654,0.919921875,0.24267578125,0.92529296875,0.18939226865768433,0.0,0.84375,0.052734375,1.0,0.0019693090580403805,1.0,1.0,0.0,0.0,0.0,0.0019693090580403805,,,,,,,,,,,,,,,,,,,,,,,,,,,,,,,,,,,,,,,,,,,,,,,,,,,,
5,2059,,,,,,,,,,,,,,,,,,,,,,,,,,,,,,,,,,,,,,,,,,,,,,,,,,,,,,,0.021162379533052444,0.4280450940132141,16.0,1.0,1.0,1.0,1.0,1.0,1.0,1.0,1.0,0.0,0.0,0.0,0.0,0.0,0.0,0.0,0.0,0.0,27.0,1.0,0.006478849332779646,1.0,4.391511917114258,0.9396306872367859,0.13723474740982056,0.015625,0.13716264069080353,0.0,1.0,0.042614057660102844,1.0,17.509578704833984,0.5,0.2599431872367859,0.8743244409561157,0.9039583802223206,0.2400568127632141,0.9204545617103577,0.1803288608789444,0.0,0.7272727489471436,0.04528741538524628,1.0,0.0019731451757252216,1.0,1.0,0.0,0.0,0.0,0.0019731451757252216
5,2064,,,0.027135848999023438,0.42938232421875,16.0,1.0,1.0,1.0,1.0,1.0,1.0,1.0,1.0,0.0,0.0,0.0,0.0,0.0,0.0,0.0,0.0,0.0,27.0,1.0,0.0067094722762703896,1.0,4.3812103271484375,0.9293212890625,0.13691282272338867,0.015625,0.13671875,0.0,1.0,0.04984328895807266,1.0,17.506040573120117,0.49462890625,0.26513671875,0.8379374146461487,0.8869395852088928,0.2294921875,0.90771484375,0.21486997604370117,0.0,0.8125,0.050666362047195435,1.0,0.002189245540648699,1.0,1.0,0.0,0.0,0.0,0.002189245540648699,,,,,,,,,,,,,,,,,,,,,,,,,,,,,,,,,,,,,,,,,,,,,,,,,,,,
5,2069,,,0.023619651794433594,0.429168701171875,16.0,1.0,1.0,1.0,1.0,1.0,1.0,1.0,1.0,0.0,0.0,0.0,0.0,0.0,0.0,0.0,0.0,0.0,27.0,1.0,0.006437367759644985,1.0,4.310997009277344,0.9471435546875,0.134718656539917,0.015625,0.134765625,0.0,1.0,0.04700835421681404,1.0,17.481904983520508,0.49755859375,0.2509765625,0.8910505771636963,0.89453125,0.24658203125,0.92041015625,0.20202907919883728,0.0,0.71875,0.044921875,1.0,0.002056194469332695,1.0,1.0,0.0,0.0,0.0,0.002056194469332695,,,,,,,,,,,,,,,,,,,,,,,,,,,,,,,,,,,,,,,,,,,,,,,,,,,,
5,2074,,,0.027080535888671875,0.426513671875,16.0,1.0,1.0,1.0,1.0,1.0,1.0,1.0,1.0,0.0,0.0,0.0,0.0,0.0,0.0,0.0,0.0,0.0,27.0,1.0,0.006918197497725487,1.0,4.226509094238281,0.9530029296875,0.1320784091949463,0.015625,0.1318359375,0.0,1.0,0.04897066950798035,1.0,17.452861785888672,0.494140625,0.25048828125,0.8966861367225647,0.8984375,0.24365234375,0.9228515625,0.21038666367530823,0.0,0.6875,0.04296875,1.0,0.002253210172057152,1.0,1.0,0.0,0.0,0.0,0.002253210172057152,,,,,,,,,,,,,,,,,,,,,,,,,,,,,,,,,,,,,,,,,,,,,,,,,,,,
5,2079,,,0.03202247619628906,0.427978515625,16.0,1.0,1.0,1.0,1.0,1.0,1.0,1.0,1.0,0.0,0.0,0.0,0.0,0.0,0.0,0.0,0.0,0.0,27.0,1.0,0.008210774511098862,1.0,4.207252502441406,0.9453125,0.13147664070129395,0.015625,0.1318359375,0.0,1.0,0.049575090408325195,1.0,17.446243286132812,0.4970703125,0.25390625,0.8942307829856873,0.908203125,0.2431640625,0.9287109375,0.21137866377830505,0.0,0.5,0.03125,1.0,0.0022866653744131327,1.0,1.0,0.0,0.0,0.0,0.0022866653744131327,,,,,,,,,,,,,,,,,,,,,,,,,,,,,,,,,,,,,,,,,,,,,,,,,,,,
5,2084,,,0.023286819458007812,0.4281005859375,16.0,1.0,1.0,1.0,1.0,1.0,1.0,1.0,1.0,0.0,0.0,0.0,0.0,0.0,0.0,0.0,0.0,0.0,27.0,1.0,0.007522920146584511,1.0,4.226165771484375,0.9378662109375,0.13206768035888672,0.015625,0.1318359375,0.0,1.0,0.04435794800519943,1.0,17.452743530273438,0.49853515625,0.2578125,0.8806818127632141,0.9064327478408813,0.24072265625,0.92138671875,0.1875133514404297,0.0,0.6875,0.042853862047195435,1.0,0.002101908903568983,1.0,1.0,0.0,0.0,0.0,0.002101908903568983,,,,,,,,,,,,,,,,,,,,,,,,,,,,,,,,,,,,,,,,,,,,,,,,,,,,
5,2089,,,0.02463054656982422,0.427642822265625,16.0,1.0,1.0,1.0,1.0,1.0,1.0,1.0,1.0,0.0,0.0,0.0,0.0,0.0,0.0,0.0,0.0,0.0,27.0,1.0,0.006775766611099243,1.0,4.1973724365234375,0.9466552734375,0.13116788864135742,0.015625,0.130859375,0.0,1.0,0.04119421914219856,1.0,17.442846298217773,0.50439453125,0.25537109375,0.8833652138710022,0.9005848169326782,0.2490234375,0.9287109375,0.17234402894973755,0.0,0.75,0.046760112047195435,1.0,0.0021606539376080036,1.0,1.0,0.0,0.0,0.0,0.0021606539376080036,,,,,,,,,,,,,,,,,,,,,,,,,,,,,,,,,,,,,,,,,,,,,,,,,,,,
5,2094,,,0.027945518493652344,0.423187255859375,16.0,1.0,1.0,1.0,1.0,1.0,1.0,1.0,1.0,0.0,0.0,0.0,0.0,0.0,0.0,0.0,0.0,0.0,27.0,1.0,0.007795127108693123,1.0,4.2194671630859375,0.933349609375,0.13185834884643555,0.015625,0.1318359375,0.0,1.0,0.053393956273794174,1.0,17.450441360473633,0.50146484375,0.2568359375,0.8631178736686707,0.8849902749061584,0.24462890625,0.908203125,0.23100325465202332,0.0,0.59375,0.036994487047195435,1.0,0.0023252968676388264,1.0,1.0,0.0,0.0,0.0,0.0023252968676388264,,,,,,,,,,,,,,,,,,,,,,,,,,,,,,,,,,,,,,,,,,,,,,,,,,,,
,2100,487.2969907612856,8.00333282154519,,,,,,,,,,,,,,,,,,,,,,,,,,,,,,,,,,,,,,,,,,,,,,,,,,,,,,,,,,,,,,,,,,,,,,,,,,,,,,,,,,,,,,,,,,,,,,,,,,,,,,,,
5,2099,,,0.024168014526367188,0.42730712890625,16.0,1.0,1.0,1.0,1.0,1.0,1.0,1.0,1.0,0.0,0.0,0.0,0.0,0.0,0.0,0.0,0.0,0.0,27.0,1.0,0.007576297037303448,1.0,4.097526550292969,0.9420166015625,0.12804770469665527,0.015625,0.1279296875,0.0,1.0,0.04612358286976814,1.0,17.408525466918945,0.49755859375,0.26123046875,0.8859813213348389,0.9203883409500122,0.236328125,0.92626953125,0.19462192058563232,0.0,0.78125,0.04848345369100571,1.0,0.0024999682791531086,1.0,1.0,0.0,0.0,0.0,0.0024999682791531086,,,,,,,,,,,,,,,,,,,,,,,,,,,,,,,,,,,,,,,,,,,,,,,,,,,,
5,2104,,,0.02521228790283203,0.424957275390625,16.0,1.0,1.0,1.0,1.0,1.0,1.0,1.0,1.0,0.0,0.0,0.0,0.0,0.0,0.0,0.0,0.0,0.0,27.0,1.0,0.006679961457848549,1.0,4.2403106689453125,0.9532470703125,0.13250970840454102,0.015625,0.1328125,0.0,1.0,0.043105777353048325,1.0,17.45760726928711,0.50830078125,0.2587890625,0.8924528360366821,0.923828125,0.24951171875,0.93408203125,0.18180452287197113,0.0,0.6875,0.04296875,1.0,0.0021677291952073574,1.0,1.0,0.0,0.0,0.0,0.0021677291952073574,,,,,,,,,,,,,,,,,,,,,,,,,,,,,,,,,,,,,,,,,,,,,,,,,,,,
5,2109,,,0.025259971618652344,0.432159423828125,16.0,1.0,1.0,1.0,1.0,1.0,1.0,1.0,1.0,0.0,0.0,0.0,0.0,0.0,0.0,0.0,0.0,0.0,27.0,1.0,0.006157221272587776,1.0,4.132942199707031,0.94091796875,0.12915444374084473,0.015625,0.12890625,0.0,1.0,0.0495019257068634,1.0,17.420698165893555,0.4990234375,0.25146484375,0.8776699304580688,0.8793774247169495,0.24755859375,0.92333984375,0.21582940220832825,0.0,0.71875,0.044921875,1.0,0.001965405186638236,1.0,1.0,0.0,0.0,0.0,0.001965405186638236,,,,,,,,,,,,,,,,,,,,,,,,,,,,,,,,,,,,,,,,,,,,,,,,,,,,
6,2114,,,0.030203819274902344,0.433746337890625,16.0,1.0,1.0,1.0,1.0,1.0,1.0,1.0,1.0,0.0,0.0,0.0,0.0,0.0,0.0,0.0,0.0,0.0,27.0,1.0,0.00605829618871212,1.0,3.9957046508789062,0.9486083984375,0.12486577033996582,0.015625,0.125,0.0,1.0,0.03797413036227226,1.0,17.373523712158203,0.4990234375,0.25146484375,0.90873783826828,0.9140625,0.24755859375,0.94482421875,0.15856730937957764,0.0,0.8125,0.05078125,1.0,0.0019416138529777527,1.0,1.0,0.0,0.0,0.0,0.0019416138529777527,,,,,,,,,,,,,,,,,,,,,,,,,,,,,,,,,,,,,,,,,,,,,,,,,,,,
6,2119,,,0.026795387268066406,0.424163818359375,16.0,1.0,1.0,1.0,1.0,1.0,1.0,1.0,1.0,0.0,0.0,0.0,0.0,0.0,0.0,0.0,0.0,0.0,27.0,1.0,0.0062837423756718636,1.0,4.0638885498046875,0.9571533203125,0.12699651718139648,0.015625,0.126953125,0.0,1.0,0.04256290942430496,1.0,17.396961212158203,0.5009765625,0.25146484375,0.9009708762168884,0.90625,0.24951171875,0.93505859375,0.1802091747522354,0.0,0.71875,0.044921875,1.0,0.0021492240484803915,1.0,1.0,0.0,0.0,0.0,0.0021492240484803915,,,,,,,,,,,,,,,,,,,,,,,,,,,,,,,,,,,,,,,,,,,,,,,,,,,,
6,2124,,,0.02653980255126953,0.424407958984375,16.0,1.0,1.0,1.0,1.0,1.0,1.0,1.0,1.0,0.0,0.0,0.0,0.0,0.0,0.0,0.0,0.0,0.0,27.0,1.0,0.0066175153478980064,1.0,3.9960861206054688,0.954833984375,0.1248776912689209,0.015625,0.125,0.0,1.0,0.03437109291553497,1.0,17.373655319213867,0.4970703125,0.244140625,0.9399999976158142,0.9143968820571899,0.2529296875,0.951171875,0.1395532339811325,0.0,0.75,0.04664522036910057,1.0,0.002038224833086133,1.0,1.0,0.0,0.0,0.0,0.002038224833086133,,,,,,,,,,,,,,,,,,,,,,,,,,,,,,,,,,,,,,,,,,,,,,,,,,,,
6,2129,,,0.023790359497070312,0.427978515625,16.0,0.96875,0.998046875,1.0,1.0,1.0,1.0,1.0,1.0,0.0,0.0,1.0,0.03125,0.0,0.0,0.0,0.00048828125,0.0,27.0,0.96875,0.008013415150344372,1.0,3.9535598754882812,0.9482421875,0.12354874610900879,0.015625,0.12353515625,0.0,1.0,0.040001802146434784,0.999504029750824,17.35903549194336,0.501953125,0.251953125,0.9069767594337463,0.9140625,0.25,0.9462890625,0.1620609611272812,0.0,0.75,0.046875,0.99951171875,0.0028764258604496717,1.0,1.0,0.0,0.0,0.0,0.0028764258604496717,,,,,,,,,,,,,,,,,,,,,,,,,,,,,,,,,,,,,,,,,,,,,,,,,,,,
6,2134,,,0.02709197998046875,0.42913818359375,16.0,1.0,1.0,1.0,1.0,1.0,1.0,1.0,1.0,0.0,0.0,0.0,0.0,0.0,0.0,0.0,0.0,0.0,27.0,1.0,0.006759180687367916,1.0,3.7935867309570312,0.962158203125,0.11854958534240723,0.015625,0.11865234375,0.0,1.0,0.041944973170757294,1.0,17.304044723510742,0.501953125,0.2548828125,0.8850574493408203,0.8988326787948608,0.2470703125,0.93408203125,0.1785803884267807,0.0,0.90625,0.05641084536910057,1.0,0.0018878086702898145,1.0,1.0,0.0,0.0,0.0,0.0018878086702898145,,,,,,,,,,,,,,,,,,,,,,,,,,,,,,,,,,,,,,,,,,,,,,,,,,,,
6,2139,,,0.024942398071289062,0.43157958984375,16.0,1.0,1.0,1.0,1.0,1.0,1.0,1.0,1.0,0.0,0.0,0.0,0.0,0.0,0.0,0.0,0.0,0.0,27.0,1.0,0.00699752289801836,1.0,3.7996063232421875,0.959716796875,0.11873769760131836,0.015625,0.11865234375,0.0,1.0,0.041157983243465424,1.0,17.306114196777344,0.50048828125,0.25390625,0.8826923370361328,0.8912621140480042,0.24658203125,0.9287109375,0.17119085788726807,0.0,0.90625,0.05629595369100571,1.0,0.0025406372733414173,1.0,1.0,0.0,0.0,0.0,0.0025406372733414173,,,,,,,,,,,,,,,,,,,,,,,,,,,,,,,,,,,,,,,,,,,,,,,,,,,,
6,2144,,,0.02309417724609375,0.4296875,16.0,1.0,1.0,1.0,1.0,1.0,1.0,1.0,1.0,0.0,0.0,0.0,0.0,0.0,0.0,0.0,0.0,0.0,27.0,1.0,0.006378365680575371,1.0,3.9780197143554688,0.957275390625,0.1243131160736084,0.015625,0.12451171875,0.0,1.0,0.04352565482258797,1.0,17.36744499206543,0.5,0.25,0.89453125,0.8910505771636963,0.25,0.927734375,0.18481400609016418,0.0,0.8125,0.05078125,1.0,0.0022501356434077024,1.0,1.0,0.0,0.0,0.0,0.0022501356434077024,,,,,,,,,,,,,,,,,,,,,,,,,,,,,,,,,,,,,,,,,,,,,,,,,,,,
6,2149,,,0.027330398559570312,0.4283447265625,16.0,1.0,1.0,1.0,1.0,1.0,1.0,1.0,1.0,0.0,0.0,0.0,0.0,0.0,0.0,0.0,0.0,0.0,27.0,1.0,0.005824060179293156,1.0,3.941497802734375,0.95263671875,0.12317180633544922,0.015625,0.123046875,0.0,1.0,0.04511933773756027,1.0,17.354888916015625,0.50048828125,0.2548828125,0.8697317838668823,0.88671875,0.24560546875,0.92431640625,0.1944647580385208,0.0,0.71875,0.044921875,1.0,0.002040401566773653,1.0,1.0,0.0,0.0,0.0,0.002040401566773653,,,,,,,,,,,,,,,,,,,,,,,,,,,,,,,,,,,,,,,,,,,,,,,,,,,,
6,2154,,,0.026540756225585938,0.42657470703125,16.0,1.0,1.0,1.0,1.0,1.0,1.0,1.0,1.0,0.0,0.0,0.0,0.0,0.0,0.0,0.0,0.0,0.0,27.0,1.0,0.006604484282433987,1.0,3.9339523315429688,0.9576416015625,0.12293601036071777,0.015625,0.123046875,0.0,1.0,0.039942897856235504,1.0,17.352296829223633,0.5,0.25048828125,0.8947368264198303,0.8878143429756165,0.24951171875,0.9375,0.16512611508369446,0.0,0.71875,0.044347427785396576,1.0,0.002544478978961706,1.0,1.0,0.0,0.0,0.0,0.002544478978961706,,,,,,,,,,,,,,,,,,,,,,,,,,,,,,,,,,,,,,,,,,,,,,,,,,,,
6,2159,,,0.025473594665527344,0.423614501953125,16.0,1.0,1.0,1.0,1.0,1.0,1.0,1.0,1.0,0.0,0.0,0.0,0.0,0.0,0.0,0.0,0.0,0.0,27.0,1.0,0.006627692840993404,1.0,3.9406661987304688,0.947021484375,0.12314581871032715,0.015625,0.123046875,0.0,1.0,0.0438661091029644,1.0,17.354604721069336,0.4970703125,0.2568359375,0.8878327012062073,0.9067960977554321,0.240234375,0.92822265625,0.1880326271057129,0.0,0.75,0.04653032869100571,1.0,0.0018912585219368339,1.0,1.0,0.0,0.0,0.0,0.0018912585219368339,,,,,,,,,,,,,,,,,,,,,,,,,,,,,,,,,,,,,,,,,,,,,,,,,,,,
6,2164,,,0.02432727813720703,0.429412841796875,16.0,1.0,1.0,1.0,1.0,1.0,1.0,1.0,1.0,0.0,0.0,0.0,0.0,0.0,0.0,0.0,0.0,0.0,27.0,1.0,0.01016708929091692,1.0,3.8889999389648438,0.9527587890625,0.12153124809265137,0.015625,0.12158203125,0.0,1.0,0.04843482747673988,1.0,17.336843490600586,0.49755859375,0.25390625,0.8942307829856873,0.9046692848205566,0.24365234375,0.92626953125,0.20491501688957214,0.0,0.75,0.04664522036910057,1.0,0.002240631729364395,1.0,1.0,0.0,0.0,0.0,0.002240631729364395,,,,,,,,,,,,,,,,,,,,,,,,,,,,,,,,,,,,,,,,,,,,,,,,,,,,
6,2169,,,0.03089141845703125,0.42938232421875,16.0,1.0,1.0,1.0,1.0,1.0,1.0,1.0,1.0,0.0,0.0,0.0,0.0,0.0,0.0,0.0,0.0,0.0,27.0,1.0,0.00654775183647871,1.0,3.8131637573242188,0.950927734375,0.11916136741638184,0.015625,0.119140625,0.0,1.0,0.044676557183265686,1.0,17.310775756835938,0.498046875,0.26123046875,0.8878504633903503,0.927734375,0.23681640625,0.93603515625,0.19202692806720734,0.0,0.65625,0.041015625,1.0,0.0019449505489319563,1.0,1.0,0.0,0.0,0.0,0.0019449505489319563,,,,,,,,,,,,,,,,,,,,,,,,,,,,,,,,,,,,,,,,,,,,,,,,,,,,
6,2174,,,0.025588035583496094,0.431549072265625,16.0,1.0,1.0,1.0,1.0,1.0,1.0,1.0,1.0,0.0,0.0,0.0,0.0,0.0,0.0,0.0,0.0,0.0,27.0,1.0,0.007149908691644669,1.0,3.8447799682617188,0.9658203125,0.12014937400817871,0.015625,0.1201171875,0.0,1.0,0.044839002192020416,1.0,17.321643829345703,0.50439453125,0.2587890625,0.8716981410980225,0.8970873951911926,0.24560546875,0.91845703125,0.19049128890037537,0.0,0.875,0.05445772036910057,1.0,0.0023017555940896273,1.0,1.0,0.0,0.0,0.0,0.0023017555940896273,,,,,,,,,,,,,,,,,,,,,,,,,,,,,,,,,,,,,,,,,,,,,,,,,,,,
6,2179,,,0.031327247619628906,0.427093505859375,16.0,1.0,1.0,1.0,1.0,1.0,1.0,1.0,1.0,0.0,0.0,0.0,0.0,0.0,0.0,0.0,0.0,0.0,27.0,1.0,0.007182685658335686,1.0,3.8678970336914062,0.957763671875,0.12087178230285645,0.015625,0.12109375,0.0,1.0,0.0443754605948925,1.0,17.32958984375,0.4990234375,0.2685546875,0.8454545736312866,0.908203125,0.23046875,0.9228515625,0.18816214799880981,0.0,0.78125,0.048828125,1.0,0.002207936719059944,1.0,1.0,0.0,0.0,0.0,0.002207936719059944,,,,,,,,,,,,,,,,,,,,,,,,,,,,,,,,,,,,,,,,,,,,,,,,,,,,
6,2184,,,0.025847434997558594,0.424102783203125,16.0,1.0,1.0,1.0,1.0,1.0,1.0,1.0,1.0,0.0,0.0,0.0,0.0,0.0,0.0,0.0,0.0,0.0,27.0,1.0,0.006347465328872204,1.0,3.8407974243164062,0.960205078125,0.1200249195098877,0.015625,0.1201171875,0.0,1.0,0.04334614425897598,1.0,17.320274353027344,0.50048828125,0.26220703125,0.8696461915969849,0.9067960977554321,0.23828125,0.92431640625,0.1859678328037262,0.0,0.84375,0.05238970369100571,1.0,0.0019116087350994349,1.0,1.0,0.0,0.0,0.0,0.0019116087350994349,,,,,,,,,,,,,,,,,,,,,,,,,,,,,,,,,,,,,,,,,,,,,,,,,,,,
6,2189,,,0.030066490173339844,0.421661376953125,16.0,1.0,1.0,1.0,1.0,1.0,1.0,1.0,1.0,0.0,0.0,0.0,0.0,0.0,0.0,0.0,0.0,0.0,27.0,1.0,0.0071619246155023575,1.0,3.8853073120117188,0.899169921875,0.12141585350036621,0.015625,0.12158203125,0.0,1.0,0.05129805579781532,1.0,17.335575103759766,0.4951171875,0.25732421875,0.8861480355262756,0.9015443921089172,0.23779296875,0.92041015625,0.22421029210090637,0.0,0.6875,0.042394302785396576,1.0,0.0019387027714401484,1.0,1.0,0.0,0.0,0.0,0.0019387027714401484,,,,,,,,,,,,,,,,,,,,,,,,,,,,,,,,,,,,,,,,,,,,,,,,,,,,
6,2194,,,0.028490066528320312,0.42352294921875,16.0,1.0,1.0,1.0,1.0,1.0,1.0,1.0,1.0,0.0,0.0,0.0,0.0,0.0,0.0,0.0,0.0,0.0,27.0,1.0,0.007832132279872894,1.0,3.77374267578125,0.9368896484375,0.11792945861816406,0.015625,0.1181640625,0.0,1.0,0.04492394998669624,1.0,17.297224044799805,0.4990234375,0.26806640625,0.8615664839744568,0.914893627166748,0.23095703125,0.9287109375,0.19032856822013855,0.0,0.78125,0.048253677785396576,1.0,0.002250191057100892,1.0,1.0,0.0,0.0,0.0,0.002250191057100892,,,,,,,,,,,,,,,,,,,,,,,,,,,,,,,,,,,,,,,,,,,,,,,,,,,,
,2200,473.0123755495454,8.033616447318451,,,,,,,,,,,,,,,,,,,,,,,,,,,,,,,,,,,,,,,,,,,,,,,,,,,,,,,,,,,,,,,,,,,,,,,,,,,,,,,,,,,,,,,,,,,,,,,,,,,,,,,,
6,2199,,,0.029311180114746094,0.419708251953125,16.0,1.0,1.0,1.0,1.0,1.0,1.0,1.0,1.0,0.0,0.0,0.0,0.0,0.0,0.0,0.0,0.0,0.0,27.0,1.0,0.007027801126241684,1.0,3.8454132080078125,0.9390869140625,0.12016916275024414,0.015625,0.1201171875,0.0,1.0,0.05234209820628166,1.0,17.321861267089844,0.4990234375,0.25146484375,0.8466019630432129,0.8515625,0.24755859375,0.9052734375,0.22759206593036652,0.0,0.78125,0.048828125,1.0,0.0023779934272170067,1.0,1.0,0.0,0.0,0.0,0.0023779934272170067,,,,,,,,,,,,,,,,,,,,,,,,,,,,,,,,,,,,,,,,,,,,,,,,,,,,
6,2204,,,0.031360626220703125,0.42132568359375,16.0,1.0,1.0,1.0,1.0,1.0,1.0,1.0,1.0,0.0,0.0,0.0,0.0,0.0,0.0,0.0,0.0,0.0,27.0,1.0,0.0062120221555233,1.0,3.8802413940429688,0.9090576171875,0.12125754356384277,0.015625,0.12109375,0.0,1.0,0.04183298349380493,1.0,17.333833694458008,0.4951171875,0.26416015625,0.8687615394592285,0.916179358959198,0.23095703125,0.931640625,0.17792733013629913,0.0,0.65625,0.040900737047195435,1.0,0.00195475690998137,1.0,1.0,0.0,0.0,0.0,0.00195475690998137,,,,,,,,,,,,,,,,,,,,,,,,,,,,,,,,,,,,,,,,,,,,,,,,,,,,
6,2209,,,0.031653404235839844,0.422454833984375,16.0,1.0,1.0,1.0,1.0,1.0,1.0,1.0,1.0,0.0,0.0,0.0,0.0,0.0,0.0,0.0,0.0,0.0,27.0,1.0,0.0052140336483716965,1.0,3.7220840454101562,0.92626953125,0.11631512641906738,0.015625,0.1162109375,0.0,1.0,0.04056289419531822,1.0,17.27946662902832,0.4970703125,0.2568359375,0.8859315514564514,0.9048543572425842,0.240234375,0.93408203125,0.17388126254081726,0.0,0.875,0.05434282869100571,1.0,0.0018472636584192514,1.0,1.0,0.0,0.0,0.0,0.0018472636584192514,,,,,,,,,,,,,,,,,,,,,,,,,,,,,,,,,,,,,,,,,,,,,,,,,,,,
6,2214,,,0.02677154541015625,0.4215087890625,16.0,1.0,1.0,1.0,1.0,1.0,1.0,1.0,1.0,0.0,0.0,0.0,0.0,0.0,0.0,0.0,0.0,0.0,27.0,1.0,0.00926407240331173,1.0,3.8650054931640625,0.929931640625,0.12078142166137695,0.015625,0.12060546875,0.0,1.0,0.05382682755589485,1.0,17.328596115112305,0.49267578125,0.2587890625,0.850943386554718,0.880859375,0.23388671875,0.9111328125,0.22809633612632751,0.0,0.78125,0.048828125,1.0,0.0032129380851984024,1.0,1.0,0.0,0.0,0.0,0.0032129380851984024,,,,,,,,,,,,,,,,,,,,,,,,,,,,,,,,,,,,,,,,,,,,,,,,,,,,
6,2219,,,0.02790546417236328,0.422515869140625,16.0,1.0,1.0,1.0,1.0,1.0,1.0,1.0,1.0,0.0,0.0,0.0,0.0,0.0,0.0,0.0,0.0,0.0,27.0,1.0,0.007490369491279125,1.0,3.8314971923828125,0.9515380859375,0.11973428726196289,0.015625,0.11962890625,0.0,1.0,0.047334738075733185,1.0,17.31707763671875,0.501953125,0.26171875,0.8563432693481445,0.8912621140480042,0.240234375,0.92138671875,0.20165914297103882,0.0,0.9375,0.05824907869100571,1.0,0.0024556322023272514,1.0,1.0,0.0,0.0,0.0,0.0024556322023272514,,,,,,,,,,,,,,,,,,,,,,,,,,,,,,,,,,,,,,,,,,,,,,,,,,,,
6,2224,,,0.029885292053222656,0.418365478515625,16.0,1.0,1.0,1.0,1.0,1.0,1.0,1.0,1.0,0.0,0.0,0.0,0.0,0.0,0.0,0.0,0.0,0.0,27.0,1.0,0.007399525493383408,1.0,3.8249893188476562,0.9398193359375,0.11953091621398926,0.015625,0.11962890625,0.0,1.0,0.04760967940092087,1.0,17.31484031677246,0.49462890625,0.251953125,0.8624030947685242,0.8674464225769043,0.24267578125,0.91455078125,0.20479586720466614,0.0,0.65625,0.041015625,1.0,0.0021061385050415993,1.0,1.0,0.0,0.0,0.0,0.0021061385050415993,,,,,,,,,,,,,,,,,,,,,,,,,,,,,,,,,,,,,,,,,,,,,,,,,,,,
6,2229,,,0.026569366455078125,0.41998291015625,16.0,1.0,1.0,1.0,1.0,1.0,1.0,1.0,1.0,0.0,0.0,0.0,0.0,0.0,0.0,0.0,0.0,0.0,27.0,1.0,0.008272967301309109,1.0,3.659423828125,0.95703125,0.11435699462890625,0.015625,0.1142578125,0.0,1.0,0.04629383236169815,1.0,17.25792694091797,0.501953125,0.26220703125,0.8733705878257751,0.916015625,0.23974609375,0.92919921875,0.19831311702728271,0.0,0.875,0.0546875,1.0,0.002008453942835331,1.0,1.0,0.0,0.0,0.0,0.002008453942835331,,,,,,,,,,,,,,,,,,,,,,,,,,,,,,,,,,,,,,,,,,,,,,,,,,,,
6,2234,,,0.0278778076171875,0.41790771484375,16.0,1.0,1.0,1.0,1.0,1.0,1.0,1.0,1.0,0.0,0.0,0.0,0.0,0.0,0.0,0.0,0.0,0.0,27.0,1.0,0.005628878250718117,1.0,3.6402130126953125,0.9495849609375,0.11375665664672852,0.015625,0.11376953125,0.0,1.0,0.03955814242362976,1.0,17.251323699951172,0.49560546875,0.251953125,0.9050387740135193,0.912109375,0.24365234375,0.93994140625,0.16911041736602783,0.0,0.59375,0.037109375,1.0,0.0017765006050467491,1.0,1.0,0.0,0.0,0.0,0.0017765006050467491,,,,,,,,,,,,,,,,,,,,,,,,,,,,,,,,,,,,,,,,,,,,,,,,,,,,
6,2239,,,0.027185440063476562,0.41534423828125,16.0,1.0,1.0,1.0,1.0,1.0,1.0,0.9375,0.99609375,0.0,0.0,1.0,0.0625,0.0,0.0,0.4499988555908203,0.0009765625,0.0,27.0,0.9375,0.00718728918582201,1.0,3.7490158081054688,0.9569091796875,0.1171567440032959,0.015625,0.1171875,0.0,1.0,0.0491490438580513,0.9990079998970032,17.288724899291992,0.50732421875,0.25830078125,0.8771266341209412,0.90625,0.2490234375,0.9267578125,0.206038236618042,0.0,0.625,0.0390625,0.9990234375,0.0035228668712079525,1.0,1.0,0.0,0.0,0.0,0.0035228668712079525,,,,,,,,,,,,,,,,,,,,,,,,,,,,,,,,,,,,,,,,,,,,,,,,,,,,
6,2244,,,0.026304244995117188,0.41705322265625,16.0,1.0,1.0,1.0,1.0,1.0,1.0,1.0,1.0,0.0,0.0,0.0,0.0,0.0,0.0,0.0,0.0,0.0,27.0,1.0,0.005441996268928051,1.0,3.670074462890625,0.953125,0.11468982696533203,0.015625,0.11474609375,0.0,1.0,0.04263920336961746,1.0,17.26158905029297,0.4970703125,0.24755859375,0.9013806581497192,0.8873786330223083,0.24951171875,0.9296875,0.18394654989242554,0.0,0.59375,0.03676470369100571,1.0,0.0019375341944396496,1.0,1.0,0.0,0.0,0.0,0.0019375341944396496,,,,,,,,,,,,,,,,,,,,,,,,,,,,,,,,,,,,,,,,,,,,,,,,,,,,
6,2249,,,0.02363300323486328,0.421051025390625,16.0,1.0,1.0,1.0,1.0,1.0,1.0,1.0,1.0,0.0,0.0,0.0,0.0,0.0,0.0,0.0,0.0,0.0,27.0,1.0,0.0057779336348176,1.0,3.6427383422851562,0.9544677734375,0.11383557319641113,0.015625,0.11376953125,0.0,1.0,0.0401570126414299,1.0,17.2521915435791,0.5,0.25927734375,0.8832391500473022,0.9054054021835327,0.24072265625,0.93359375,0.17137585580348969,0.0,0.75,0.04618566110730171,1.0,0.0019274682272225618,1.0,1.0,0.0,0.0,0.0,0.0019274682272225618,,,,,,,,,,,,,,,,,,,,,,,,,,,,,,,,,,,,,,,,,,,,,,,,,,,,
6,2254,,,0.02562427520751953,0.423553466796875,16.0,1.0,1.0,1.0,1.0,1.0,1.0,1.0,1.0,0.0,0.0,0.0,0.0,0.0,0.0,0.0,0.0,0.0,27.0,1.0,0.005286652594804764,1.0,3.5833816528320312,0.94580078125,0.11198067665100098,0.015625,0.11181640625,0.0,1.0,0.046168312430381775,1.0,17.231786727905273,0.49560546875,0.24951171875,0.9001957178115845,0.8949416279792786,0.24609375,0.9189453125,0.20304594933986664,0.0,0.6875,0.04273897036910057,1.0,0.0017381736543029547,1.0,1.0,0.0,0.0,0.0,0.0017381736543029547,,,,,,,,,,,,,,,,,,,,,,,,,,,,,,,,,,,,,,,,,,,,,,,,,,,,
6,2259,,,0.02544403076171875,0.4200439453125,16.0,1.0,1.0,1.0,1.0,1.0,1.0,0.90625,0.994140625,0.0,0.0,1.0,0.09375,0.0,0.0,1.0,0.00146484375,0.0,27.0,0.90625,0.01637205481529236,1.0,3.6165695190429688,0.965576171875,0.11301779747009277,0.015625,0.11279296875,0.0,1.0,0.05419939383864403,0.9985119700431824,17.243196487426758,0.50634765625,0.251953125,0.893410861492157,0.900390625,0.25439453125,0.92919921875,0.18253503739833832,0.0,0.75,0.046875,0.99853515625,0.011086633428931236,1.0,1.0,0.0,0.0,0.0,0.011086633428931236,,,,,,,,,,,,,,,,,,,,,,,,,,,,,,,,,,,,,,,,,,,,,,,,,,,,
6,2264,,,0.02825450897216797,0.418731689453125,16.0,1.0,1.0,1.0,1.0,1.0,1.0,1.0,1.0,0.0,0.0,0.0,0.0,0.0,0.0,0.0,0.0,0.0,27.0,1.0,0.0062734996899962425,1.0,3.5344467163085938,0.95849609375,0.11045145988464355,0.015625,0.1103515625,0.0,1.0,0.043259020894765854,1.0,17.2149658203125,0.50732421875,0.25244140625,0.9090909361839294,0.916179358959198,0.2548828125,0.93994140625,0.18657192587852478,0.0,0.65625,0.041015625,1.0,0.0018811915069818497,1.0,1.0,0.0,0.0,0.0,0.0018811915069818497,,,,,,,,,,,,,,,,,,,,,,,,,,,,,,,,,,,,,,,,,,,,,,,,,,,,
6,2269,,,0.02732086181640625,0.4228515625,16.0,1.0,1.0,1.0,1.0,1.0,1.0,1.0,1.0,0.0,0.0,0.0,0.0,0.0,0.0,0.0,0.0,0.0,27.0,1.0,0.007876167073845863,1.0,3.7480239868164062,0.92626953125,0.1171257495880127,0.015625,0.1171875,0.0,1.0,0.057062987238168716,1.0,17.28838348388672,0.5009765625,0.25830078125,0.8809073567390442,0.91015625,0.24267578125,0.91845703125,0.2473297417163849,0.0,0.6875,0.04296875,1.0,0.0030049332417547703,1.0,1.0,0.0,0.0,0.0,0.0030049332417547703,,,,,,,,,,,,,,,,,,,,,,,,,,,,,,,,,,,,,,,,,,,,,,,,,,,,
6,2274,,,0.02731800079345703,0.419158935546875,16.0,1.0,1.0,1.0,1.0,1.0,1.0,1.0,1.0,0.0,0.0,0.0,0.0,0.0,0.0,0.0,0.0,0.0,27.0,1.0,0.007251959294080734,1.0,3.7831878662109375,0.900146484375,0.1182246208190918,0.015625,0.1181640625,0.0,1.0,0.053650468587875366,1.0,17.30047035217285,0.50048828125,0.24658203125,0.8772277235984802,0.8552123308181763,0.25390625,0.9140625,0.2339353859424591,0.0,0.78125,0.0481770858168602,1.0,0.0024121063761413097,1.0,1.0,0.0,0.0,0.0,0.0024121063761413097,,,,,,,,,,,,,,,,,,,,,,,,,,,,,,,,,,,,,,,,,,,,,,,,,,,,
6,2279,,,0.026375770568847656,0.422760009765625,16.0,1.0,1.0,1.0,1.0,1.0,1.0,1.0,1.0,0.0,0.0,0.0,0.0,0.0,0.0,0.0,0.0,0.0,27.0,1.0,0.006850672885775566,1.0,3.7829437255859375,0.9102783203125,0.11821699142456055,0.015625,0.1181640625,0.0,1.0,0.04048915579915047,1.0,17.300386428833008,0.50537109375,0.263671875,0.8759258985519409,0.923828125,0.24169921875,0.9326171875,0.17015162110328674,0.0,0.71875,0.044921875,1.0,0.0021172910928726196,1.0,1.0,0.0,0.0,0.0,0.0021172910928726196,,,,,,,,,,,,,,,,,,,,,,,,,,,,,,,,,,,,,,,,,,,,,,,,,,,,
6,2284,,,0.026845932006835938,0.42236328125,16.0,1.0,1.0,1.0,1.0,1.0,1.0,1.0,1.0,0.0,0.0,0.0,0.0,0.0,0.0,0.0,0.0,0.0,27.0,1.0,0.005595083348453045,1.0,3.7432098388671875,0.945068359375,0.11697530746459961,0.015625,0.1171875,0.0,1.0,0.044090334326028824,1.0,17.286727905273438,0.49609375,0.24755859375,0.8777120113372803,0.869140625,0.24853515625,0.92041015625,0.19142404198646545,0.0,0.8125,0.05078125,1.0,0.0017884420230984688,1.0,1.0,0.0,0.0,0.0,0.0017884420230984688,,,,,,,,,,,,,,,,,,,,,,,,,,,,,,,,,,,,,,,,,,,,,,,,,,,,
6,2289,,,0.029054641723632812,0.42047119140625,16.0,1.0,1.0,1.0,1.0,1.0,1.0,1.0,1.0,0.0,0.0,0.0,0.0,0.0,0.0,0.0,0.0,0.0,27.0,1.0,0.006490857340395451,1.0,3.7604827880859375,0.926513671875,0.11751508712768555,0.015625,0.11767578125,0.0,1.0,0.05146143585443497,1.0,17.292665481567383,0.49951171875,0.26123046875,0.8598130941390991,0.8966861367225647,0.23828125,0.91552734375,0.22574114799499512,0.0,0.625,0.038947612047195435,1.0,0.0020500917453318834,1.0,1.0,0.0,0.0,0.0,0.0020500917453318834,,,,,,,,,,,,,,,,,,,,,,,,,,,,,,,,,,,,,,,,,,,,,,,,,,,,
6,2294,,,0.02219390869140625,0.42431640625,16.0,1.0,1.0,1.0,1.0,1.0,1.0,1.0,1.0,0.0,0.0,0.0,0.0,0.0,0.0,0.0,0.0,0.0,27.0,1.0,0.00580732524394989,1.0,3.7500152587890625,0.9459228515625,0.1171879768371582,0.015625,0.1171875,0.0,1.0,0.04608088731765747,1.0,17.2890682220459,0.498046875,0.25244140625,0.8646034598350525,0.873046875,0.24560546875,0.9130859375,0.20011597871780396,0.0,0.96875,0.060546875,1.0,0.0020340688060969114,1.0,1.0,0.0,0.0,0.0,0.0020340688060969114,,,,,,,,,,,,,,,,,,,,,,,,,,,,,,,,,,,,,,,,,,,,,,,,,,,,
,2300,458.96385419595646,8.061637024732388,,,,,,,,,,,,,,,,,,,,,,,,,,,,,,,,,,,,,,,,,,,,,,,,,,,,,,,,,,,,,,,,,,,,,,,,,,,,,,,,,,,,,,,,,,,,,,,,,,,,,,,,
6,2299,,,0.02660369873046875,0.41888427734375,16.0,1.0,1.0,1.0,1.0,1.0,1.0,1.0,1.0,0.0,0.0,0.0,0.0,0.0,0.0,0.0,0.0,0.0,27.0,1.0,0.005632910877466202,1.0,3.7661056518554688,0.9459228515625,0.1176908016204834,0.015625,0.11767578125,0.0,1.0,0.04675554856657982,1.0,17.294599533081055,0.498046875,0.25048828125,0.8908382058143616,0.892578125,0.24755859375,0.9296875,0.20392531156539917,0.0,0.84375,0.052734375,1.0,0.0019463666249066591,1.0,1.0,0.0,0.0,0.0,0.0019463666249066591,,,,,,,,,,,,,,,,,,,,,,,,,,,,,,,,,,,,,,,,,,,,,,,,,,,,
6,2304,,,0.028989791870117188,0.4219970703125,16.0,1.0,1.0,1.0,1.0,1.0,1.0,1.0,1.0,0.0,0.0,0.0,0.0,0.0,0.0,0.0,0.0,0.0,27.0,1.0,0.005841254722326994,1.0,3.6617813110351562,0.9468994140625,0.11443066596984863,0.015625,0.1142578125,0.0,1.0,0.035784270614385605,1.0,17.258737564086914,0.5009765625,0.24267578125,0.9315895438194275,0.904296875,0.25830078125,0.9443359375,0.14958274364471436,0.0,0.8125,0.05078125,1.0,0.0018286930862814188,1.0,1.0,0.0,0.0,0.0,0.0018286930862814188,,,,,,,,,,,,,,,,,,,,,,,,,,,,,,,,,,,,,,,,,,,,,,,,,,,,
6,2309,,,0.02638721466064453,0.423492431640625,16.0,1.0,1.0,1.0,1.0,1.0,1.0,1.0,1.0,0.0,0.0,0.0,0.0,0.0,0.0,0.0,0.0,0.0,27.0,1.0,0.0064963409677147865,1.0,3.66619873046875,0.9442138671875,0.11456871032714844,0.015625,0.11474609375,0.0,1.0,0.040973104536533356,1.0,17.260255813598633,0.498046875,0.25537109375,0.90439772605896,0.923828125,0.24267578125,0.939453125,0.17348800599575043,0.0,0.96875,0.060546875,1.0,0.002098725875839591,1.0,1.0,0.0,0.0,0.0,0.002098725875839591,,,,,,,,,,,,,,,,,,,,,,,,,,,,,,,,,,,,,,,,,,,,,,,,,,,,
6,2314,,,0.02509593963623047,0.421844482421875,16.0,1.0,1.0,1.0,1.0,1.0,1.0,1.0,1.0,0.0,0.0,0.0,0.0,0.0,0.0,0.0,0.0,0.0,27.0,1.0,0.00587445730343461,1.0,3.5392990112304688,0.9495849609375,0.11060309410095215,0.015625,0.11083984375,0.0,1.0,0.040856342762708664,1.0,17.21663475036621,0.50146484375,0.255859375,0.8816794157028198,0.9005848169326782,0.24560546875,0.93017578125,0.17439717054367065,0.0,0.78125,0.048713237047195435,1.0,0.0020448090508580208,1.0,1.0,0.0,0.0,0.0,0.0020448090508580208,,,,,,,,,,,,,,,,,,,,,,,,,,,,,,,,,,,,,,,,,,,,,,,,,,,,
6,2319,,,0.026813507080078125,0.4295654296875,16.0,1.0,1.0,1.0,1.0,1.0,1.0,1.0,1.0,0.0,0.0,0.0,0.0,0.0,0.0,0.0,0.0,0.0,27.0,1.0,0.005725459195673466,1.0,3.5460662841796875,0.9490966796875,0.11081457138061523,0.015625,0.11083984375,0.0,1.0,0.04210330918431282,1.0,17.21895980834961,0.49609375,0.2470703125,0.9011857509613037,0.890625,0.2490234375,0.9287109375,0.18060752749443054,0.0,0.78125,0.048828125,1.0,0.002069777576252818,1.0,1.0,0.0,0.0,0.0,0.002069777576252818,,,,,,,,,,,,,,,,,,,,,,,,,,,,,,,,,,,,,,,,,,,,,,,,,,,,
6,2324,,,0.026442527770996094,0.421722412109375,16.0,1.0,1.0,1.0,1.0,1.0,1.0,1.0,1.0,0.0,0.0,0.0,0.0,0.0,0.0,0.0,0.0,0.0,27.0,1.0,0.005886027589440346,1.0,3.5448074340820312,0.9290771484375,0.11077523231506348,0.015625,0.11083984375,0.0,1.0,0.03803795948624611,1.0,17.21852684020996,0.4990234375,0.2490234375,0.9215686321258545,0.9090909361839294,0.25,0.94384765625,0.16106274724006653,0.0,0.875,0.054113052785396576,1.0,0.001876951428130269,1.0,1.0,0.0,0.0,0.0,0.001876951428130269,,,,,,,,,,,,,,,,,,,,,,,,,,,,,,,,,,,,,,,,,,,,,,,,,,,,
6,2329,,,0.026447296142578125,0.43011474609375,16.0,1.0,1.0,1.0,1.0,1.0,1.0,1.0,1.0,0.0,0.0,0.0,0.0,0.0,0.0,0.0,0.0,0.0,27.0,1.0,0.01377107948064804,1.0,3.5220184326171875,0.91552734375,0.11006307601928711,0.015625,0.10986328125,0.0,1.0,0.04134640097618103,1.0,17.210693359375,0.49462890625,0.25927734375,0.9058380126953125,0.932170569896698,0.2353515625,0.93896484375,0.16719111800193787,0.0,0.5625,0.03469669073820114,1.0,0.002003668574616313,1.0,1.0,0.0,0.0,0.0,0.002003668574616313,,,,,,,,,,,,,,,,,,,,,,,,,,,,,,,,,,,,,,,,,,,,,,,,,,,,
6,2334,,,0.029661178588867188,0.4224853515625,16.0,1.0,1.0,1.0,1.0,1.0,1.0,1.0,1.0,0.0,0.0,0.0,0.0,0.0,0.0,0.0,0.0,0.0,27.0,1.0,0.004896675236523151,1.0,3.57086181640625,0.9293212890625,0.11158943176269531,0.015625,0.11181640625,0.0,1.0,0.04357903078198433,1.0,17.22748374938965,0.50244140625,0.24462890625,0.8842315077781677,0.8618677258491516,0.2578125,0.92578125,0.19049370288848877,0.0,0.75,0.0466579869389534,1.0,0.001716467784717679,1.0,1.0,0.0,0.0,0.0,0.001716467784717679,,,,,,,,,,,,,,,,,,,,,,,,,,,,,,,,,,,,,,,,,,,,,,,,,,,,
6,2339,,,0.024532318115234375,0.42291259765625,16.0,1.0,1.0,1.0,1.0,1.0,1.0,1.0,1.0,0.0,0.0,0.0,0.0,0.0,0.0,0.0,0.0,0.0,27.0,1.0,0.004968124441802502,1.0,3.4806900024414062,0.936767578125,0.10877156257629395,0.015625,0.10888671875,0.0,1.0,0.04504053294658661,1.0,17.196487426757812,0.501953125,0.25927734375,0.8926553726196289,0.92578125,0.24267578125,0.93115234375,0.19829683005809784,0.0,0.65625,0.041015625,1.0,0.0017118070973083377,1.0,1.0,0.0,0.0,0.0,0.0017118070973083377,,,,,,,,,,,,,,,,,,,,,,,,,,,,,,,,,,,,,,,,,,,,,,,,,,,,
6,2344,,,0.032886505126953125,0.42047119140625,16.0,1.0,1.0,1.0,1.0,1.0,1.0,1.0,1.0,0.0,0.0,0.0,0.0,0.0,0.0,0.0,0.0,0.0,27.0,1.0,0.005558500066399574,1.0,3.4691085815429688,0.9520263671875,0.10840964317321777,0.015625,0.1083984375,0.0,1.0,0.049400534480810165,1.0,17.192506790161133,0.4970703125,0.26025390625,0.8630393743515015,0.8984375,0.23681640625,0.92236328125,0.2181331217288971,0.0,0.78125,0.048828125,1.0,0.0018886696780100465,1.0,1.0,0.0,0.0,0.0,0.0018886696780100465,,,,,,,,,,,,,,,,,,,,,,,,,,,,,,,,,,,,,,,,,,,,,,,,,,,,
6,2349,,,0.030385971069335938,0.42376708984375,16.0,1.0,1.0,1.0,1.0,1.0,1.0,1.0,1.0,0.0,0.0,0.0,0.0,0.0,0.0,0.0,0.0,0.0,27.0,1.0,0.00650065578520298,1.0,3.3369216918945312,0.946533203125,0.1042788028717041,0.015625,0.1044921875,0.0,1.0,0.04354795813560486,1.0,17.147066116333008,0.50244140625,0.25927734375,0.8775894641876221,0.91015625,0.2431640625,0.9306640625,0.18641972541809082,0.0,0.75,0.046875,1.0,0.002244535367935896,1.0,1.0,0.0,0.0,0.0,0.002244535367935896,,,,,,,,,,,,,,,,,,,,,,,,,,,,,,,,,,,,,,,,,,,,,,,,,,,,
6,2354,,,0.027097702026367188,0.42352294921875,16.0,1.0,1.0,1.0,1.0,1.0,1.0,1.0,1.0,0.0,0.0,0.0,0.0,0.0,0.0,0.0,0.0,0.0,27.0,1.0,0.006249583326280117,1.0,3.3326339721679688,0.952392578125,0.10414481163024902,0.015625,0.10400390625,0.0,1.0,0.04541623592376709,1.0,17.145593643188477,0.50244140625,0.24462890625,0.9181636571884155,0.8984375,0.2578125,0.931640625,0.19701284170150757,0.0,0.71875,0.044921875,1.0,0.002105098683387041,1.0,1.0,0.0,0.0,0.0,0.002105098683387041,,,,,,,,,,,,,,,,,,,,,,,,,,,,,,,,,,,,,,,,,,,,,,,,,,,,
6,2359,,,0.027170181274414062,0.42333984375,16.0,1.0,1.0,1.0,1.0,1.0,1.0,1.0,1.0,0.0,0.0,0.0,0.0,0.0,0.0,0.0,0.0,0.0,27.0,1.0,0.005664105527102947,1.0,3.370025634765625,0.95556640625,0.10531330108642578,0.015625,0.10546875,0.0,1.0,0.03744426742196083,1.0,17.158447265625,0.49853515625,0.2431640625,0.9196786880493164,0.89453125,0.25537109375,0.94091796875,0.15955322980880737,0.0,0.625,0.0390625,1.0,0.0017401789082214236,1.0,1.0,0.0,0.0,0.0,0.0017401789082214236,,,,,,,,,,,,,,,,,,,,,,,,,,,,,,,,,,,,,,,,,,,,,,,,,,,,
6,2364,,,0.0270233154296875,0.418212890625,16.0,1.0,1.0,1.0,1.0,1.0,1.0,1.0,1.0,0.0,0.0,0.0,0.0,0.0,0.0,0.0,0.0,0.0,27.0,1.0,0.00515925046056509,1.0,3.3314285278320312,0.96484375,0.10410714149475098,0.015625,0.10400390625,0.0,1.0,0.043626412749290466,1.0,17.145177841186523,0.501953125,0.259765625,0.88345867395401,0.9090909361839294,0.2421875,0.93603515625,0.19164609909057617,0.0,0.8125,0.05055147036910057,1.0,0.0016619486268609762,1.0,1.0,0.0,0.0,0.0,0.0016619486268609762,,,,,,,,,,,,,,,,,,,,,,,,,,,,,,,,,,,,,,,,,,,,,,,,,,,,
6,2369,,,0.027889251708984375,0.42596435546875,16.0,1.0,1.0,1.0,1.0,1.0,1.0,1.0,1.0,0.0,0.0,0.0,0.0,0.0,0.0,0.0,0.0,0.0,27.0,1.0,0.004796660505235195,1.0,3.3352432250976562,0.9639892578125,0.10422635078430176,0.015625,0.10400390625,0.0,1.0,0.04112154245376587,1.0,17.1464900970459,0.49951171875,0.2529296875,0.8957529067993164,0.904483437538147,0.24658203125,0.93505859375,0.17911380529403687,0.0,0.875,0.054572612047195435,1.0,0.0017455281922593713,1.0,1.0,0.0,0.0,0.0,0.0017455281922593713,,,,,,,,,,,,,,,,,,,,,,,,,,,,,,,,,,,,,,,,,,,,,,,,,,,,
6,2374,,,0.028871536254882812,0.42535400390625,16.0,1.0,1.0,1.0,1.0,1.0,1.0,1.0,1.0,0.0,0.0,0.0,0.0,0.0,0.0,0.0,0.0,0.0,27.0,1.0,0.004614824429154396,1.0,3.2653427124023438,0.96826171875,0.10204195976257324,0.015625,0.10205078125,0.0,1.0,0.04074874892830849,1.0,17.122461318969727,0.4970703125,0.25,0.892578125,0.8839458227157593,0.2470703125,0.93310546875,0.17840617895126343,0.0,0.75,0.046760112047195435,1.0,0.001580412732437253,1.0,1.0,0.0,0.0,0.0,0.001580412732437253,,,,,,,,,,,,,,,,,,,,,,,,,,,,,,,,,,,,,,,,,,,,,,,,,,,,
6,2379,,,0.025949478149414062,0.4202880859375,16.0,1.0,1.0,1.0,1.0,1.0,1.0,1.0,1.0,0.0,0.0,0.0,0.0,0.0,0.0,0.0,0.0,0.0,27.0,1.0,0.00511279609054327,1.0,3.2944412231445312,0.95458984375,0.1029512882232666,0.015625,0.10302734375,0.0,1.0,0.04120225831866264,1.0,17.132463455200195,0.50048828125,0.2578125,0.8863636255264282,0.9122806787490845,0.24267578125,0.939453125,0.17900285124778748,0.0,0.71875,0.044806987047195435,1.0,0.0018040554132312536,1.0,1.0,0.0,0.0,0.0,0.0018040554132312536,,,,,,,,,,,,,,,,,,,,,,,,,,,,,,,,,,,,,,,,,,,,,,,,,,,,
6,2384,,,0.024616241455078125,0.423828125,16.0,1.0,1.0,1.0,1.0,1.0,1.0,1.0,1.0,0.0,0.0,0.0,0.0,0.0,0.0,0.0,0.0,0.0,27.0,1.0,0.005246897228062153,1.0,3.2383499145507812,0.95556640625,0.10119843482971191,0.015625,0.10107421875,0.0,1.0,0.04134252294898033,1.0,17.113182067871094,0.50244140625,0.2509765625,0.8988326787948608,0.8988326787948608,0.25146484375,0.93603515625,0.1792471706867218,0.0,0.6875,0.04273897036910057,1.0,0.0019210426835343242,1.0,1.0,0.0,0.0,0.0,0.0019210426835343242,,,,,,,,,,,,,,,,,,,,,,,,,,,,,,,,,,,,,,,,,,,,,,,,,,,,
6,2389,,,0.027919769287109375,0.42626953125,16.0,1.0,1.0,1.0,1.0,1.0,1.0,1.0,1.0,0.0,0.0,0.0,0.0,0.0,0.0,0.0,0.0,0.0,27.0,1.0,0.004698998294770718,1.0,3.1287078857421875,0.95458984375,0.09777212142944336,0.015625,0.09765625,0.0,1.0,0.04024950787425041,1.0,17.07549285888672,0.49755859375,0.2578125,0.8996211886405945,0.927734375,0.23974609375,0.9404296875,0.17621546983718872,0.0,0.78125,0.048828125,1.0,0.0015993404667824507,1.0,1.0,0.0,0.0,0.0,0.0015993404667824507,,,,,,,,,,,,,,,,,,,,,,,,,,,,,,,,,,,,,,,,,,,,,,,,,,,,
6,2394,,,0.031156539916992188,0.42303466796875,16.0,1.0,1.0,1.0,1.0,1.0,1.0,1.0,1.0,0.0,0.0,0.0,0.0,0.0,0.0,0.0,0.0,0.0,27.0,1.0,0.004681441932916641,1.0,3.0716934204101562,0.958984375,0.09599041938781738,0.015625,0.09619140625,0.0,1.0,0.03489033505320549,1.0,17.05589485168457,0.4970703125,0.25390625,0.9134615659713745,0.927734375,0.2431640625,0.9453125,0.15015849471092224,0.0,0.84375,0.052734375,1.0,0.0014541037380695343,1.0,1.0,0.0,0.0,0.0,0.0014541037380695343,,,,,,,,,,,,,,,,,,,,,,,,,,,,,,,,,,,,,,,,,,,,,,,,,,,,
,2400,445.21688190749995,8.08594675156085,,,,,,,,,,,,,,,,,,,,,,,,,,,,,,,,,,,,,,,,,,,,,,,,,,,,,,,,,,,,,,,,,,,,,,,,,,,,,,,,,,,,,,,,,,,,,,,,,,,,,,,,
6,2399,,,0.02383708953857422,0.426239013671875,16.0,1.0,1.0,1.0,1.0,1.0,1.0,1.0,1.0,0.0,0.0,0.0,0.0,0.0,0.0,0.0,0.0,0.0,27.0,1.0,0.004895835183560848,1.0,3.0669937133789062,0.9371337890625,0.09584355354309082,0.015625,0.095703125,0.0,1.0,0.037468016147613525,1.0,17.054279327392578,0.49853515625,0.25537109375,0.9082217812538147,0.924124538898468,0.2431640625,0.943359375,0.16286420822143555,0.0,0.75,0.04664522036910057,1.0,0.0015178634785115719,1.0,1.0,0.0,0.0,0.0,0.0015178634785115719,,,,,,,,,,,,,,,,,,,,,,,,,,,,,,,,,,,,,,,,,,,,,,,,,,,,
6,2404,,,0.027746200561523438,0.4207763671875,16.0,1.0,1.0,1.0,1.0,1.0,1.0,1.0,1.0,0.0,0.0,0.0,0.0,0.0,0.0,0.0,0.0,0.0,27.0,1.0,0.006104525178670883,1.0,3.1292495727539062,0.938720703125,0.09778904914855957,0.015625,0.09765625,0.0,1.0,0.046046748757362366,1.0,17.075679779052734,0.498046875,0.25634765625,0.8952381014823914,0.91796875,0.24169921875,0.93212890625,0.2021157443523407,0.0,0.65625,0.041015625,1.0,0.001866878243163228,1.0,1.0,0.0,0.0,0.0,0.001866878243163228,,,,,,,,,,,,,,,,,,,,,,,,,,,,,,,,,,,,,,,,,,,,,,,,,,,,
6,2409,,,0.025519371032714844,0.422576904296875,16.0,1.0,1.0,1.0,1.0,1.0,1.0,1.0,1.0,0.0,0.0,0.0,0.0,0.0,0.0,0.0,0.0,0.0,27.0,1.0,0.0055900681763887405,1.0,3.0947036743164062,0.93603515625,0.0967094898223877,0.015625,0.0966796875,0.0,1.0,0.04177817702293396,1.0,17.063804626464844,0.5048828125,0.25830078125,0.8922495245933533,0.9200779795646667,0.24658203125,0.9326171875,0.18196246027946472,0.0,0.65625,0.040900737047195435,1.0,0.0018027388723567128,1.0,1.0,0.0,0.0,0.0,0.0018027388723567128,,,,,,,,,,,,,,,,,,,,,,,,,,,,,,,,,,,,,,,,,,,,,,,,,,,,
6,2411,,,,,,,,,,,,,,,,,,,,,,,,,,,,,,,,,,,,,,,,,,,,,,,,,,,,,,,0.021381378173828125,0.42311790585517883,16.0,1.0,1.0,1.0,1.0,1.0,1.0,1.0,1.0,0.0,0.0,0.0,0.0,0.0,0.0,0.0,0.0,0.0,27.0,1.0,0.006505236495286226,1.0,3.021517753601074,0.9495738744735718,0.09442242980003357,0.015625,0.09441583603620529,0.0,1.0,0.03377186134457588,1.0,17.03864860534668,0.5007102489471436,0.25497159361839294,0.9136807918548584,0.9318181872367859,0.24573864042758942,0.9481534361839294,0.1413325071334839,0.0,0.7272727489471436,0.04545454680919647,1.0,0.0017773095751181245,1.0,1.0,0.0,0.0,0.0,0.0017773095751181245
6,2414,,,0.028476715087890625,0.42388916015625,16.0,1.0,1.0,0.90625,0.994140625,1.0,1.0,1.0,1.0,0.0,0.0,1.0,0.09375,0.0,0.0,1.0,0.00146484375,0.0,27.0,0.90625,0.00874900072813034,1.0,3.042877197265625,0.9468994140625,0.09508991241455078,0.015625,0.09521484375,0.0,1.0,0.029312051832675934,0.9985119700431824,17.045989990234375,0.50244140625,0.25341796875,0.9364162087440491,0.94921875,0.2490234375,0.962890625,0.10906091332435608,0.0,0.78125,0.048828125,0.99853515625,0.0031205029226839542,1.0,1.0,0.0,0.0,0.0,0.0031205029226839542,,,,,,,,,,,,,,,,,,,,,,,,,,,,,,,,,,,,,,,,,,,,,,,,,,,,
6,2419,,,0.02817535400390625,0.42462158203125,16.0,1.0,1.0,1.0,1.0,1.0,1.0,1.0,1.0,0.0,0.0,0.0,0.0,0.0,0.0,0.0,0.0,0.0,27.0,1.0,0.004683094099164009,1.0,2.9357452392578125,0.9466552734375,0.09174203872680664,0.015625,0.091796875,0.0,1.0,0.03507921099662781,1.0,17.00916290283203,0.4912109375,0.26611328125,0.8880733847618103,0.9416342377662659,0.22509765625,0.93994140625,0.151705801486969,0.0,0.65625,0.040900737047195435,1.0,0.0014468401204794645,1.0,1.0,0.0,0.0,0.0,0.0014468401204794645,,,,,,,,,,,,,,,,,,,,,,,,,,,,,,,,,,,,,,,,,,,,,,,,,,,,
6,2424,,,0.028557777404785156,0.423614501953125,16.0,1.0,1.0,1.0,1.0,1.0,1.0,1.0,1.0,0.0,0.0,0.0,0.0,0.0,0.0,0.0,0.0,0.0,27.0,1.0,0.004164810758084059,1.0,3.005352020263672,0.933837890625,0.09391725063323975,0.015625,0.09375,0.0,1.0,0.03598635643720627,1.0,17.033090591430664,0.49755859375,0.25732421875,0.8975331783294678,0.9202334880828857,0.240234375,0.9326171875,0.15668845176696777,0.0,0.59375,0.03687959536910057,1.0,0.0014450544258579612,1.0,1.0,0.0,0.0,0.0,0.0014450544258579612,,,,,,,,,,,,,,,,,,,,,,,,,,,,,,,,,,,,,,,,,,,,,,,,,,,,
6,2429,,,0.0305328369140625,0.41729736328125,16.0,1.0,1.0,1.0,1.0,1.0,1.0,1.0,1.0,0.0,0.0,0.0,0.0,0.0,0.0,0.0,0.0,0.0,27.0,1.0,0.005302630830556154,1.0,3.0356712341308594,0.957763671875,0.09486472606658936,0.015625,0.0947265625,0.0,1.0,0.034220125526189804,1.0,17.04351234436035,0.49560546875,0.25732421875,0.918406069278717,0.9343629479408264,0.23828125,0.9482421875,0.14508962631225586,0.0,0.6875,0.04227941110730171,1.0,0.0016791243106126785,1.0,1.0,0.0,0.0,0.0,0.0016791243106126785,,,,,,,,,,,,,,,,,,,,,,,,,,,,,,,,,,,,,,,,,,,,,,,,,,,,
6,2434,,,0.02482318878173828,0.421112060546875,16.0,1.0,1.0,1.0,1.0,1.0,1.0,1.0,1.0,0.0,0.0,0.0,0.0,0.0,0.0,0.0,0.0,0.0,27.0,1.0,0.006090308539569378,1.0,2.972423553466797,0.9586181640625,0.0928882360458374,0.015625,0.0927734375,0.0,1.0,0.04000566899776459,1.0,17.021770477294922,0.50341796875,0.251953125,0.9224806427955627,0.9224806427955627,0.25146484375,0.94873046875,0.16800981760025024,0.0,0.78125,0.04836856573820114,1.0,0.002778952242806554,1.0,1.0,0.0,0.0,0.0,0.002778952242806554,,,,,,,,,,,,,,,,,,,,,,,,,,,,,,,,,,,,,,,,,,,,,,,,,,,,
6,2439,,,0.02641582489013672,0.421173095703125,16.0,1.0,1.0,1.0,1.0,1.0,1.0,1.0,1.0,0.0,0.0,0.0,0.0,0.0,0.0,0.0,0.0,0.0,27.0,1.0,0.004438069183379412,1.0,2.998645782470703,0.9560546875,0.09370768070220947,0.015625,0.09375,0.0,1.0,0.034279778599739075,1.0,17.030784606933594,0.50048828125,0.2509765625,0.9066147804260254,0.91015625,0.24951171875,0.94677734375,0.14700005948543549,0.0,0.65625,0.041015625,1.0,0.0016292623477056623,1.0,1.0,0.0,0.0,0.0,0.0016292623477056623,,,,,,,,,,,,,,,,,,,,,,,,,,,,,,,,,,,,,,,,,,,,,,,,,,,,
6,2444,,,0.024231910705566406,0.423858642578125,16.0,1.0,1.0,1.0,1.0,1.0,1.0,1.0,1.0,0.0,0.0,0.0,0.0,0.0,0.0,0.0,0.0,0.0,27.0,1.0,0.004322250373661518,1.0,2.962047576904297,0.95849609375,0.09256398677825928,0.015625,0.0927734375,0.0,1.0,0.03539625555276871,1.0,17.018203735351562,0.50244140625,0.25732421875,0.9051233530044556,0.9280155897140503,0.2451171875,0.947265625,0.1528293490409851,0.0,0.78125,0.048713237047195435,1.0,0.0016535616014152765,1.0,1.0,0.0,0.0,0.0,0.0016535616014152765,,,,,,,,,,,,,,,,,,,,,,,,,,,,,,,,,,,,,,,,,,,,,,,,,,,,
6,2449,,,0.03188514709472656,0.4217529296875,16.0,1.0,1.0,1.0,1.0,1.0,1.0,1.0,1.0,0.0,0.0,0.0,0.0,0.0,0.0,0.0,0.0,0.0,27.0,1.0,0.00446342583745718,1.0,3.0015830993652344,0.9656982421875,0.09379947185516357,0.015625,0.09375,0.0,1.0,0.04225946590304375,1.0,17.03179359436035,0.49755859375,0.2578125,0.8901515007019043,0.9143968820571899,0.23974609375,0.92724609375,0.18584439158439636,0.0,0.875,0.0546875,1.0,0.001779048703610897,1.0,1.0,0.0,0.0,0.0,0.001779048703610897,,,,,,,,,,,,,,,,,,,,,,,,,,,,,,,,,,,,,,,,,,,,,,,,,,,,
6,2454,,,0.02307605743408203,0.424468994140625,16.0,1.0,1.0,1.0,1.0,1.0,1.0,1.0,1.0,0.0,0.0,0.0,0.0,0.0,0.0,0.0,0.0,0.0,27.0,1.0,0.005485273897647858,1.0,2.9163475036621094,0.9365234375,0.09113585948944092,0.015625,0.09130859375,0.0,1.0,0.03702547028660774,1.0,17.00249481201172,0.49951171875,0.255859375,0.8969465494155884,0.9108527302742004,0.24365234375,0.93603515625,0.15913818776607513,0.0,0.6875,0.04296875,1.0,0.0017723272321745753,1.0,1.0,0.0,0.0,0.0,0.0017723272321745753,,,,,,,,,,,,,,,,,,,,,,,,,,,,,,,,,,,,,,,,,,,,,,,,,,,,
6,2459,,,0.02685546875,0.4244384765625,16.0,1.0,1.0,1.0,1.0,1.0,1.0,1.0,1.0,0.0,0.0,0.0,0.0,0.0,0.0,0.0,0.0,0.0,27.0,1.0,0.0047758836299180984,1.0,2.9532852172851562,0.934814453125,0.09229016304016113,0.015625,0.09228515625,0.0,1.0,0.0430060550570488,1.0,17.01519203186035,0.49365234375,0.2509765625,0.8754863739013672,0.87890625,0.24267578125,0.92041015625,0.18978798389434814,0.0,0.78125,0.048828125,1.0,0.0017396167386323214,1.0,1.0,0.0,0.0,0.0,0.0017396167386323214,,,,,,,,,,,,,,,,,,,,,,,,,,,,,,,,,,,,,,,,,,,,,,,,,,,,
7,2464,,,0.027375221252441406,0.422698974609375,16.0,1.0,1.0,1.0,1.0,1.0,1.0,1.0,1.0,0.0,0.0,0.0,0.0,0.0,0.0,0.0,0.0,0.0,27.0,1.0,0.005220113322138786,1.0,2.9761199951171875,0.9326171875,0.09300374984741211,0.015625,0.0927734375,0.0,1.0,0.03862816467881203,1.0,17.023040771484375,0.51123046875,0.26416015625,0.874306857585907,0.9202334880828857,0.2470703125,0.9287109375,0.16596055030822754,0.0,0.78125,0.04859834536910057,1.0,0.002003331668674946,1.0,1.0,0.0,0.0,0.0,0.002003331668674946,,,,,,,,,,,,,,,,,,,,,,,,,,,,,,,,,,,,,,,,,,,,,,,,,,,,
7,2469,,,0.029682159423828125,0.422607421875,16.0,1.0,1.0,1.0,1.0,1.0,1.0,1.0,1.0,0.0,0.0,0.0,0.0,0.0,0.0,0.0,0.0,0.0,27.0,1.0,0.0050506978295743465,1.0,2.9178009033203125,0.93505859375,0.09118127822875977,0.015625,0.09130859375,0.0,1.0,0.04211747273802757,1.0,17.002994537353516,0.4990234375,0.2451171875,0.9003984332084656,0.8828125,0.25390625,0.92578125,0.18338145315647125,0.0,0.78125,0.048828125,1.0,0.002058261539787054,1.0,1.0,0.0,0.0,0.0,0.002058261539787054,,,,,,,,,,,,,,,,,,,,,,,,,,,,,,,,,,,,,,,,,,,,,,,,,,,,
7,2474,,,0.033100128173828125,0.43060302734375,16.0,1.0,1.0,1.0,1.0,1.0,1.0,1.0,1.0,0.0,0.0,0.0,0.0,0.0,0.0,0.0,0.0,0.0,27.0,1.0,0.00414747279137373,1.0,2.8776283264160156,0.8956298828125,0.08992588520050049,0.015625,0.08984375,0.0,1.0,0.04150070250034332,1.0,16.989185333251953,0.4951171875,0.24755859375,0.9289940595626831,0.919921875,0.24755859375,0.94287109375,0.1843705177307129,0.0,0.5625,0.03515625,1.0,0.0014581909636035562,1.0,1.0,0.0,0.0,0.0,0.0014581909636035562,,,,,,,,,,,,,,,,,,,,,,,,,,,,,,,,,,,,,,,,,,,,,,,,,,,,
7,2479,,,0.02863025665283203,0.419891357421875,16.0,1.0,1.0,1.0,1.0,1.0,1.0,1.0,1.0,0.0,0.0,0.0,0.0,0.0,0.0,0.0,0.0,0.0,27.0,1.0,0.0041753435507416725,1.0,2.9598159790039062,0.9130859375,0.09249424934387207,0.015625,0.09228515625,0.0,1.0,0.0427679568529129,1.0,17.017436981201172,0.50439453125,0.25341796875,0.9113680124282837,0.923828125,0.2509765625,0.935546875,0.18995408713817596,0.0,0.59375,0.037109375,1.0,0.00160068622790277,1.0,1.0,0.0,0.0,0.0,0.00160068622790277,,,,,,,,,,,,,,,,,,,,,,,,,,,,,,,,,,,,,,,,,,,,,,,,,,,,
7,2484,,,0.023227691650390625,0.42388916015625,16.0,1.0,1.0,0.96875,0.998046875,1.0,1.0,1.0,1.0,0.0,0.0,1.0,0.03125,0.0,0.0,0.0,0.00048828125,0.0,27.0,0.96875,0.005007170140743256,1.0,2.9386672973632812,0.9271240234375,0.09183335304260254,0.015625,0.091796875,0.0,1.0,0.04139591380953789,0.999504029750824,17.01016616821289,0.498046875,0.25390625,0.8999999761581421,0.90873783826828,0.244140625,0.93408203125,0.17969393730163574,0.0,0.65625,0.04067095369100571,0.99951171875,0.0021343729458749294,1.0,1.0,0.0,0.0,0.0,0.0021343729458749294,,,,,,,,,,,,,,,,,,,,,,,,,,,,,,,,,,,,,,,,,,,,,,,,,,,,
7,2489,,,0.026569366455078125,0.4256591796875,16.0,1.0,1.0,1.0,1.0,1.0,1.0,1.0,1.0,0.0,0.0,0.0,0.0,0.0,0.0,0.0,0.0,0.0,27.0,1.0,0.0048266928642988205,1.0,2.9332351684570312,0.927978515625,0.09166359901428223,0.015625,0.091796875,0.0,1.0,0.045963454991579056,1.0,17.008298873901367,0.5009765625,0.26123046875,0.8803738355636597,0.9163424372673035,0.23974609375,0.92529296875,0.20377270877361298,0.0,0.71875,0.04469209536910057,1.0,0.0018978612497448921,1.0,1.0,0.0,0.0,0.0,0.0018978612497448921,,,,,,,,,,,,,,,,,,,,,,,,,,,,,,,,,,,,,,,,,,,,,,,,,,,,
7,2494,,,0.027222633361816406,0.427215576171875,16.0,1.0,1.0,1.0,1.0,1.0,1.0,1.0,1.0,0.0,0.0,0.0,0.0,0.0,0.0,0.0,0.0,0.0,27.0,1.0,0.0046072471886873245,1.0,2.932159423828125,0.9268798828125,0.0916299819946289,0.015625,0.091796875,0.0,1.0,0.04912789911031723,1.0,17.007930755615234,0.49853515625,0.263671875,0.8462963104248047,0.8873786330223083,0.23486328125,0.916015625,0.22009152173995972,0.0,0.71875,0.04457720369100571,1.0,0.0018468714552000165,1.0,1.0,0.0,0.0,0.0,0.0018468714552000165,,,,,,,,,,,,,,,,,,,,,,,,,,,,,,,,,,,,,,,,,,,,,,,,,,,,
,2500,435.89939909599997,8.029375601936033,,,,,,,,,,,,,,,,,,,,,,,,,,,,,,,,,,,,,,,,,,,,,,,,,,,,,,,,,,,,,,,,,,,,,,,,,,,,,,,,,,,,,,,,,,,,,,,,,,,,,,,,
7,2499,,,0.024595260620117188,0.42138671875,16.0,1.0,1.0,1.0,1.0,1.0,1.0,1.0,1.0,0.0,0.0,0.0,0.0,0.0,0.0,0.0,0.0,0.0,27.0,1.0,0.005288843531161547,1.0,2.9680442810058594,0.944091796875,0.0927513837814331,0.015625,0.0927734375,0.0,1.0,0.04477249085903168,1.0,17.020265579223633,0.50537109375,0.251953125,0.8779069781303406,0.884765625,0.25341796875,0.92236328125,0.1970689296722412,0.0,0.71875,0.044921875,1.0,0.0019365974003449082,1.0,1.0,0.0,0.0,0.0,0.0019365974003449082,,,,,,,,,,,,,,,,,,,,,,,,,,,,,,,,,,,,,,,,,,,,,,,,,,,,
7,2504,,,0.03050708770751953,0.424591064453125,16.0,1.0,1.0,1.0,1.0,1.0,1.0,1.0,1.0,0.0,0.0,0.0,0.0,0.0,0.0,0.0,0.0,0.0,27.0,1.0,0.005180821288377047,1.0,2.933216094970703,0.93017578125,0.09166300296783447,0.015625,0.091796875,0.0,1.0,0.04596816375851631,1.0,17.00829315185547,0.5048828125,0.26220703125,0.8808193802833557,0.923828125,0.24267578125,0.93017578125,0.20349135994911194,0.0,0.5625,0.03515625,1.0,0.0018309324514120817,1.0,1.0,0.0,0.0,0.0,0.0018309324514120817,,,,,,,,,,,,,,,,,,,,,,,,,,,,,,,,,,,,,,,,,,,,,,,,,,,,
7,2509,,,0.02550029754638672,0.426605224609375,16.0,1.0,1.0,1.0,1.0,1.0,1.0,1.0,1.0,0.0,0.0,0.0,0.0,0.0,0.0,0.0,0.0,0.0,27.0,1.0,0.005483386106789112,1.0,2.8882980346679688,0.9432373046875,0.09025931358337402,0.015625,0.09033203125,0.0,1.0,0.04170025512576103,1.0,16.99285316467285,0.50341796875,0.26171875,0.878731369972229,0.919921875,0.24169921875,0.93310546875,0.17649796605110168,0.0,0.71875,0.044921875,1.0,0.0029666440095752478,1.0,1.0,0.0,0.0,0.0,0.0029666440095752478,,,,,,,,,,,,,,,,,,,,,,,,,,,,,,,,,,,,,,,,,,,,,,,,,,,,
7,2514,,,0.03249835968017578,0.425201416015625,16.0,1.0,1.0,1.0,1.0,1.0,1.0,1.0,1.0,0.0,0.0,0.0,0.0,0.0,0.0,0.0,0.0,0.0,27.0,1.0,0.006948754191398621,1.0,2.924571990966797,0.9317626953125,0.0913928747177124,0.015625,0.09130859375,0.0,1.0,0.04271353781223297,1.0,17.005321502685547,0.5029296875,0.2548828125,0.9022988677024841,0.9181286692619324,0.248046875,0.93994140625,0.18316367268562317,0.0,0.71875,0.044921875,1.0,0.0021952055394649506,1.0,1.0,0.0,0.0,0.0,0.0021952055394649506,,,,,,,,,,,,,,,,,,,,,,,,,,,,,,,,,,,,,,,,,,,,,,,,,,,,
7,2519,,,0.027614593505859375,0.42669677734375,16.0,1.0,1.0,1.0,1.0,1.0,1.0,1.0,1.0,0.0,0.0,0.0,0.0,0.0,0.0,0.0,0.0,0.0,27.0,1.0,0.004485270474106073,1.0,2.930225372314453,0.9381103515625,0.09156954288482666,0.015625,0.091796875,0.0,1.0,0.04246962442994118,1.0,17.007265090942383,0.5048828125,0.25048828125,0.9142300486564636,0.9071566462516785,0.25439453125,0.939453125,0.18739280104637146,0.0,0.59375,0.03676470369100571,1.0,0.0017549128970131278,1.0,1.0,0.0,0.0,0.0,0.0017549128970131278,,,,,,,,,,,,,,,,,,,,,,,,,,,,,,,,,,,,,,,,,,,,,,,,,,,,
7,2524,,,0.0260009765625,0.42828369140625,16.0,1.0,1.0,1.0,1.0,1.0,1.0,1.0,1.0,0.0,0.0,0.0,0.0,0.0,0.0,0.0,0.0,0.0,27.0,1.0,0.005086933262646198,1.0,2.868541717529297,0.93798828125,0.08964192867279053,0.015625,0.08984375,0.0,1.0,0.04007117822766304,1.0,16.986061096191406,0.5009765625,0.24755859375,0.9388560056686401,0.9260700345039368,0.25341796875,0.94873046875,0.17471760511398315,0.0,0.53125,0.033203125,1.0,0.0017953787464648485,1.0,1.0,0.0,0.0,0.0,0.0017953787464648485,,,,,,,,,,,,,,,,,,,,,,,,,,,,,,,,,,,,,,,,,,,,,,,,,,,,
7,2529,,,0.030915260314941406,0.428131103515625,16.0,1.0,1.0,1.0,1.0,1.0,1.0,1.0,1.0,0.0,0.0,0.0,0.0,0.0,0.0,0.0,0.0,0.0,27.0,1.0,0.003942145965993404,1.0,2.905750274658203,0.9132080078125,0.09080469608306885,0.015625,0.0908203125,0.0,1.0,0.04171668365597725,1.0,16.998851776123047,0.498046875,0.24951171875,0.9178082346916199,0.916015625,0.24853515625,0.93798828125,0.1852181851863861,0.0,0.5,0.03125,1.0,0.0015625605592504144,1.0,1.0,0.0,0.0,0.0,0.0015625605592504144,,,,,,,,,,,,,,,,,,,,,,,,,,,,,,,,,,,,,,,,,,,,,,,,,,,,
7,2534,,,0.031615257263183594,0.432952880859375,16.0,1.0,1.0,1.0,1.0,1.0,1.0,1.0,1.0,0.0,0.0,0.0,0.0,0.0,0.0,0.0,0.0,0.0,27.0,1.0,0.0040056705474853516,1.0,2.888446807861328,0.931396484375,0.0902639627456665,0.015625,0.09033203125,0.0,1.0,0.038099247962236404,1.0,16.992902755737305,0.49267578125,0.25341796875,0.9075144529342651,0.919921875,0.2392578125,0.9384765625,0.16816481947898865,0.0,0.65625,0.041015625,1.0,0.001340548973530531,1.0,1.0,0.0,0.0,0.0,0.001340548973530531,,,,,,,,,,,,,,,,,,,,,,,,,,,,,,,,,,,,,,,,,,,,,,,,,,,,
7,2539,,,0.024924278259277344,0.430267333984375,16.0,1.0,1.0,1.0,1.0,1.0,1.0,1.0,1.0,0.0,0.0,0.0,0.0,0.0,0.0,0.0,0.0,0.0,27.0,1.0,0.004380945581942797,1.0,2.8578147888183594,0.9605712890625,0.08930671215057373,0.015625,0.08935546875,0.0,1.0,0.04414253309369087,1.0,16.98237419128418,0.49853515625,0.2470703125,0.9051383137702942,0.8910505771636963,0.25146484375,0.92529296875,0.1972571462392807,0.0,0.875,0.05445772036910057,1.0,0.0015613457653671503,1.0,1.0,0.0,0.0,0.0,0.0015613457653671503,,,,,,,,,,,,,,,,,,,,,,,,,,,,,,,,,,,,,,,,,,,,,,,,,,,,
7,2544,,,0.025618553161621094,0.428619384765625,16.0,1.0,1.0,1.0,1.0,1.0,1.0,1.0,1.0,0.0,0.0,0.0,0.0,0.0,0.0,0.0,0.0,0.0,27.0,1.0,0.004584854934364557,1.0,2.8077964782714844,0.9609375,0.08774363994598389,0.015625,0.087890625,0.0,1.0,0.04482520371675491,1.0,16.965179443359375,0.49755859375,0.2509765625,0.9066147804260254,0.9048543572425842,0.24658203125,0.9306640625,0.19895997643470764,0.0,0.9375,0.05824907869100571,1.0,0.0018760454840958118,1.0,1.0,0.0,0.0,0.0,0.0018760454840958118,,,,,,,,,,,,,,,,,,,,,,,,,,,,,,,,,,,,,,,,,,,,,,,,,,,,
7,2549,,,0.023858070373535156,0.426910400390625,16.0,1.0,1.0,1.0,1.0,1.0,1.0,1.0,1.0,0.0,0.0,0.0,0.0,0.0,0.0,0.0,0.0,0.0,27.0,1.0,0.005335745867341757,1.0,2.838245391845703,0.9560546875,0.08869516849517822,0.015625,0.0888671875,0.0,1.0,0.048531487584114075,1.0,16.97564697265625,0.5029296875,0.26513671875,0.8747698068618774,0.927734375,0.23779296875,0.92041015625,0.21697089076042175,0.0,0.84375,0.052734375,1.0,0.0017871448071673512,1.0,1.0,0.0,0.0,0.0,0.0017871448071673512,,,,,,,,,,,,,,,,,,,,,,,,,,,,,,,,,,,,,,,,,,,,,,,,,,,,
7,2554,,,0.024984359741210938,0.43035888671875,16.0,1.0,1.0,1.0,1.0,1.0,1.0,1.0,1.0,0.0,0.0,0.0,0.0,0.0,0.0,0.0,0.0,0.0,27.0,1.0,0.004801390692591667,1.0,2.863140106201172,0.9202880859375,0.08947312831878662,0.015625,0.08935546875,0.0,1.0,0.047711797058582306,1.0,16.98420524597168,0.50634765625,0.2470703125,0.8774703741073608,0.8638132214546204,0.25927734375,0.91650390625,0.21295839548110962,0.0,0.625,0.0388454869389534,1.0,0.001884648809209466,1.0,1.0,0.0,0.0,0.0,0.001884648809209466,,,,,,,,,,,,,,,,,,,,,,,,,,,,,,,,,,,,,,,,,,,,,,,,,,,,
7,2559,,,0.026510238647460938,0.4244384765625,16.0,1.0,1.0,1.0,1.0,1.0,1.0,1.0,1.0,0.0,0.0,0.0,0.0,0.0,0.0,0.0,0.0,0.0,27.0,1.0,0.010616331361234188,1.0,2.8728675842285156,0.93701171875,0.08977711200714111,0.015625,0.08984375,0.0,1.0,0.055040013045072556,1.0,16.987548828125,0.501953125,0.26025390625,0.8536585569381714,0.8869395852088928,0.24169921875,0.91552734375,0.2339773178100586,0.0,0.75,0.046760112047195435,1.0,0.0035248249769210815,1.0,1.0,0.0,0.0,0.0,0.0035248249769210815,,,,,,,,,,,,,,,,,,,,,,,,,,,,,,,,,,,,,,,,,,,,,,,,,,,,
7,2564,,,0.025156021118164062,0.425048828125,16.0,1.0,1.0,1.0,1.0,1.0,1.0,1.0,1.0,0.0,0.0,0.0,0.0,0.0,0.0,0.0,0.0,0.0,27.0,1.0,0.005280821584165096,1.0,2.9093055725097656,0.9193115234375,0.09091579914093018,0.015625,0.0908203125,0.0,1.0,0.040428001433610916,1.0,17.00007438659668,0.4970703125,0.251953125,0.8798449635505676,0.88671875,0.2451171875,0.9208984375,0.17443251609802246,0.0,0.71875,0.044921875,1.0,0.002153935842216015,1.0,1.0,0.0,0.0,0.0,0.002153935842216015,,,,,,,,,,,,,,,,,,,,,,,,,,,,,,,,,,,,,,,,,,,,,,,,,,,,
7,2569,,,0.031111717224121094,0.426483154296875,16.0,1.0,1.0,1.0,1.0,1.0,1.0,1.0,1.0,0.0,0.0,0.0,0.0,0.0,0.0,0.0,0.0,0.0,27.0,1.0,0.005589333362877369,1.0,2.922149658203125,0.9521484375,0.09131717681884766,0.015625,0.09130859375,0.0,1.0,0.04462706297636032,1.0,17.00448989868164,0.50244140625,0.26123046875,0.8803738355636597,0.9110251665115356,0.2412109375,0.92822265625,0.1961750090122223,0.0,0.84375,0.052159927785396576,1.0,0.0018601822666823864,1.0,1.0,0.0,0.0,0.0,0.0018601822666823864,,,,,,,,,,,,,,,,,,,,,,,,,,,,,,,,,,,,,,,,,,,,,,,,,,,,
7,2574,,,0.027437210083007812,0.42578125,16.0,1.0,1.0,1.0,1.0,1.0,1.0,1.0,1.0,0.0,0.0,0.0,0.0,0.0,0.0,0.0,0.0,0.0,27.0,1.0,0.0045601194724440575,1.0,2.924896240234375,0.9468994140625,0.09140300750732422,0.015625,0.09130859375,0.0,1.0,0.04754252731800079,1.0,17.00543212890625,0.5068359375,0.2470703125,0.8853754997253418,0.8732943534851074,0.259765625,0.91748046875,0.21297626197338104,0.0,0.75,0.046875,1.0,0.0017094480572268367,1.0,1.0,0.0,0.0,0.0,0.0017094480572268367,,,,,,,,,,,,,,,,,,,,,,,,,,,,,,,,,,,,,,,,,,,,,,,,,,,,
7,2579,,,0.02954864501953125,0.4293212890625,16.0,1.0,1.0,1.0,1.0,1.0,1.0,1.0,1.0,0.0,0.0,0.0,0.0,0.0,0.0,0.0,0.0,0.0,27.0,1.0,0.0040834564715623856,1.0,2.8751144409179688,0.9466552734375,0.08984732627868652,0.015625,0.08984375,0.0,1.0,0.03784614056348801,1.0,16.98832130432129,0.50439453125,0.24951171875,0.9060665369033813,0.904296875,0.2548828125,0.94140625,0.16602036356925964,0.0,0.78125,0.048828125,1.0,0.001525175990536809,1.0,1.0,0.0,0.0,0.0,0.001525175990536809,,,,,,,,,,,,,,,,,,,,,,,,,,,,,,,,,,,,,,,,,,,,,,,,,,,,
7,2584,,,0.031599998474121094,0.424468994140625,16.0,1.0,1.0,1.0,1.0,1.0,1.0,1.0,1.0,0.0,0.0,0.0,0.0,0.0,0.0,0.0,0.0,0.0,27.0,1.0,0.005290266592055559,1.0,2.9086990356445312,0.9603271484375,0.0908968448638916,0.015625,0.0908203125,0.0,1.0,0.04004519432783127,1.0,16.99986457824707,0.5009765625,0.259765625,0.8740601539611816,0.9046692848205566,0.2412109375,0.9287109375,0.1734267920255661,0.0,0.78125,0.04859834536910057,1.0,0.0019054713193327188,1.0,1.0,0.0,0.0,0.0,0.0019054713193327188,,,,,,,,,,,,,,,,,,,,,,,,,,,,,,,,,,,,,,,,,,,,,,,,,,,,
7,2589,,,0.032364845275878906,0.417022705078125,16.0,1.0,1.0,1.0,1.0,1.0,1.0,1.0,1.0,0.0,0.0,0.0,0.0,0.0,0.0,0.0,0.0,0.0,27.0,1.0,0.004897212143987417,1.0,2.8789405822753906,0.944091796875,0.08996689319610596,0.015625,0.08984375,0.0,1.0,0.04173031076788902,1.0,16.989635467529297,0.49951171875,0.24658203125,0.8910890817642212,0.87890625,0.2529296875,0.93359375,0.18282601237297058,0.0,0.65625,0.041015625,1.0,0.00181661918759346,1.0,1.0,0.0,0.0,0.0,0.00181661918759346,,,,,,,,,,,,,,,,,,,,,,,,,,,,,,,,,,,,,,,,,,,,,,,,,,,,
7,2594,,,0.027179718017578125,0.423828125,16.0,1.0,1.0,1.0,1.0,1.0,1.0,1.0,1.0,0.0,0.0,0.0,0.0,0.0,0.0,0.0,0.0,0.0,27.0,1.0,0.004030277952551842,1.0,2.786182403564453,0.953125,0.08706820011138916,0.015625,0.0869140625,0.0,1.0,0.0430104024708271,1.0,16.95775032043457,0.49658203125,0.25,0.89453125,0.8893203735351562,0.24658203125,0.927734375,0.19252218306064606,0.0,0.8125,0.05043657869100571,1.0,0.0014870972372591496,1.0,1.0,0.0,0.0,0.0,0.0014870972372591496,,,,,,,,,,,,,,,,,,,,,,,,,,,,,,,,,,,,,,,,,,,,,,,,,,,,
,2600,422.3172353641539,8.050819893884423,,,,,,,,,,,,,,,,,,,,,,,,,,,,,,,,,,,,,,,,,,,,,,,,,,,,,,,,,,,,,,,,,,,,,,,,,,,,,,,,,,,,,,,,,,,,,,,,,,,,,,,,
7,2599,,,0.02362346649169922,0.427581787109375,16.0,1.0,1.0,1.0,1.0,1.0,1.0,1.0,1.0,0.0,0.0,0.0,0.0,0.0,0.0,0.0,0.0,0.0,27.0,1.0,0.004635923076421022,1.0,2.807201385498047,0.9539794921875,0.08772504329681396,0.015625,0.087890625,0.0,1.0,0.045928895473480225,1.0,16.964975357055664,0.50146484375,0.25390625,0.8903846144676208,0.8990291357040405,0.24755859375,0.91943359375,0.20412540435791016,0.0,0.65625,0.04067095369100571,1.0,0.001953840721398592,1.0,1.0,0.0,0.0,0.0,0.001953840721398592,,,,,,,,,,,,,,,,,,,,,,,,,,,,,,,,,,,,,,,,,,,,,,,,,,,,
7,2604,,,0.02485179901123047,0.424102783203125,16.0,1.0,1.0,1.0,1.0,1.0,1.0,1.0,1.0,0.0,0.0,0.0,0.0,0.0,0.0,0.0,0.0,0.0,27.0,1.0,0.0067130643874406815,1.0,2.6826515197753906,0.9483642578125,0.08383285999298096,0.015625,0.083984375,0.0,1.0,0.04259810224175453,1.0,16.922161102294922,0.5009765625,0.25927734375,0.8813559412956238,0.9105058312416077,0.24169921875,0.93505859375,0.1854434609413147,0.0,0.4375,0.02711397036910057,1.0,0.0019041593186557293,1.0,1.0,0.0,0.0,0.0,0.0019041593186557293,,,,,,,,,,,,,,,,,,,,,,,,,,,,,,,,,,,,,,,,,,,,,,,,,,,,
7,2609,,,0.026350975036621094,0.427947998046875,16.0,1.0,1.0,1.0,1.0,1.0,1.0,1.0,1.0,0.0,0.0,0.0,0.0,0.0,0.0,0.0,0.0,0.0,27.0,1.0,0.004213402047753334,1.0,2.65972900390625,0.9569091796875,0.08311653137207031,0.015625,0.0830078125,0.0,1.0,0.04268689826130867,1.0,16.914281845092773,0.5,0.25341796875,0.8824662566184998,0.892787516117096,0.24658203125,0.9248046875,0.1903235912322998,0.0,0.53125,0.033088237047195435,1.0,0.001642113085836172,1.0,1.0,0.0,0.0,0.0,0.001642113085836172,,,,,,,,,,,,,,,,,,,,,,,,,,,,,,,,,,,,,,,,,,,,,,,,,,,,
7,2614,,,0.025394439697265625,0.42193603515625,16.0,1.0,1.0,1.0,1.0,1.0,1.0,1.0,1.0,0.0,0.0,0.0,0.0,0.0,0.0,0.0,0.0,0.0,27.0,1.0,0.004536345135420561,1.0,2.7354583740234375,0.9371337890625,0.08548307418823242,0.015625,0.08544921875,0.0,1.0,0.0390397310256958,1.0,16.9403133392334,0.50634765625,0.26171875,0.8899253606796265,0.931640625,0.24462890625,0.93505859375,0.16986790299415588,0.0,0.65625,0.041015625,1.0,0.001969133736565709,1.0,1.0,0.0,0.0,0.0,0.001969133736565709,,,,,,,,,,,,,,,,,,,,,,,,,,,,,,,,,,,,,,,,,,,,,,,,,,,,
7,2619,,,0.02563190460205078,0.426544189453125,16.0,1.0,1.0,1.0,1.0,1.0,1.0,1.0,1.0,0.0,0.0,0.0,0.0,0.0,0.0,0.0,0.0,0.0,27.0,1.0,0.004370453767478466,1.0,2.756023406982422,0.948486328125,0.08612573146820068,0.015625,0.0859375,0.0,1.0,0.04519340395927429,1.0,16.947383880615234,0.50439453125,0.255859375,0.8759542107582092,0.8861004114151001,0.24853515625,0.9169921875,0.20186088979244232,0.0,0.53125,0.03251378610730171,1.0,0.0017556813545525074,1.0,1.0,0.0,0.0,0.0,0.0017556813545525074,,,,,,,,,,,,,,,,,,,,,,,,,,,,,,,,,,,,,,,,,,,,,,,,,,,,
7,2624,,,0.02929401397705078,0.424285888671875,16.0,1.0,1.0,1.0,1.0,1.0,1.0,1.0,1.0,0.0,0.0,0.0,0.0,0.0,0.0,0.0,0.0,0.0,27.0,1.0,0.003982385154813528,1.0,2.7366905212402344,0.951416015625,0.08552157878875732,0.015625,0.08544921875,0.0,1.0,0.03900031000375748,1.0,16.940736770629883,0.505859375,0.25244140625,0.9032881855964661,0.9103313684463501,0.25341796875,0.93359375,0.17265655100345612,0.0,0.78125,0.048713237047195435,1.0,0.0014714795397594571,1.0,1.0,0.0,0.0,0.0,0.0014714795397594571,,,,,,,,,,,,,,,,,,,,,,,,,,,,,,,,,,,,,,,,,,,,,,,,,,,,
7,2629,,,0.02299213409423828,0.423126220703125,16.0,1.0,1.0,1.0,1.0,1.0,1.0,1.0,1.0,0.0,0.0,0.0,0.0,0.0,0.0,0.0,0.0,0.0,27.0,1.0,0.0037962771020829678,1.0,2.7029457092285156,0.9361572265625,0.08446705341339111,0.015625,0.08447265625,0.0,1.0,0.03455584868788719,1.0,16.92913818359375,0.50439453125,0.2509765625,0.9027237296104431,0.90625,0.25341796875,0.94189453125,0.15145371854305267,0.0,0.71875,0.044921875,1.0,0.001400018110871315,1.0,1.0,0.0,0.0,0.0,0.001400018110871315,,,,,,,,,,,,,,,,,,,,,,,,,,,,,,,,,,,,,,,,,,,,,,,,,,,,
7,2634,,,0.026284217834472656,0.422210693359375,16.0,1.0,1.0,1.0,1.0,1.0,1.0,1.0,1.0,0.0,0.0,0.0,0.0,0.0,0.0,0.0,0.0,0.0,27.0,1.0,0.0037017827853560448,1.0,2.694530487060547,0.9383544921875,0.08420407772064209,0.015625,0.083984375,0.0,1.0,0.03816508129239082,1.0,16.926244735717773,0.49951171875,0.25390625,0.8884615302085876,0.8970873951911926,0.24560546875,0.935546875,0.16913720965385437,0.0,0.78125,0.048713237047195435,1.0,0.0014708854723721743,1.0,1.0,0.0,0.0,0.0,0.0014708854723721743,,,,,,,,,,,,,,,,,,,,,,,,,,,,,,,,,,,,,,,,,,,,,,,,,,,,
7,2639,,,0.026624679565429688,0.42156982421875,16.0,1.0,1.0,1.0,1.0,1.0,1.0,1.0,1.0,0.0,0.0,0.0,0.0,0.0,0.0,0.0,0.0,0.0,27.0,1.0,0.004547850228846073,1.0,2.6812210083007812,0.9481201171875,0.08378815650939941,0.015625,0.083984375,0.0,1.0,0.03397410735487938,1.0,16.921669006347656,0.501953125,0.267578125,0.8905109763145447,0.9475728273391724,0.234375,0.94775390625,0.14627030491828918,0.0,0.8125,0.05043657869100571,1.0,0.0016383694019168615,1.0,1.0,0.0,0.0,0.0,0.0016383694019168615,,,,,,,,,,,,,,,,,,,,,,,,,,,,,,,,,,,,,,,,,,,,,,,,,,,,
7,2644,,,0.025903701782226562,0.4227294921875,16.0,1.0,1.0,1.0,1.0,1.0,1.0,1.0,1.0,0.0,0.0,0.0,0.0,0.0,0.0,0.0,0.0,0.0,27.0,1.0,0.0038343630731105804,1.0,2.642627716064453,0.92529296875,0.08258211612701416,0.015625,0.08251953125,0.0,1.0,0.04038040339946747,1.0,16.908403396606445,0.49951171875,0.25048828125,0.9083820581436157,0.9048543572425842,0.2490234375,0.93310546875,0.18022146821022034,0.0,0.65625,0.041015625,1.0,0.0014705299399793148,1.0,1.0,0.0,0.0,0.0,0.0014705299399793148,,,,,,,,,,,,,,,,,,,,,,,,,,,,,,,,,,,,,,,,,,,,,,,,,,,,
7,2649,,,0.02491474151611328,0.419769287109375,16.0,1.0,1.0,1.0,1.0,1.0,1.0,1.0,1.0,0.0,0.0,0.0,0.0,0.0,0.0,0.0,0.0,0.0,27.0,1.0,0.004634203854948282,1.0,2.646564483642578,0.9517822265625,0.08270514011383057,0.015625,0.08251953125,0.0,1.0,0.03987117484211922,1.0,16.90975570678711,0.50048828125,0.25390625,0.9134615659713745,0.9134615659713745,0.24658203125,0.9326171875,0.17641791701316833,0.0,0.8125,0.05032169073820114,1.0,0.0015319433296099305,1.0,1.0,0.0,0.0,0.0,0.0015319433296099305,,,,,,,,,,,,,,,,,,,,,,,,,,,,,,,,,,,,,,,,,,,,,,,,,,,,
7,2654,,,0.02439403533935547,0.424530029296875,16.0,1.0,1.0,1.0,1.0,1.0,1.0,1.0,1.0,0.0,0.0,0.0,0.0,0.0,0.0,0.0,0.0,0.0,27.0,1.0,0.0037367381155490875,1.0,2.5828704833984375,0.949951171875,0.08071470260620117,0.015625,0.08056640625,0.0,1.0,0.03501703217625618,1.0,16.887861251831055,0.49951171875,0.25341796875,0.9171483516693115,0.9296875,0.24609375,0.9482421875,0.15382781624794006,0.0,0.625,0.0390625,1.0,0.0014635429251939058,1.0,1.0,0.0,0.0,0.0,0.0014635429251939058,,,,,,,,,,,,,,,,,,,,,,,,,,,,,,,,,,,,,,,,,,,,,,,,,,,,
7,2659,,,0.02456188201904297,0.423980712890625,16.0,1.0,1.0,1.0,1.0,1.0,1.0,1.0,1.0,0.0,0.0,0.0,0.0,0.0,0.0,0.0,0.0,0.0,27.0,1.0,0.00409204326570034,1.0,2.5552978515625,0.95654296875,0.07985305786132812,0.015625,0.080078125,0.0,1.0,0.03252781927585602,1.0,16.87838363647461,0.49755859375,0.265625,0.8915441036224365,0.9435797929763794,0.23193359375,0.939453125,0.13908511400222778,0.0,0.84375,0.05250459536910057,1.0,0.0018399911932647228,1.0,1.0,0.0,0.0,0.0,0.0018399911932647228,,,,,,,,,,,,,,,,,,,,,,,,,,,,,,,,,,,,,,,,,,,,,,,,,,,,
7,2664,,,0.022413253784179688,0.4232177734375,16.0,1.0,1.0,1.0,1.0,1.0,1.0,1.0,1.0,0.0,0.0,0.0,0.0,0.0,0.0,0.0,0.0,0.0,27.0,1.0,0.004479444120079279,1.0,2.599254608154297,0.9415283203125,0.08122670650482178,0.015625,0.0810546875,0.0,1.0,0.03958343341946602,1.0,16.89349365234375,0.5,0.2578125,0.9015151262283325,0.9296875,0.2421875,0.94091796875,0.1748218685388565,0.0,0.8125,0.05078125,1.0,0.0016576326452195644,1.0,1.0,0.0,0.0,0.0,0.0016576326452195644,,,,,,,,,,,,,,,,,,,,,,,,,,,,,,,,,,,,,,,,,,,,,,,,,,,,
7,2669,,,0.027443885803222656,0.422698974609375,16.0,1.0,1.0,1.0,1.0,1.0,1.0,1.0,1.0,0.0,0.0,0.0,0.0,0.0,0.0,0.0,0.0,0.0,27.0,1.0,0.003581264056265354,1.0,2.4946975708007812,0.94580078125,0.07795929908752441,0.015625,0.078125,0.0,1.0,0.03773099556565285,1.0,16.85755157470703,0.5,0.2529296875,0.9034749269485474,0.9140625,0.2470703125,0.943359375,0.16781014204025269,0.0,0.71875,0.044921875,1.0,0.0014351834543049335,1.0,1.0,0.0,0.0,0.0,0.0014351834543049335,,,,,,,,,,,,,,,,,,,,,,,,,,,,,,,,,,,,,,,,,,,,,,,,,,,,
7,2674,,,0.034873008728027344,0.420440673828125,16.0,1.0,1.0,1.0,1.0,1.0,1.0,1.0,1.0,0.0,0.0,0.0,0.0,0.0,0.0,0.0,0.0,0.0,27.0,1.0,0.003051288891583681,1.0,2.399627685546875,0.9471435546875,0.07498836517333984,0.015625,0.0751953125,0.0,1.0,0.03560767322778702,1.0,16.824871063232422,0.49462890625,0.24853515625,0.9449901580810547,0.9267822504043579,0.24609375,0.953125,0.15871211886405945,0.0,0.625,0.03825826942920685,1.0,0.0012507059145718813,1.0,1.0,0.0,0.0,0.0,0.0012507059145718813,,,,,,,,,,,,,,,,,,,,,,,,,,,,,,,,,,,,,,,,,,,,,,,,,,,,
7,2679,,,0.027482032775878906,0.426727294921875,16.0,1.0,1.0,1.0,1.0,1.0,1.0,1.0,1.0,0.0,0.0,0.0,0.0,0.0,0.0,0.0,0.0,0.0,27.0,1.0,0.004038325976580381,1.0,2.5443801879882812,0.9525146484375,0.07951188087463379,0.015625,0.07958984375,0.0,1.0,0.04749155789613724,1.0,16.874629974365234,0.50244140625,0.25244140625,0.8974854946136475,0.9027237296104431,0.25,0.92724609375,0.21454401314258575,0.0,0.84375,0.05250459536910057,1.0,0.0017038120422512293,1.0,1.0,0.0,0.0,0.0,0.0017038120422512293,,,,,,,,,,,,,,,,,,,,,,,,,,,,,,,,,,,,,,,,,,,,,,,,,,,,
7,2684,,,0.024478912353515625,0.42742919921875,16.0,1.0,1.0,1.0,1.0,1.0,1.0,1.0,1.0,0.0,0.0,0.0,0.0,0.0,0.0,0.0,0.0,0.0,27.0,1.0,0.0043499828316271305,1.0,2.482421875,0.9344482421875,0.07757568359375,0.015625,0.07763671875,0.0,1.0,0.03998638316988945,1.0,16.85333251953125,0.5,0.2548828125,0.9176245331764221,0.9300971031188965,0.2451171875,0.93701171875,0.1768493801355362,0.0,0.65625,0.040900737047195435,1.0,0.0017278242157772183,1.0,1.0,0.0,0.0,0.0,0.0017278242157772183,,,,,,,,,,,,,,,,,,,,,,,,,,,,,,,,,,,,,,,,,,,,,,,,,,,,
7,2689,,,0.023683547973632812,0.4241943359375,16.0,1.0,1.0,1.0,1.0,1.0,1.0,1.0,1.0,0.0,0.0,0.0,0.0,0.0,0.0,0.0,0.0,0.0,27.0,1.0,0.0047836750745773315,1.0,2.4991416931152344,0.957763671875,0.07809817790985107,0.015625,0.078125,0.0,1.0,0.043092016130685806,1.0,16.859079360961914,0.5,0.2568359375,0.8783270120620728,0.90234375,0.2431640625,0.9267578125,0.1911228448152542,0.0,0.875,0.0546875,1.0,0.0018706645350903273,1.0,1.0,0.0,0.0,0.0,0.0018706645350903273,,,,,,,,,,,,,,,,,,,,,,,,,,,,,,,,,,,,,,,,,,,,,,,,,,,,
7,2694,,,0.027322769165039062,0.422607421875,16.0,1.0,1.0,1.0,1.0,1.0,1.0,1.0,1.0,0.0,0.0,0.0,0.0,0.0,0.0,0.0,0.0,0.0,27.0,1.0,0.003982053603976965,1.0,2.5056610107421875,0.9451904296875,0.07830190658569336,0.015625,0.078125,0.0,1.0,0.03630933165550232,1.0,16.86132049560547,0.49462890625,0.2509765625,0.9124513864517212,0.9089147448539734,0.24365234375,0.94287109375,0.15935835242271423,0.0,0.78125,0.04836856573820114,1.0,0.0016048916149884462,1.0,1.0,0.0,0.0,0.0,0.0016048916149884462,,,,,,,,,,,,,,,,,,,,,,,,,,,,,,,,,,,,,,,,,,,,,,,,,,,,
,2700,408.9776682872221,8.068900225824637,,,,,,,,,,,,,,,,,,,,,,,,,,,,,,,,,,,,,,,,,,,,,,,,,,,,,,,,,,,,,,,,,,,,,,,,,,,,,,,,,,,,,,,,,,,,,,,,,,,,,,,,
7,2699,,,0.021684646606445312,0.42779541015625,16.0,1.0,1.0,1.0,1.0,1.0,1.0,1.0,1.0,0.0,0.0,0.0,0.0,0.0,0.0,0.0,0.0,0.0,27.0,1.0,0.004321726504713297,1.0,2.5519371032714844,0.958984375,0.07974803447723389,0.015625,0.07958984375,0.0,1.0,0.04370058327913284,1.0,16.877227783203125,0.50390625,0.248046875,0.875984251499176,0.869140625,0.255859375,0.92138671875,0.19467416405677795,0.0,0.90625,0.056640625,1.0,0.0018739254446700215,1.0,1.0,0.0,0.0,0.0,0.0018739254446700215,,,,,,,,,,,,,,,,,,,,,,,,,,,,,,,,,,,,,,,,,,,,,,,,,,,,
7,2704,,,0.027184486389160156,0.427093505859375,16.0,1.0,1.0,1.0,1.0,1.0,1.0,1.0,1.0,0.0,0.0,0.0,0.0,0.0,0.0,0.0,0.0,0.0,27.0,1.0,0.0036903447471559048,1.0,2.5572471618652344,0.947998046875,0.07991397380828857,0.015625,0.080078125,0.0,1.0,0.05298832803964615,1.0,16.879053115844727,0.48828125,0.24755859375,0.8796843886375427,0.8626692295074463,0.24072265625,0.90673828125,0.24348969757556915,0.0,0.96875,0.059972427785396576,1.0,0.0014937827363610268,1.0,1.0,0.0,0.0,0.0,0.0014937827363610268,,,,,,,,,,,,,,,,,,,,,,,,,,,,,,,,,,,,,,,,,,,,,,,,,,,,
7,2709,,,0.021729469299316406,0.430877685546875,16.0,1.0,1.0,1.0,1.0,1.0,1.0,1.0,1.0,0.0,0.0,0.0,0.0,0.0,0.0,0.0,0.0,0.0,27.0,1.0,0.004433115944266319,1.0,2.578693389892578,0.9505615234375,0.08058416843414307,0.015625,0.08056640625,0.0,1.0,0.04431433603167534,1.0,16.886425018310547,0.49462890625,0.24267578125,0.9034205079078674,0.8752436637878418,0.251953125,0.92822265625,0.19742165505886078,0.0,0.90625,0.056525737047195435,1.0,0.0018946268828585744,1.0,1.0,0.0,0.0,0.0,0.0018946268828585744,,,,,,,,,,,,,,,,,,,,,,,,,,,,,,,,,,,,,,,,,,,,,,,,,,,,
7,2714,,,0.025945663452148438,0.4273681640625,16.0,1.0,1.0,1.0,1.0,1.0,1.0,1.0,1.0,0.0,0.0,0.0,0.0,0.0,0.0,0.0,0.0,0.0,27.0,1.0,0.006271033082157373,1.0,2.594635009765625,0.929931640625,0.08108234405517578,0.015625,0.0810546875,0.0,1.0,0.04145759716629982,1.0,16.89190673828125,0.5029296875,0.2578125,0.9015151262283325,0.9278752207756042,0.2451171875,0.93701171875,0.17993417382240295,0.0,0.78125,0.048713237047195435,1.0,0.0020261150784790516,1.0,1.0,0.0,0.0,0.0,0.0020261150784790516,,,,,,,,,,,,,,,,,,,,,,,,,,,,,,,,,,,,,,,,,,,,,,,,,,,,
7,2719,,,0.027614593505859375,0.427490234375,16.0,1.0,1.0,1.0,1.0,1.0,1.0,1.0,1.0,0.0,0.0,0.0,0.0,0.0,0.0,0.0,0.0,0.0,27.0,1.0,0.00442618690431118,1.0,2.6301002502441406,0.9285888671875,0.0821906328201294,0.015625,0.08203125,0.0,1.0,0.04325045645236969,1.0,16.904096603393555,0.49658203125,0.2548828125,0.8850574493408203,0.90234375,0.24169921875,0.927734375,0.19222867488861084,0.0,0.59375,0.037109375,1.0,0.0017817048355937004,1.0,1.0,0.0,0.0,0.0,0.0017817048355937004,,,,,,,,,,,,,,,,,,,,,,,,,,,,,,,,,,,,,,,,,,,,,,,,,,,,
7,2724,,,0.028001785278320312,0.4285888671875,16.0,1.0,1.0,1.0,1.0,1.0,1.0,1.0,1.0,0.0,0.0,0.0,0.0,0.0,0.0,0.0,0.0,0.0,27.0,1.0,0.003972479607909918,1.0,2.6703758239746094,0.9161376953125,0.08344924449920654,0.015625,0.08349609375,0.0,1.0,0.038637809455394745,1.0,16.91794204711914,0.49658203125,0.26025390625,0.889305830001831,0.913294792175293,0.236328125,0.93505859375,0.1704498529434204,0.0,0.6875,0.04273897036910057,1.0,0.001603861222974956,1.0,1.0,0.0,0.0,0.0,0.001603861222974956,,,,,,,,,,,,,,,,,,,,,,,,,,,,,,,,,,,,,,,,,,,,,,,,,,,,
7,2729,,,0.024825096130371094,0.428375244140625,16.0,1.0,1.0,1.0,1.0,1.0,1.0,1.0,1.0,0.0,0.0,0.0,0.0,0.0,0.0,0.0,0.0,0.0,27.0,1.0,0.0037787575274705887,1.0,2.644153594970703,0.9398193359375,0.08262979984283447,0.015625,0.08251953125,0.0,1.0,0.038272980600595474,1.0,16.90892791748047,0.49951171875,0.26025390625,0.8874296545982361,0.923828125,0.2392578125,0.9365234375,0.16972078382968903,0.0,0.75,0.046875,1.0,0.001487936358898878,1.0,1.0,0.0,0.0,0.0,0.001487936358898878,,,,,,,,,,,,,,,,,,,,,,,,,,,,,,,,,,,,,,,,,,,,,,,,,,,,
7,2734,,,0.022813796997070312,0.43487548828125,16.0,1.0,1.0,1.0,1.0,1.0,1.0,1.0,1.0,0.0,0.0,0.0,0.0,0.0,0.0,0.0,0.0,0.0,27.0,1.0,0.0031586079858243465,1.0,2.6672821044921875,0.9158935546875,0.08335256576538086,0.015625,0.08349609375,0.0,1.0,0.04546580836176872,1.0,16.91687774658203,0.49755859375,0.24853515625,0.9037328362464905,0.8984375,0.2490234375,0.92578125,0.2075532078742981,0.0,0.71875,0.044921875,1.0,0.0012665381655097008,1.0,1.0,0.0,0.0,0.0,0.0012665381655097008,,,,,,,,,,,,,,,,,,,,,,,,,,,,,,,,,,,,,,,,,,,,,,,,,,,,
7,2739,,,0.028905868530273438,0.4244384765625,16.0,1.0,1.0,1.0,1.0,1.0,1.0,1.0,1.0,0.0,0.0,0.0,0.0,0.0,0.0,0.0,0.0,0.0,27.0,1.0,0.00411989726126194,1.0,2.6505203247070312,0.921630859375,0.08282876014709473,0.015625,0.0830078125,0.0,1.0,0.04437536001205444,1.0,16.911115646362305,0.5029296875,0.2578125,0.876893937587738,0.904296875,0.2451171875,0.923828125,0.1997755765914917,0.0,0.75,0.046875,1.0,0.0014380032662302256,1.0,1.0,0.0,0.0,0.0,0.0014380032662302256,,,,,,,,,,,,,,,,,,,,,,,,,,,,,,,,,,,,,,,,,,,,,,,,,,,,
7,2744,,,0.02807903289794922,0.432159423828125,16.0,1.0,1.0,1.0,1.0,1.0,1.0,1.0,1.0,0.0,0.0,0.0,0.0,0.0,0.0,0.0,0.0,0.0,27.0,1.0,0.003117281012237072,1.0,2.5035018920898438,0.9158935546875,0.07823443412780762,0.015625,0.078125,0.0,1.0,0.038851942867040634,1.0,16.860578536987305,0.5,0.25537109375,0.8967494964599609,0.916015625,0.24462890625,0.931640625,0.17502586543560028,0.0,0.875,0.0546875,1.0,0.0012226307298988104,1.0,1.0,0.0,0.0,0.0,0.0012226307298988104,,,,,,,,,,,,,,,,,,,,,,,,,,,,,,,,,,,,,,,,,,,,,,,,,,,,
7,2749,,,0.02964305877685547,0.431243896484375,16.0,1.0,1.0,1.0,1.0,1.0,1.0,1.0,1.0,0.0,0.0,0.0,0.0,0.0,0.0,0.0,0.0,0.0,27.0,1.0,0.003324772696942091,1.0,2.505809783935547,0.9454345703125,0.07830655574798584,0.015625,0.078125,0.0,1.0,0.045009348541498184,1.0,16.861371994018555,0.50244140625,0.26025390625,0.8574109077453613,0.892578125,0.2421875,0.9248046875,0.20588283240795135,0.0,0.90625,0.056640625,1.0,0.0011411295272409916,1.0,1.0,0.0,0.0,0.0,0.0011411295272409916,,,,,,,,,,,,,,,,,,,,,,,,,,,,,,,,,,,,,,,,,,,,,,,,,,,,
7,2754,,,0.024707794189453125,0.42724609375,16.0,1.0,1.0,1.0,1.0,1.0,1.0,1.0,1.0,0.0,0.0,0.0,0.0,0.0,0.0,0.0,0.0,0.0,27.0,1.0,0.0038570361211895943,1.0,2.545196533203125,0.9537353515625,0.07953739166259766,0.015625,0.07958984375,0.0,1.0,0.03580750524997711,1.0,16.87491226196289,0.5,0.25244140625,0.9090909361839294,0.9126213788986206,0.24755859375,0.94287109375,0.15765009820461273,0.0,0.8125,0.05078125,1.0,0.0014716077130287886,1.0,1.0,0.0,0.0,0.0,0.0014716077130287886,,,,,,,,,,,,,,,,,,,,,,,,,,,,,,,,,,,,,,,,,,,,,,,,,,,,
7,2759,,,0.026981353759765625,0.42413330078125,16.0,1.0,1.0,1.0,1.0,1.0,1.0,1.0,1.0,0.0,0.0,0.0,0.0,0.0,0.0,0.0,0.0,0.0,27.0,1.0,0.0038466677069664,1.0,2.4786453247070312,0.939697265625,0.07745766639709473,0.015625,0.07763671875,0.0,1.0,0.03842414915561676,1.0,16.852033615112305,0.50048828125,0.259765625,0.8796992301940918,0.9140625,0.24072265625,0.93701171875,0.17099766433238983,0.0,0.71875,0.044921875,1.0,0.0014367399271577597,1.0,1.0,0.0,0.0,0.0,0.0014367399271577597,,,,,,,,,,,,,,,,,,,,,,,,,,,,,,,,,,,,,,,,,,,,,,,,,,,,
7,2763,,,,,,,,,,,,,,,,,,,,,,,,,,,,,,,,,,,,,,,,,,,,,,,,,,,,,,,0.01960442215204239,0.4268021881580353,16.0,1.0,1.0,1.0,1.0,1.0,1.0,1.0,1.0,0.0,0.0,0.0,0.0,0.0,0.0,0.0,0.0,0.0,27.0,1.0,0.0032100335229188204,1.0,2.4508721828460693,0.9486860632896423,0.07658975571393967,0.015625,0.07661576569080353,0.0,1.0,0.037970248609781265,1.0,16.842491149902344,0.5014204382896423,0.25710228085517883,0.8950251936912537,0.9204545617103577,0.2443181872367859,0.9346590638160706,0.17077553272247314,0.0,0.8636363744735718,0.053977273404598236,1.0,0.0012837727554142475,1.0,1.0,0.0,0.0,0.0,0.0012837727554142475
7,2764,,,0.023530006408691406,0.427215576171875,16.0,1.0,1.0,1.0,1.0,1.0,1.0,1.0,1.0,0.0,0.0,0.0,0.0,0.0,0.0,0.0,0.0,0.0,27.0,1.0,0.0032423967495560646,1.0,2.4689674377441406,0.95849609375,0.0771552324295044,0.015625,0.0771484375,0.0,1.0,0.03698105365037918,1.0,16.84870719909668,0.50146484375,0.25634765625,0.9009523987770081,0.923828125,0.2451171875,0.9384765625,0.16563351452350616,0.0,0.875,0.0546875,1.0,0.0012673130258917809,1.0,1.0,0.0,0.0,0.0,0.0012673130258917809,,,,,,,,,,,,,,,,,,,,,,,,,,,,,,,,,,,,,,,,,,,,,,,,,,,,
7,2769,,,0.031937599182128906,0.427947998046875,16.0,1.0,1.0,1.0,1.0,1.0,1.0,1.0,1.0,0.0,0.0,0.0,0.0,0.0,0.0,0.0,0.0,0.0,27.0,1.0,0.0030943076126277447,1.0,2.343791961669922,0.9466552734375,0.07324349880218506,0.015625,0.0732421875,0.0,1.0,0.039642833173274994,1.0,16.805679321289062,0.50439453125,0.25341796875,0.9210019111633301,0.92277991771698,0.2509765625,0.939453125,0.1793138086795807,0.0,0.875,0.05399816110730171,1.0,0.0012222748482599854,1.0,1.0,0.0,0.0,0.0,0.0012222748482599854,,,,,,,,,,,,,,,,,,,,,,,,,,,,,,,,,,,,,,,,,,,,,,,,,,,,
7,2774,,,0.0245513916015625,0.427734375,16.0,1.0,1.0,1.0,1.0,1.0,1.0,1.0,1.0,0.0,0.0,0.0,0.0,0.0,0.0,0.0,0.0,0.0,27.0,1.0,0.0032938881777226925,1.0,2.409168243408203,0.96044921875,0.07528650760650635,0.015625,0.0751953125,0.0,1.0,0.04544370248913765,1.0,16.82815170288086,0.50537109375,0.2626953125,0.886617124080658,0.9280155897140503,0.24267578125,0.92919921875,0.2069905698299408,0.0,0.96875,0.06031709536910057,1.0,0.0014736116863787174,1.0,1.0,0.0,0.0,0.0,0.0014736116863787174,,,,,,,,,,,,,,,,,,,,,,,,,,,,,,,,,,,,,,,,,,,,,,,,,,,,
7,2779,,,0.023040771484375,0.42333984375,16.0,1.0,1.0,1.0,1.0,1.0,1.0,1.0,1.0,0.0,0.0,0.0,0.0,0.0,0.0,0.0,0.0,0.0,27.0,1.0,0.0035210829228162766,1.0,2.389007568359375,0.939697265625,0.07465648651123047,0.015625,0.07470703125,0.0,1.0,0.04546591639518738,1.0,16.82122039794922,0.5,0.24755859375,0.9033530354499817,0.89453125,0.25244140625,0.9267578125,0.20690499246120453,0.0,0.8125,0.05078125,1.0,0.0014788780827075243,1.0,1.0,0.0,0.0,0.0,0.0014788780827075243,,,,,,,,,,,,,,,,,,,,,,,,,,,,,,,,,,,,,,,,,,,,,,,,,,,,
7,2784,,,0.03070068359375,0.4208984375,16.0,1.0,1.0,1.0,1.0,1.0,1.0,1.0,1.0,0.0,0.0,0.0,0.0,0.0,0.0,0.0,0.0,0.0,27.0,1.0,0.003287317231297493,1.0,2.3406639099121094,0.9443359375,0.07314574718475342,0.015625,0.0732421875,0.0,1.0,0.036479439586400986,1.0,16.804603576660156,0.5029296875,0.25,0.92578125,0.9239766001701355,0.2529296875,0.9482421875,0.16272762417793274,0.0,0.75,0.046760112047195435,1.0,0.00134023348800838,1.0,1.0,0.0,0.0,0.0,0.00134023348800838,,,,,,,,,,,,,,,,,,,,,,,,,,,,,,,,,,,,,,,,,,,,,,,,,,,,
7,2789,,,0.02643108367919922,0.427764892578125,16.0,1.0,1.0,1.0,1.0,1.0,1.0,1.0,1.0,0.0,0.0,0.0,0.0,0.0,0.0,0.0,0.0,0.0,27.0,1.0,0.0031486796215176582,1.0,2.31640625,0.9476318359375,0.0723876953125,0.015625,0.072265625,0.0,1.0,0.03563615307211876,1.0,16.7962646484375,0.50390625,0.26416015625,0.905730128288269,0.95703125,0.23974609375,0.94384765625,0.15925604104995728,0.0,0.75,0.046875,1.0,0.0012915062252432108,1.0,1.0,0.0,0.0,0.0,0.0012915062252432108,,,,,,,,,,,,,,,,,,,,,,,,,,,,,,,,,,,,,,,,,,,,,,,,,,,,
7,2794,,,0.02387714385986328,0.427276611328125,16.0,1.0,1.0,1.0,1.0,1.0,1.0,1.0,1.0,0.0,0.0,0.0,0.0,0.0,0.0,0.0,0.0,0.0,27.0,1.0,0.003921272698789835,1.0,2.3401565551757812,0.95068359375,0.07312989234924316,0.015625,0.0732421875,0.0,1.0,0.04841551557183266,1.0,16.804428100585938,0.5029296875,0.26025390625,0.8761726021766663,0.9103313684463501,0.24267578125,0.916015625,0.2193472981452942,0.0,0.78125,0.048713237047195435,1.0,0.0018621205817908049,1.0,1.0,0.0,0.0,0.0,0.0018621205817908049,,,,,,,,,,,,,,,,,,,,,,,,,,,,,,,,,,,,,,,,,,,,,,,,,,,,
,2800,399.11003085257136,8.017839073511182,,,,,,,,,,,,,,,,,,,,,,,,,,,,,,,,,,,,,,,,,,,,,,,,,,,,,,,,,,,,,,,,,,,,,,,,,,,,,,,,,,,,,,,,,,,,,,,,,,,,,,,,
7,2799,,,0.025960922241210938,0.4244384765625,16.0,1.0,1.0,1.0,1.0,1.0,1.0,1.0,1.0,0.0,0.0,0.0,0.0,0.0,0.0,0.0,0.0,0.0,27.0,1.0,0.004272341728210449,1.0,2.2844619750976562,0.9559326171875,0.07138943672180176,0.015625,0.0712890625,0.0,1.0,0.036643095314502716,1.0,16.7852840423584,0.49658203125,0.25439453125,0.9059500694274902,0.921875,0.2421875,0.943359375,0.1622723788022995,0.0,0.90625,0.056640625,1.0,0.0014342281501740217,1.0,1.0,0.0,0.0,0.0,0.0014342281501740217,,,,,,,,,,,,,,,,,,,,,,,,,,,,,,,,,,,,,,,,,,,,,,,,,,,,
7,2804,,,0.023084640502929688,0.4317626953125,16.0,1.0,1.0,1.0,1.0,1.0,1.0,1.0,1.0,0.0,0.0,0.0,0.0,0.0,0.0,0.0,0.0,0.0,27.0,1.0,0.0029456624761223793,1.0,2.2479629516601562,0.9573974609375,0.07024884223937988,0.015625,0.0703125,0.0,1.0,0.02911909855902195,1.0,16.772737503051758,0.50048828125,0.25341796875,0.9325626492500305,0.936170220375061,0.2470703125,0.95361328125,0.12795183062553406,0.0,0.875,0.054138582199811935,1.0,0.0011576622491702437,1.0,1.0,0.0,0.0,0.0,0.0011576622491702437,,,,,,,,,,,,,,,,,,,,,,,,,,,,,,,,,,,,,,,,,,,,,,,,,,,,
7,2809,,,0.02034759521484375,0.4302978515625,16.0,1.0,1.0,1.0,1.0,1.0,1.0,1.0,1.0,0.0,0.0,0.0,0.0,0.0,0.0,0.0,0.0,0.0,27.0,1.0,0.002725946716964245,1.0,2.255046844482422,0.9522705078125,0.07047021389007568,0.015625,0.0703125,0.0,1.0,0.033937085419893265,1.0,16.77517318725586,0.498046875,0.24853515625,0.9115913510322571,0.90625,0.24951171875,0.93994140625,0.15211990475654602,0.0,0.8125,0.05078125,1.0,0.0012243322562426329,1.0,1.0,0.0,0.0,0.0,0.0012243322562426329,,,,,,,,,,,,,,,,,,,,,,,,,,,,,,,,,,,,,,,,,,,,,,,,,,,,
7,2814,,,0.028474807739257812,0.4200439453125,16.0,1.0,1.0,1.0,1.0,1.0,1.0,1.0,1.0,0.0,0.0,0.0,0.0,0.0,0.0,0.0,0.0,0.0,27.0,1.0,0.003203412052243948,1.0,2.202129364013672,0.9415283203125,0.06881654262542725,0.015625,0.06884765625,0.0,1.0,0.03730037808418274,1.0,16.756982803344727,0.4970703125,0.25439453125,0.8886756300926208,0.904296875,0.24267578125,0.93505859375,0.16693705320358276,0.0,0.59375,0.037109375,1.0,0.001454074983485043,1.0,1.0,0.0,0.0,0.0,0.001454074983485043,,,,,,,,,,,,,,,,,,,,,,,,,,,,,,,,,,,,,,,,,,,,,,,,,,,,
8,2819,,,0.022748947143554688,0.427978515625,16.0,1.0,1.0,1.0,1.0,1.0,1.0,1.0,1.0,0.0,0.0,0.0,0.0,0.0,0.0,0.0,0.0,0.0,27.0,1.0,0.003694295883178711,1.0,2.158111572265625,0.962890625,0.06744098663330078,0.015625,0.0673828125,0.0,1.0,0.038194455206394196,1.0,16.741851806640625,0.50439453125,0.25341796875,0.9017341136932373,0.9122806787490845,0.2509765625,0.9375,0.17171737551689148,0.0,0.875,0.054572612047195435,1.0,0.0013495120219886303,1.0,1.0,0.0,0.0,0.0,0.0013495120219886303,,,,,,,,,,,,,,,,,,,,,,,,,,,,,,,,,,,,,,,,,,,,,,,,,,,,
8,2824,,,0.021596908569335938,0.4254150390625,16.0,1.0,1.0,1.0,1.0,1.0,1.0,1.0,1.0,0.0,0.0,0.0,0.0,0.0,0.0,0.0,0.0,0.0,27.0,1.0,0.0036828462034463882,1.0,2.1372833251953125,0.964599609375,0.06679010391235352,0.015625,0.06689453125,0.0,1.0,0.033796027302742004,1.0,16.734691619873047,0.50439453125,0.259765625,0.8928571343421936,0.927734375,0.24462890625,0.94482421875,0.14954954385757446,0.0,0.875,0.0546875,1.0,0.0014142957516014576,1.0,1.0,0.0,0.0,0.0,0.0014142957516014576,,,,,,,,,,,,,,,,,,,,,,,,,,,,,,,,,,,,,,,,,,,,,,,,,,,,
8,2829,,,0.02705669403076172,0.427398681640625,16.0,1.0,1.0,1.0,1.0,1.0,1.0,1.0,1.0,0.0,0.0,0.0,0.0,0.0,0.0,0.0,0.0,0.0,27.0,1.0,0.0031577576883137226,1.0,2.1049652099609375,0.9588623046875,0.0657801628112793,0.015625,0.06591796875,0.0,1.0,0.032100945711135864,1.0,16.723581314086914,0.50146484375,0.24462890625,0.9281437397003174,0.908203125,0.2568359375,0.94677734375,0.14166663587093353,0.0,0.6875,0.04296875,1.0,0.0013877262827008963,1.0,1.0,0.0,0.0,0.0,0.0013877262827008963,,,,,,,,,,,,,,,,,,,,,,,,,,,,,,,,,,,,,,,,,,,,,,,,,,,,
8,2834,,,0.02414989471435547,0.424835205078125,16.0,1.0,1.0,1.0,1.0,1.0,1.0,1.0,1.0,0.0,0.0,0.0,0.0,0.0,0.0,0.0,0.0,0.0,27.0,1.0,0.0030926691833883524,1.0,2.1276473999023438,0.9571533203125,0.06648898124694824,0.015625,0.06640625,0.0,1.0,0.03323541581630707,1.0,16.73137855529785,0.5,0.25390625,0.9288461804389954,0.9378640651702881,0.24609375,0.95458984375,0.14756646752357483,0.0,0.84375,0.05238970369100571,1.0,0.0013799406588077545,1.0,1.0,0.0,0.0,0.0,0.0013799406588077545,,,,,,,,,,,,,,,,,,,,,,,,,,,,,,,,,,,,,,,,,,,,,,,,,,,,
8,2839,,,0.03306388854980469,0.42816162109375,16.0,1.0,1.0,1.0,1.0,1.0,1.0,1.0,1.0,0.0,0.0,0.0,0.0,0.0,0.0,0.0,0.0,0.0,27.0,1.0,0.0035599973052740097,1.0,2.047565460205078,0.9793701171875,0.06398642063140869,0.015625,0.06396484375,0.0,1.0,0.032829947769641876,1.0,16.70384979248047,0.49560546875,0.25537109375,0.9216061234474182,0.94140625,0.240234375,0.9560546875,0.14475423097610474,0.0,1.0,0.0625,1.0,0.0013767251512035728,1.0,1.0,0.0,0.0,0.0,0.0013767251512035728,,,,,,,,,,,,,,,,,,,,,,,,,,,,,,,,,,,,,,,,,,,,,,,,,,,,
8,2844,,,0.027170181274414062,0.425537109375,16.0,1.0,1.0,1.0,1.0,1.0,1.0,1.0,1.0,0.0,0.0,0.0,0.0,0.0,0.0,0.0,0.0,0.0,27.0,1.0,0.0031925784423947334,1.0,2.108875274658203,0.9559326171875,0.06590235233306885,0.015625,0.06591796875,0.0,1.0,0.03556984290480614,1.0,16.724925994873047,0.49853515625,0.24853515625,0.9096267223358154,0.9007782340049744,0.25,0.943359375,0.1587328463792801,0.0,0.8125,0.05055147036910057,1.0,0.001433541183359921,1.0,1.0,0.0,0.0,0.0,0.001433541183359921,,,,,,,,,,,,,,,,,,,,,,,,,,,,,,,,,,,,,,,,,,,,,,,,,,,,
8,2849,,,0.02729511260986328,0.426361083984375,16.0,1.0,1.0,1.0,1.0,1.0,1.0,1.0,1.0,0.0,0.0,0.0,0.0,0.0,0.0,0.0,0.0,0.0,27.0,1.0,0.00366648705676198,1.0,2.1656112670898438,0.9429931640625,0.06767535209655762,0.015625,0.06787109375,0.0,1.0,0.045796949416399,1.0,16.744428634643555,0.49755859375,0.24462890625,0.9001995921134949,0.8774319291114807,0.2529296875,0.92578125,0.20853520929813385,0.0,0.84375,0.05250459536910057,1.0,0.0015423025470227003,1.0,1.0,0.0,0.0,0.0,0.0015423025470227003,,,,,,,,,,,,,,,,,,,,,,,,,,,,,,,,,,,,,,,,,,,,,,,,,,,,
8,2854,,,0.027970314025878906,0.426116943359375,16.0,1.0,1.0,1.0,1.0,1.0,1.0,1.0,1.0,0.0,0.0,0.0,0.0,0.0,0.0,0.0,0.0,0.0,27.0,1.0,0.004159586038440466,1.0,2.1417999267578125,0.954345703125,0.06693124771118164,0.015625,0.06689453125,0.0,1.0,0.04466259479522705,1.0,16.736244201660156,0.49853515625,0.25537109375,0.866156816482544,0.8830409646034241,0.2431640625,0.92822265625,0.20240309834480286,0.0,0.71875,0.044806987047195435,1.0,0.0015272300224751234,1.0,1.0,0.0,0.0,0.0,0.0015272300224751234,,,,,,,,,,,,,,,,,,,,,,,,,,,,,,,,,,,,,,,,,,,,,,,,,,,,
8,2859,,,0.024727821350097656,0.422637939453125,16.0,1.0,1.0,1.0,1.0,1.0,1.0,1.0,1.0,0.0,0.0,0.0,0.0,0.0,0.0,0.0,0.0,0.0,27.0,1.0,0.002929660491645336,1.0,2.107086181640625,0.9647216796875,0.06584644317626953,0.015625,0.06591796875,0.0,1.0,0.045875392854213715,1.0,16.72431182861328,0.50048828125,0.2490234375,0.8823529481887817,0.87890625,0.25146484375,0.92578125,0.21119803190231323,0.0,0.875,0.0546875,1.0,0.0013362091267481446,1.0,1.0,0.0,0.0,0.0,0.0013362091267481446,,,,,,,,,,,,,,,,,,,,,,,,,,,,,,,,,,,,,,,,,,,,,,,,,,,,
8,2864,,,0.02565288543701172,0.429168701171875,16.0,1.0,1.0,1.0,1.0,1.0,1.0,1.0,1.0,0.0,0.0,0.0,0.0,0.0,0.0,0.0,0.0,0.0,27.0,1.0,0.0028484403155744076,1.0,2.0562896728515625,0.952880859375,0.06425905227661133,0.015625,0.064453125,0.0,1.0,0.042654816061258316,1.0,16.706850051879883,0.49755859375,0.244140625,0.8999999761581421,0.8771929740905762,0.25341796875,0.9267578125,0.1952161341905594,0.0,0.8125,0.050666362047195435,1.0,0.001353581203147769,1.0,1.0,0.0,0.0,0.0,0.001353581203147769,,,,,,,,,,,,,,,,,,,,,,,,,,,,,,,,,,,,,,,,,,,,,,,,,,,,
8,2869,,,0.024553298950195312,0.426025390625,16.0,1.0,1.0,1.0,1.0,1.0,1.0,1.0,1.0,0.0,0.0,0.0,0.0,0.0,0.0,0.0,0.0,0.0,27.0,1.0,0.00372101878747344,1.0,2.0549888610839844,0.955322265625,0.06421840190887451,0.015625,0.064453125,0.0,1.0,0.042037349194288254,1.0,16.706401824951172,0.50244140625,0.2568359375,0.8707224130630493,0.89453125,0.24560546875,0.92431640625,0.1889796257019043,0.0,0.65625,0.041015625,1.0,0.0017762661445885897,1.0,1.0,0.0,0.0,0.0,0.0017762661445885897,,,,,,,,,,,,,,,,,,,,,,,,,,,,,,,,,,,,,,,,,,,,,,,,,,,,
8,2874,,,0.02649211883544922,0.421417236328125,16.0,1.0,1.0,1.0,1.0,1.0,1.0,0.96875,0.998046875,0.0,0.0,1.0,0.03125,0.0,0.0,0.0,0.00048828125,0.0,27.0,0.96875,0.00494755432009697,1.0,2.0018959045410156,0.9666748046875,0.06255924701690674,0.015625,0.0625,0.0,1.0,0.05574686452746391,0.999504029750824,16.688152313232422,0.5068359375,0.24853515625,0.8880156874656677,0.8828125,0.25830078125,0.91259765625,0.2539479732513428,0.0,0.75,0.046875,0.99951171875,0.0022042379714548588,1.0,1.0,0.0,0.0,0.0,0.0022042379714548588,,,,,,,,,,,,,,,,,,,,,,,,,,,,,,,,,,,,,,,,,,,,,,,,,,,,
8,2879,,,0.024758338928222656,0.423431396484375,16.0,1.0,1.0,1.0,1.0,1.0,1.0,1.0,1.0,0.0,0.0,0.0,0.0,0.0,0.0,0.0,0.0,0.0,27.0,1.0,0.003298106137663126,1.0,2.0423011779785156,0.9508056640625,0.06382191181182861,0.015625,0.06396484375,0.0,1.0,0.04975860193371773,1.0,16.702041625976562,0.48974609375,0.24560546875,0.8827037811279297,0.8671875,0.244140625,0.90771484375,0.23038047552108765,0.0,0.625,0.0390625,1.0,0.0013286569155752659,1.0,1.0,0.0,0.0,0.0,0.0013286569155752659,,,,,,,,,,,,,,,,,,,,,,,,,,,,,,,,,,,,,,,,,,,,,,,,,,,,
8,2884,,,0.025231361389160156,0.425811767578125,16.0,1.0,1.0,1.0,1.0,1.0,1.0,1.0,1.0,0.0,0.0,0.0,0.0,0.0,0.0,0.0,0.0,0.0,27.0,1.0,0.00629648519679904,1.0,2.2092666625976562,0.96484375,0.06903958320617676,0.015625,0.06884765625,0.0,1.0,0.053799357265233994,1.0,16.759435653686523,0.50830078125,0.28564453125,0.8188034296035767,0.935546875,0.22265625,0.9111328125,0.23984447121620178,0.0,0.875,0.0546875,1.0,0.0026307380758225918,1.0,1.0,0.0,0.0,0.0,0.0026307380758225918,,,,,,,,,,,,,,,,,,,,,,,,,,,,,,,,,,,,,,,,,,,,,,,,,,,,
8,2889,,,0.028151512145996094,0.427581787109375,16.0,1.0,1.0,1.0,1.0,1.0,1.0,1.0,1.0,0.0,0.0,0.0,0.0,0.0,0.0,0.0,0.0,0.0,27.0,1.0,0.005906969308853149,1.0,2.2469520568847656,0.9356689453125,0.07021725177764893,0.015625,0.0703125,0.0,1.0,0.055666711181402206,1.0,16.772390365600586,0.4931640625,0.23681640625,0.8907216787338257,0.84375,0.25634765625,0.90771484375,0.2537357807159424,0.0,0.5625,0.03515625,1.0,0.0017574903322383761,1.0,1.0,0.0,0.0,0.0,0.0017574903322383761,,,,,,,,,,,,,,,,,,,,,,,,,,,,,,,,,,,,,,,,,,,,,,,,,,,,
8,2894,,,0.026639938354492188,0.41851806640625,16.0,1.0,1.0,1.0,1.0,1.0,1.0,1.0,1.0,0.0,0.0,0.0,0.0,0.0,0.0,0.0,0.0,0.0,27.0,1.0,0.006266241893172264,1.0,2.3750228881835938,0.932373046875,0.0742194652557373,0.015625,0.07421875,0.0,1.0,0.047384534031152725,1.0,16.81641387939453,0.50927734375,0.2685546875,0.8654545545578003,0.9278752207756042,0.24072265625,0.921875,0.21212878823280334,0.0,0.53125,0.033088237047195435,1.0,0.0016380820889025927,1.0,1.0,0.0,0.0,0.0,0.0016380820889025927,,,,,,,,,,,,,,,,,,,,,,,,,,,,,,,,,,,,,,,,,,,,,,,,,,,,
,2900,385.63483070510347,8.038692963319443,,,,,,,,,,,,,,,,,,,,,,,,,,,,,,,,,,,,,,,,,,,,,,,,,,,,,,,,,,,,,,,,,,,,,,,,,,,,,,,,,,,,,,,,,,,,,,,,,,,,,,,,
8,2899,,,0.025610923767089844,0.417083740234375,16.0,1.0,1.0,1.0,1.0,1.0,1.0,1.0,1.0,0.0,0.0,0.0,0.0,0.0,0.0,0.0,0.0,0.0,27.0,1.0,0.0034543252550065517,1.0,2.3698501586914062,0.94775390625,0.07405781745910645,0.015625,0.07421875,0.0,1.0,0.05526860058307648,1.0,16.81463623046875,0.4921875,0.2705078125,0.8375450968742371,0.90625,0.2216796875,0.9072265625,0.255835622549057,0.0,0.625,0.0390625,1.0,0.0014940531691536307,1.0,1.0,0.0,0.0,0.0,0.0014940531691536307,,,,,,,,,,,,,,,,,,,,,,,,,,,,,,,,,,,,,,,,,,,,,,,,,,,,
8,2904,,,0.032355308532714844,0.421600341796875,16.0,1.0,1.0,1.0,1.0,1.0,1.0,1.0,1.0,0.0,0.0,0.0,0.0,0.0,0.0,0.0,0.0,0.0,27.0,1.0,0.006348744034767151,1.0,2.345928192138672,0.9571533203125,0.0733102560043335,0.015625,0.0732421875,0.0,1.0,0.06209764629602432,1.0,16.806413650512695,0.51123046875,0.26806640625,0.8306010961532593,0.875239908695221,0.2431640625,0.89501953125,0.28477126359939575,0.0,0.875,0.05365349352359772,1.0,0.0017678110161796212,1.0,1.0,0.0,0.0,0.0,0.0017678110161796212,,,,,,,,,,,,,,,,,,,,,,,,,,,,,,,,,,,,,,,,,,,,,,,,,,,,
8,2909,,,0.021970748901367188,0.4193115234375,16.0,1.0,1.0,1.0,1.0,1.0,1.0,1.0,1.0,0.0,0.0,0.0,0.0,0.0,0.0,0.0,0.0,0.0,27.0,1.0,0.005108671262860298,1.0,2.362865447998047,0.95751953125,0.07383954524993896,0.015625,0.07373046875,0.0,1.0,0.05809498578310013,1.0,16.81223487854004,0.50048828125,0.2568359375,0.8326995968818665,0.85546875,0.24365234375,0.89501953125,0.26515042781829834,0.0,0.875,0.0546875,1.0,0.0020955540239810944,1.0,1.0,0.0,0.0,0.0,0.0020955540239810944,,,,,,,,,,,,,,,,,,,,,,,,,,,,,,,,,,,,,,,,,,,,,,,,,,,,
8,2914,,,0.028345108032226562,0.419677734375,16.0,1.0,1.0,1.0,1.0,1.0,1.0,1.0,1.0,0.0,0.0,0.0,0.0,0.0,0.0,0.0,0.0,0.0,27.0,1.0,0.004032340832054615,1.0,2.348114013671875,0.9510498046875,0.0733785629272461,0.015625,0.0732421875,0.0,1.0,0.04882723093032837,1.0,16.80716323852539,0.490234375,0.25439453125,0.8464491367340088,0.861328125,0.23583984375,0.90087890625,0.22184810042381287,0.0,0.84375,0.052734375,1.0,0.0017012306489050388,1.0,1.0,0.0,0.0,0.0,0.0017012306489050388,,,,,,,,,,,,,,,,,,,,,,,,,,,,,,,,,,,,,,,,,,,,,,,,,,,,
8,2919,,,0.023659706115722656,0.416839599609375,16.0,1.0,1.0,1.0,1.0,1.0,1.0,1.0,1.0,0.0,0.0,0.0,0.0,0.0,0.0,0.0,0.0,0.0,27.0,1.0,0.003830344881862402,1.0,2.353191375732422,0.9425048828125,0.07353723049163818,0.015625,0.07373046875,0.0,1.0,0.04435974732041359,1.0,16.808910369873047,0.5029296875,0.26171875,0.8600746393203735,0.8986355066299438,0.2412109375,0.91943359375,0.20149314403533936,0.0,0.6875,0.042853862047195435,1.0,0.0013944597449153662,1.0,1.0,0.0,0.0,0.0,0.0013944597449153662,,,,,,,,,,,,,,,,,,,,,,,,,,,,,,,,,,,,,,,,,,,,,,,,,,,,
8,2924,,,0.025424957275390625,0.4189453125,16.0,1.0,1.0,1.0,1.0,1.0,1.0,1.0,1.0,0.0,0.0,0.0,0.0,0.0,0.0,0.0,0.0,0.0,27.0,1.0,0.0036194240674376488,1.0,2.2786407470703125,0.935302734375,0.07120752334594727,0.015625,0.0712890625,0.0,1.0,0.05141974613070488,1.0,16.783283233642578,0.50244140625,0.2578125,0.8579545617103577,0.884765625,0.24462890625,0.91259765625,0.23758286237716675,0.0,0.71875,0.044921875,1.0,0.0013173692859709263,1.0,1.0,0.0,0.0,0.0,0.0013173692859709263,,,,,,,,,,,,,,,,,,,,,,,,,,,,,,,,,,,,,,,,,,,,,,,,,,,,
8,2929,,,0.024921417236328125,0.4171142578125,16.0,1.0,1.0,1.0,1.0,1.0,1.0,1.0,1.0,0.0,0.0,0.0,0.0,0.0,0.0,0.0,0.0,0.0,27.0,1.0,0.004034026525914669,1.0,2.3211631774902344,0.950927734375,0.07253634929656982,0.015625,0.07275390625,0.0,1.0,0.05286635458469391,1.0,16.79789924621582,0.4970703125,0.255859375,0.8568702340126038,0.876953125,0.2412109375,0.90771484375,0.24432405829429626,0.0,0.625,0.0390625,1.0,0.0012866065371781588,1.0,1.0,0.0,0.0,0.0,0.0012866065371781588,,,,,,,,,,,,,,,,,,,,,,,,,,,,,,,,,,,,,,,,,,,,,,,,,,,,
8,2934,,,0.0263824462890625,0.4140625,16.0,1.0,1.0,1.0,1.0,1.0,1.0,1.0,1.0,0.0,0.0,0.0,0.0,0.0,0.0,0.0,0.0,0.0,27.0,1.0,0.004656740929931402,1.0,2.3009300231933594,0.952392578125,0.07190406322479248,0.015625,0.07177734375,0.0,1.0,0.047539398074150085,1.0,16.790945053100586,0.50048828125,0.25341796875,0.8709055781364441,0.8828125,0.2470703125,0.9150390625,0.21671220660209656,0.0,0.65625,0.041015625,1.0,0.001334622036665678,1.0,1.0,0.0,0.0,0.0,0.001334622036665678,,,,,,,,,,,,,,,,,,,,,,,,,,,,,,,,,,,,,,,,,,,,,,,,,,,,
8,2939,,,0.028171539306640625,0.4232177734375,16.0,1.0,1.0,1.0,1.0,1.0,1.0,1.0,1.0,0.0,0.0,0.0,0.0,0.0,0.0,0.0,0.0,0.0,27.0,1.0,0.004143758211284876,1.0,2.21197509765625,0.9462890625,0.06912422180175781,0.015625,0.0693359375,0.0,1.0,0.046473149210214615,1.0,16.760366439819336,0.49853515625,0.2646484375,0.8690037131309509,0.919921875,0.23388671875,0.923828125,0.21171124279499054,0.0,0.84375,0.052734375,1.0,0.0014246953651309013,1.0,1.0,0.0,0.0,0.0,0.0014246953651309013,,,,,,,,,,,,,,,,,,,,,,,,,,,,,,,,,,,,,,,,,,,,,,,,,,,,
8,2944,,,0.024230003356933594,0.421905517578125,16.0,1.0,1.0,1.0,1.0,1.0,1.0,1.0,1.0,0.0,0.0,0.0,0.0,0.0,0.0,0.0,0.0,0.0,27.0,1.0,0.0051977382972836494,1.0,2.2793807983398438,0.9344482421875,0.07123064994812012,0.015625,0.0712890625,0.0,1.0,0.04448035731911659,1.0,16.783536911010742,0.50146484375,0.2548828125,0.8639847040176392,0.8774319291114807,0.24658203125,0.91552734375,0.19787396490573883,0.0,0.78125,0.04859834536910057,1.0,0.0019371302332729101,1.0,1.0,0.0,0.0,0.0,0.0019371302332729101,,,,,,,,,,,,,,,,,,,,,,,,,,,,,,,,,,,,,,,,,,,,,,,,,,,,
8,2949,,,0.02737712860107422,0.420684814453125,16.0,1.0,1.0,1.0,1.0,1.0,1.0,1.0,1.0,0.0,0.0,0.0,0.0,0.0,0.0,0.0,0.0,0.0,27.0,1.0,0.0042549059726297855,1.0,2.2749671936035156,0.91015625,0.07109272480010986,0.015625,0.0712890625,0.0,1.0,0.04146020859479904,1.0,16.782020568847656,0.5,0.248046875,0.8818897604942322,0.875,0.251953125,0.92138671875,0.18566374480724335,0.0,0.5,0.03125,1.0,0.0015632635913789272,1.0,1.0,0.0,0.0,0.0,0.0015632635913789272,,,,,,,,,,,,,,,,,,,,,,,,,,,,,,,,,,,,,,,,,,,,,,,,,,,,
8,2954,,,0.027540206909179688,0.4161376953125,16.0,1.0,1.0,1.0,1.0,1.0,1.0,1.0,1.0,0.0,0.0,0.0,0.0,0.0,0.0,0.0,0.0,0.0,27.0,1.0,0.0034870984964072704,1.0,2.2723770141601562,0.96630859375,0.07101178169250488,0.015625,0.07080078125,0.0,1.0,0.0377427376806736,1.0,16.781129837036133,0.501953125,0.25927734375,0.9001883268356323,0.929961085319519,0.24267578125,0.94482421875,0.16989947855472565,0.0,0.84375,0.052734375,1.0,0.0011965986341238022,1.0,1.0,0.0,0.0,0.0,0.0011965986341238022,,,,,,,,,,,,,,,,,,,,,,,,,,,,,,,,,,,,,,,,,,,,,,,,,,,,
8,2959,,,0.0252227783203125,0.4183349609375,16.0,1.0,1.0,1.0,1.0,1.0,1.0,1.0,1.0,0.0,0.0,0.0,0.0,0.0,0.0,0.0,0.0,0.0,27.0,1.0,0.003490346483886242,1.0,2.2617568969726562,0.968505859375,0.07067990303039551,0.015625,0.07080078125,0.0,1.0,0.04701847583055496,1.0,16.77747917175293,0.49853515625,0.2470703125,0.9011857509613037,0.8888888955116272,0.25146484375,0.921875,0.21528860926628113,0.0,0.8125,0.050666362047195435,1.0,0.0014168713241815567,1.0,1.0,0.0,0.0,0.0,0.0014168713241815567,,,,,,,,,,,,,,,,,,,,,,,,,,,,,,,,,,,,,,,,,,,,,,,,,,,,
8,2964,,,0.027070045471191406,0.420135498046875,16.0,1.0,1.0,1.0,1.0,1.0,1.0,1.0,1.0,0.0,0.0,0.0,0.0,0.0,0.0,0.0,0.0,0.0,27.0,1.0,0.004025974310934544,1.0,2.2388534545898438,0.953857421875,0.06996417045593262,0.015625,0.06982421875,0.0,1.0,0.03954479470849037,1.0,16.76960563659668,0.5029296875,0.2548828125,0.9195402264595032,0.9338521361351013,0.248046875,0.9443359375,0.1763233244419098,0.0,0.78125,0.04859834536910057,1.0,0.0016067544929683208,1.0,1.0,0.0,0.0,0.0,0.0016067544929683208,,,,,,,,,,,,,,,,,,,,,,,,,,,,,,,,,,,,,,,,,,,,,,,,,,,,
8,2969,,,0.023412704467773438,0.4173583984375,16.0,1.0,1.0,1.0,1.0,1.0,1.0,1.0,1.0,0.0,0.0,0.0,0.0,0.0,0.0,0.0,0.0,0.0,27.0,1.0,0.0032764445059001446,1.0,2.2136001586914062,0.9371337890625,0.06917500495910645,0.015625,0.0693359375,0.0,1.0,0.03464540094137192,1.0,16.76092529296875,0.49462890625,0.2509765625,0.9182879328727722,0.9129593968391418,0.24365234375,0.94384765625,0.15424688160419464,0.0,0.6875,0.04250919073820114,1.0,0.0013542347587645054,1.0,1.0,0.0,0.0,0.0,0.0013542347587645054,,,,,,,,,,,,,,,,,,,,,,,,,,,,,,,,,,,,,,,,,,,,,,,,,,,,
8,2974,,,0.025875091552734375,0.41912841796875,16.0,1.0,1.0,1.0,1.0,1.0,1.0,1.0,1.0,0.0,0.0,0.0,0.0,0.0,0.0,0.0,0.0,0.0,27.0,1.0,0.004206749610602856,1.0,2.1842880249023438,0.96337890625,0.06825900077819824,0.015625,0.068359375,0.0,1.0,0.038354627788066864,1.0,16.7508487701416,0.501953125,0.25,0.9140625,0.9069767594337463,0.251953125,0.9375,0.1703670620918274,0.0,0.8125,0.05032169073820114,1.0,0.0016051135025918484,1.0,1.0,0.0,0.0,0.0,0.0016051135025918484,,,,,,,,,,,,,,,,,,,,,,,,,,,,,,,,,,,,,,,,,,,,,,,,,,,,
8,2979,,,0.028321266174316406,0.415863037109375,16.0,1.0,1.0,1.0,1.0,1.0,1.0,1.0,1.0,0.0,0.0,0.0,0.0,0.0,0.0,0.0,0.0,0.0,27.0,1.0,0.002986341482028365,1.0,2.2082862854003906,0.958984375,0.06900894641876221,0.015625,0.06884765625,0.0,1.0,0.035070959478616714,1.0,16.759098052978516,0.49560546875,0.2509765625,0.9182879328727722,0.921875,0.24462890625,0.94287109375,0.1574116349220276,0.0,0.71875,0.044921875,1.0,0.0011855433695018291,1.0,1.0,0.0,0.0,0.0,0.0011855433695018291,,,,,,,,,,,,,,,,,,,,,,,,,,,,,,,,,,,,,,,,,,,,,,,,,,,,
8,2984,,,0.026076316833496094,0.420440673828125,16.0,1.0,1.0,1.0,1.0,1.0,1.0,1.0,1.0,0.0,0.0,0.0,0.0,0.0,0.0,0.0,0.0,0.0,27.0,1.0,0.0031964299269020557,1.0,2.2228431701660156,0.9678955078125,0.06946384906768799,0.015625,0.0693359375,0.0,1.0,0.045078400522470474,1.0,16.764102935791016,0.498046875,0.25244140625,0.8704062104225159,0.8754863739013672,0.24560546875,0.92138671875,0.20666439831256866,0.0,0.75,0.04664522036910057,1.0,0.0012970995157957077,1.0,1.0,0.0,0.0,0.0,0.0012970995157957077,,,,,,,,,,,,,,,,,,,,,,,,,,,,,,,,,,,,,,,,,,,,,,,,,,,,
8,2989,,,0.02283191680908203,0.421844482421875,16.0,1.0,1.0,1.0,1.0,1.0,1.0,1.0,1.0,0.0,0.0,0.0,0.0,0.0,0.0,0.0,0.0,0.0,27.0,1.0,0.0034234696067869663,1.0,2.1879119873046875,0.9654541015625,0.06837224960327148,0.015625,0.068359375,0.0,1.0,0.04029253125190735,1.0,16.752094268798828,0.49853515625,0.25341796875,0.9075144529342651,0.919921875,0.2451171875,0.93359375,0.18298470973968506,0.0,0.84375,0.052734375,1.0,0.0012457410339266062,1.0,1.0,0.0,0.0,0.0,0.0012457410339266062,,,,,,,,,,,,,,,,,,,,,,,,,,,,,,,,,,,,,,,,,,,,,,,,,,,,
8,2994,,,0.030165672302246094,0.416290283203125,16.0,1.0,1.0,1.0,1.0,1.0,1.0,0.90625,0.994140625,0.0,0.0,1.0,0.09375,0.0,0.0,1.0,0.00146484375,0.0,27.0,0.90625,0.007968972437083721,1.0,2.190948486328125,0.95947265625,0.0684671401977539,0.015625,0.068359375,0.0,1.0,0.050665661692619324,0.9985119700431824,16.75313949584961,0.5048828125,0.25830078125,0.8771266341209412,0.90625,0.24658203125,0.9150390625,0.2190968096256256,0.0,0.9375,0.05859375,0.99853515625,0.0031867381185293198,1.0,1.0,0.0,0.0,0.0,0.0031867381185293198,,,,,,,,,,,,,,,,,,,,,,,,,,,,,,,,,,,,,,,,,,,,,,,,,,,,
,3000,372.2263786719999,8.059611494228767,,,,,,,,,,,,,,,,,,,,,,,,,,,,,,,,,,,,,,,,,,,,,,,,,,,,,,,,,,,,,,,,,,,,,,,,,,,,,,,,,,,,,,,,,,,,,,,,,,,,,,,,
8,2999,,,0.025529861450195312,0.42120361328125,16.0,1.0,1.0,1.0,1.0,1.0,1.0,1.0,1.0,0.0,0.0,0.0,0.0,0.0,0.0,0.0,0.0,0.0,27.0,1.0,0.0032928893342614174,1.0,2.0802001953125,0.955322265625,0.06500625610351562,0.015625,0.06494140625,0.0,1.0,0.04026930034160614,1.0,16.715068817138672,0.5009765625,0.25048828125,0.9103313684463501,0.912109375,0.25048828125,0.93505859375,0.18291275203227997,0.0,0.71875,0.044921875,1.0,0.0013112312881276011,1.0,1.0,0.0,0.0,0.0,0.0013112312881276011,,,,,,,,,,,,,,,,,,,,,,,,,,,,,,,,,,,,,,,,,,,,,,,,,,,,
8,3004,,,0.024991989135742188,0.423828125,16.0,1.0,1.0,1.0,1.0,1.0,1.0,1.0,1.0,0.0,0.0,0.0,0.0,0.0,0.0,0.0,0.0,0.0,27.0,1.0,0.003924843855202198,1.0,1.9831352233886719,0.9488525390625,0.061972975730895996,0.015625,0.06201171875,0.0,1.0,0.048466756939888,1.0,16.681703567504883,0.50830078125,0.26416015625,0.8669131398200989,0.9089147448539734,0.244140625,0.91650390625,0.22227370738983154,0.0,0.875,0.05422794073820114,1.0,0.0015372923808172345,1.0,1.0,0.0,0.0,0.0,0.0015372923808172345,,,,,,,,,,,,,,,,,,,,,,,,,,,,,,,,,,,,,,,,,,,,,,,,,,,,
8,3009,,,0.02444744110107422,0.425445556640625,16.0,1.0,1.0,1.0,1.0,0.96875,0.998046875,1.0,1.0,0.0,0.0,1.0,0.03125,0.0,0.0,0.0,0.00048828125,0.0,27.0,0.96875,0.00488556083291769,1.0,1.9559783935546875,0.9512939453125,0.061124324798583984,0.015625,0.06103515625,0.0,1.0,0.05723937973380089,0.999504029750824,16.672367095947266,0.513671875,0.25634765625,0.8647618889808655,0.8798449635505676,0.25732421875,0.91015625,0.2598183751106262,0.0,0.875,0.05422794073820114,0.99951171875,0.002589136827737093,1.0,1.0,0.0,0.0,0.0,0.002589136827737093,,,,,,,,,,,,,,,,,,,,,,,,,,,,,,,,,,,,,,,,,,,,,,,,,,,,
8,3014,,,0.025513648986816406,0.421417236328125,16.0,1.0,1.0,1.0,1.0,1.0,1.0,1.0,1.0,0.0,0.0,0.0,0.0,0.0,0.0,0.0,0.0,0.0,27.0,1.0,0.003876551054418087,1.0,2.0559844970703125,0.9508056640625,0.06424951553344727,0.015625,0.064453125,0.0,1.0,0.050934456288814545,1.0,16.706745147705078,0.505859375,0.26806640625,0.8451730608940125,0.904483437538147,0.23779296875,0.91552734375,0.23384788632392883,0.0,0.78125,0.048713237047195435,1.0,0.001651237951591611,1.0,1.0,0.0,0.0,0.0,0.001651237951591611,,,,,,,,,,,,,,,,,,,,,,,,,,,,,,,,,,,,,,,,,,,,,,,,,,,,
8,3019,,,0.024201393127441406,0.426116943359375,16.0,1.0,1.0,1.0,1.0,1.0,1.0,1.0,1.0,0.0,0.0,0.0,0.0,0.0,0.0,0.0,0.0,0.0,27.0,1.0,0.004499351605772972,1.0,2.0230712890625,0.951904296875,0.06322097778320312,0.015625,0.06298828125,0.0,1.0,0.044915277510881424,1.0,16.695430755615234,0.5068359375,0.2646484375,0.8708487153053284,0.9182879328727722,0.2421875,0.93212890625,0.20311839878559113,0.0,0.84375,0.052734375,1.0,0.0016658965032547712,1.0,1.0,0.0,0.0,0.0,0.0016658965032547712,,,,,,,,,,,,,,,,,,,,,,,,,,,,,,,,,,,,,,,,,,,,,,,,,,,,
8,3024,,,0.02523326873779297,0.426239013671875,16.0,1.0,1.0,1.0,1.0,1.0,1.0,1.0,1.0,0.0,0.0,0.0,0.0,0.0,0.0,0.0,0.0,0.0,27.0,1.0,0.0040605077520012856,1.0,2.109832763671875,0.951904296875,0.0659322738647461,0.015625,0.06591796875,0.0,1.0,0.03710946813225746,1.0,16.72525405883789,0.50830078125,0.267578125,0.8832116723060608,0.939805805683136,0.24072265625,0.9365234375,0.16461054980754852,0.0,0.8125,0.05043657869100571,1.0,0.0016000107862055302,1.0,1.0,0.0,0.0,0.0,0.0016000107862055302,,,,,,,,,,,,,,,,,,,,,,,,,,,,,,,,,,,,,,,,,,,,,,,,,,,,
8,3029,,,0.026330947875976562,0.42633056640625,16.0,1.0,1.0,1.0,1.0,1.0,1.0,1.0,1.0,0.0,0.0,0.0,0.0,0.0,0.0,0.0,0.0,0.0,27.0,1.0,0.0042427522130310535,1.0,2.1115188598632812,0.951416015625,0.06598496437072754,0.015625,0.06591796875,0.0,1.0,0.042323119938373566,1.0,16.725833892822266,0.50732421875,0.26611328125,0.8733944892883301,0.9278752207756042,0.2412109375,0.9228515625,0.19030804932117462,0.0,0.78125,0.048713237047195435,1.0,0.0016176276840269566,1.0,1.0,0.0,0.0,0.0,0.0016176276840269566,,,,,,,,,,,,,,,,,,,,,,,,,,,,,,,,,,,,,,,,,,,,,,,,,,,,
8,3034,,,0.027658462524414062,0.42669677734375,16.0,1.0,1.0,1.0,1.0,1.0,1.0,1.0,1.0,0.0,0.0,0.0,0.0,0.0,0.0,0.0,0.0,0.0,27.0,1.0,0.003927319310605526,1.0,2.0032730102539062,0.9488525390625,0.06260228157043457,0.015625,0.0625,0.0,1.0,0.04373585805296898,1.0,16.68862533569336,0.50341796875,0.255859375,0.8950381875038147,0.9124513864517212,0.24755859375,0.92822265625,0.19925391674041748,0.0,0.8125,0.05055147036910057,1.0,0.0013754412066191435,1.0,1.0,0.0,0.0,0.0,0.0013754412066191435,,,,,,,,,,,,,,,,,,,,,,,,,,,,,,,,,,,,,,,,,,,,,,,,,,,,
8,3039,,,0.023604393005371094,0.415618896484375,16.0,1.0,1.0,1.0,1.0,1.0,1.0,1.0,1.0,0.0,0.0,0.0,0.0,0.0,0.0,0.0,0.0,0.0,27.0,1.0,0.0037799496203660965,1.0,2.2032470703125,0.9493408203125,0.06885147094726562,0.015625,0.06884765625,0.0,1.0,0.04566213861107826,1.0,16.757366180419922,0.50244140625,0.2578125,0.8674242496490479,0.8910505771636963,0.24462890625,0.9189453125,0.2083670049905777,0.0,0.78125,0.04859834536910057,1.0,0.001434412319213152,1.0,1.0,0.0,0.0,0.0,0.001434412319213152,,,,,,,,,,,,,,,,,,,,,,,,,,,,,,,,,,,,,,,,,,,,,,,,,,,,
8,3044,,,0.02670764923095703,0.426971435546875,16.0,1.0,1.0,1.0,1.0,1.0,1.0,1.0,1.0,0.0,0.0,0.0,0.0,0.0,0.0,0.0,0.0,0.0,27.0,1.0,0.0027584610506892204,1.0,2.1256942749023438,0.945068359375,0.06642794609069824,0.015625,0.06640625,0.0,1.0,0.04705242067575455,1.0,16.7307071685791,0.50146484375,0.251953125,0.8682170510292053,0.875,0.24951171875,0.90966796875,0.21823406219482422,0.0,0.9375,0.05859375,1.0,0.0011214022524654865,1.0,1.0,0.0,0.0,0.0,0.0011214022524654865,,,,,,,,,,,,,,,,,,,,,,,,,,,,,,,,,,,,,,,,,,,,,,,,,,,,
8,3049,,,0.02616596221923828,0.423797607421875,16.0,1.0,1.0,1.0,1.0,1.0,1.0,1.0,1.0,0.0,0.0,0.0,0.0,0.0,0.0,0.0,0.0,0.0,27.0,1.0,0.0032104491256177425,1.0,2.1131439208984375,0.9609375,0.06603574752807617,0.015625,0.06591796875,0.0,1.0,0.050966303795576096,1.0,16.72639274597168,0.50244140625,0.2548828125,0.8582375645637512,0.875,0.24755859375,0.9091796875,0.23649907112121582,0.0,0.90625,0.056640625,1.0,0.0012823331635445356,1.0,1.0,0.0,0.0,0.0,0.0012823331635445356,,,,,,,,,,,,,,,,,,,,,,,,,,,,,,,,,,,,,,,,,,,,,,,,,,,,
8,3054,,,0.02523040771484375,0.4217529296875,16.0,1.0,1.0,1.0,1.0,1.0,1.0,1.0,1.0,0.0,0.0,0.0,0.0,0.0,0.0,0.0,0.0,0.0,27.0,1.0,0.003156298538669944,1.0,2.059368133544922,0.9639892578125,0.06435525417327881,0.015625,0.064453125,0.0,1.0,0.04650069773197174,1.0,16.707908630371094,0.5048828125,0.248046875,0.9074802994728088,0.8986355066299438,0.2568359375,0.92431640625,0.2148101031780243,0.0,0.9375,0.058478862047195435,1.0,0.0012079277075827122,1.0,1.0,0.0,0.0,0.0,0.0012079277075827122,,,,,,,,,,,,,,,,,,,,,,,,,,,,,,,,,,,,,,,,,,,,,,,,,,,,
8,3059,,,0.02728557586669922,0.419769287109375,16.0,1.0,1.0,1.0,1.0,1.0,1.0,1.0,1.0,0.0,0.0,0.0,0.0,0.0,0.0,0.0,0.0,0.0,27.0,1.0,0.0034095225855708122,1.0,2.0041656494140625,0.960693359375,0.06263017654418945,0.015625,0.0625,0.0,1.0,0.04822184145450592,1.0,16.688932418823242,0.49755859375,0.2529296875,0.8648648858070374,0.8699029088020325,0.24462890625,0.91015625,0.22248795628547668,0.0,0.90625,0.05629595369100571,1.0,0.001347792218439281,1.0,1.0,0.0,0.0,0.0,0.001347792218439281,,,,,,,,,,,,,,,,,,,,,,,,,,,,,,,,,,,,,,,,,,,,,,,,,,,,
8,3064,,,0.027213096618652344,0.420074462890625,16.0,1.0,1.0,1.0,1.0,1.0,1.0,1.0,1.0,0.0,0.0,0.0,0.0,0.0,0.0,0.0,0.0,0.0,27.0,1.0,0.0032645142637193203,1.0,2.0277557373046875,0.943603515625,0.06336736679077148,0.015625,0.0634765625,0.0,1.0,0.05125364661216736,1.0,16.697040557861328,0.509765625,0.2529296875,0.8474903702735901,0.8540856242179871,0.2568359375,0.9013671875,0.2372330129146576,0.0,0.78125,0.0486111119389534,1.0,0.0014523029094561934,1.0,1.0,0.0,0.0,0.0,0.0014523029094561934,,,,,,,,,,,,,,,,,,,,,,,,,,,,,,,,,,,,,,,,,,,,,,,,,,,,
8,3069,,,0.022891998291015625,0.423095703125,16.0,1.0,1.0,1.0,1.0,1.0,1.0,1.0,1.0,0.0,0.0,0.0,0.0,0.0,0.0,0.0,0.0,0.0,27.0,1.0,0.0043296972289681435,1.0,1.9994163513183594,0.9468994140625,0.06248176097869873,0.015625,0.0625,0.0,1.0,0.04848545044660568,1.0,16.687299728393555,0.4970703125,0.24658203125,0.8990098834037781,0.88671875,0.25048828125,0.92041015625,0.2222714126110077,0.0,0.75,0.046875,1.0,0.0014685995411127806,1.0,1.0,0.0,0.0,0.0,0.0014685995411127806,,,,,,,,,,,,,,,,,,,,,,,,,,,,,,,,,,,,,,,,,,,,,,,,,,,,
8,3074,,,0.03021240234375,0.4298095703125,16.0,1.0,1.0,1.0,1.0,1.0,1.0,1.0,1.0,0.0,0.0,0.0,0.0,0.0,0.0,0.0,0.0,0.0,27.0,1.0,0.0062781814485788345,1.0,2.0902061462402344,0.9263916015625,0.06531894207000732,0.015625,0.0654296875,0.0,1.0,0.050467416644096375,1.0,16.718507766723633,0.49755859375,0.25048828125,0.9122806787490845,0.9105058312416077,0.2470703125,0.9208984375,0.22806113958358765,0.0,0.71875,0.044921875,1.0,0.0016712623182684183,1.0,1.0,0.0,0.0,0.0,0.0016712623182684183,,,,,,,,,,,,,,,,,,,,,,,,,,,,,,,,,,,,,,,,,,,,,,,,,,,,
8,3079,,,0.02613067626953125,0.4205322265625,16.0,1.0,1.0,1.0,1.0,1.0,1.0,1.0,1.0,0.0,0.0,0.0,0.0,0.0,0.0,0.0,0.0,0.0,27.0,1.0,0.0052387649193406105,1.0,2.074268341064453,0.9276123046875,0.06482088565826416,0.015625,0.06494140625,0.0,1.0,0.04845501482486725,1.0,16.713029861450195,0.50439453125,0.25634765625,0.8780952095985413,0.900390625,0.248046875,0.921875,0.2186008095741272,0.0,0.65625,0.041015625,1.0,0.00186685542576015,1.0,1.0,0.0,0.0,0.0,0.00186685542576015,,,,,,,,,,,,,,,,,,,,,,,,,,,,,,,,,,,,,,,,,,,,,,,,,,,,
8,3084,,,0.027359962463378906,0.425323486328125,16.0,1.0,1.0,1.0,1.0,1.0,1.0,1.0,1.0,0.0,0.0,0.0,0.0,0.0,0.0,0.0,0.0,0.0,27.0,1.0,0.004679420031607151,1.0,2.0991973876953125,0.9346923828125,0.06559991836547852,0.015625,0.0654296875,0.0,1.0,0.058676037937402725,1.0,16.721599578857422,0.50830078125,0.2646484375,0.8634686470031738,0.9017341136932373,0.24365234375,0.91015625,0.27050352096557617,0.0,0.65625,0.040900737047195435,1.0,0.001819623401388526,1.0,1.0,0.0,0.0,0.0,0.001819623401388526,,,,,,,,,,,,,,,,,,,,,,,,,,,,,,,,,,,,,,,,,,,,,,,,,,,,
8,3089,,,0.02495861053466797,0.421051025390625,16.0,1.0,1.0,1.0,1.0,1.0,1.0,1.0,1.0,0.0,0.0,0.0,0.0,0.0,0.0,0.0,0.0,0.0,27.0,1.0,0.00759865203872323,1.0,2.1709518432617188,0.9443359375,0.06784224510192871,0.015625,0.06787109375,0.0,1.0,0.05837612226605415,1.0,16.746265411376953,0.50537109375,0.25439453125,0.8483685255050659,0.8599221706390381,0.2509765625,0.89453125,0.2592467665672302,0.0,0.9375,0.05836397036910057,1.0,0.00301948725245893,1.0,1.0,0.0,0.0,0.0,0.00301948725245893,,,,,,,,,,,,,,,,,,,,,,,,,,,,,,,,,,,,,,,,,,,,,,,,,,,,
8,3094,,,0.022751808166503906,0.422760009765625,16.0,1.0,1.0,1.0,1.0,1.0,1.0,1.0,1.0,0.0,0.0,0.0,0.0,0.0,0.0,0.0,0.0,0.0,27.0,1.0,0.00354649662040174,1.0,2.119647979736328,0.94189453125,0.06623899936676025,0.015625,0.06640625,0.0,1.0,0.04844416305422783,1.0,16.728628158569336,0.50341796875,0.26171875,0.8675373196601868,0.908203125,0.24169921875,0.91455078125,0.2232452630996704,0.0,0.8125,0.05078125,1.0,0.001353452680632472,1.0,1.0,0.0,0.0,0.0,0.001353452680632472,,,,,,,,,,,,,,,,,,,,,,,,,,,,,,,,,,,,,,,,,,,,,,,,,,,,
,3100,359.0110161030967,8.077746559083888,,,,,,,,,,,,,,,,,,,,,,,,,,,,,,,,,,,,,,,,,,,,,,,,,,,,,,,,,,,,,,,,,,,,,,,,,,,,,,,,,,,,,,,,,,,,,,,,,,,,,,,,
8,3099,,,0.02519512176513672,0.422393798828125,16.0,1.0,1.0,1.0,1.0,0.96875,0.998046875,1.0,1.0,0.0,0.0,1.0,0.03125,0.0,0.0,0.0,0.00048828125,0.0,27.0,0.96875,0.009204942733049393,1.0,2.1334915161132812,0.945068359375,0.06667160987854004,0.015625,0.06689453125,0.0,1.0,0.05531911924481392,0.999504029750824,16.733386993408203,0.50244140625,0.25537109375,0.8833652138710022,0.90234375,0.2470703125,0.91552734375,0.22542551159858704,0.0,0.875,0.0546875,0.99951171875,0.006345686502754688,1.0,1.0,0.0,0.0,0.0,0.006345686502754688,,,,,,,,,,,,,,,,,,,,,,,,,,,,,,,,,,,,,,,,,,,,,,,,,,,,
8,3104,,,0.029790878295898438,0.41912841796875,16.0,1.0,1.0,1.0,1.0,1.0,1.0,1.0,1.0,0.0,0.0,0.0,0.0,0.0,0.0,0.0,0.0,0.0,27.0,1.0,0.0039653414860367775,1.0,2.1729507446289062,0.94482421875,0.06790471076965332,0.015625,0.06787109375,0.0,1.0,0.052548859268426895,1.0,16.746952056884766,0.4990234375,0.2529296875,0.8494208455085754,0.8576998114585876,0.24609375,0.90087890625,0.24164438247680664,0.0,0.71875,0.044921875,1.0,0.0015727048739790916,1.0,1.0,0.0,0.0,0.0,0.0015727048739790916,,,,,,,,,,,,,,,,,,,,,,,,,,,,,,,,,,,,,,,,,,,,,,,,,,,,
8,3109,,,0.02495098114013672,0.420135498046875,16.0,1.0,1.0,1.0,1.0,0.96875,0.998046875,1.0,1.0,0.0,0.0,1.0,0.03125,0.0,0.0,0.0,0.00048828125,0.0,27.0,0.96875,0.009502244181931019,1.0,2.169403076171875,0.935546875,0.0677938461303711,0.015625,0.06787109375,0.0,1.0,0.07586303353309631,0.999504029750824,16.745731353759766,0.50537109375,0.2578125,0.8503788113594055,0.876953125,0.24755859375,0.87890625,0.33679986000061035,0.0,0.78125,0.048828125,0.99951171875,0.004519951529800892,1.0,1.0,0.0,0.0,0.0,0.004519951529800892,,,,,,,,,,,,,,,,,,,,,,,,,,,,,,,,,,,,,,,,,,,,,,,,,,,,
8,3114,,,0.024300575256347656,0.421722412109375,16.0,1.0,1.0,1.0,1.0,1.0,1.0,1.0,1.0,0.0,0.0,0.0,0.0,0.0,0.0,0.0,0.0,0.0,27.0,1.0,0.0073562669567763805,1.0,2.2642974853515625,0.927978515625,0.07075929641723633,0.015625,0.07080078125,0.0,1.0,0.09144970774650574,1.0,16.778352737426758,0.4853515625,0.25390625,0.807692289352417,0.8203125,0.2314453125,0.8193359375,0.4282207489013672,0.0,0.75,0.046875,1.0,0.002304420107975602,1.0,1.0,0.0,0.0,0.0,0.002304420107975602,,,,,,,,,,,,,,,,,,,,,,,,,,,,,,,,,,,,,,,,,,,,,,,,,,,,
8,3115,,,,,,,,,,,,,,,,,,,,,,,,,,,,,,,,,,,,,,,,,,,,,,,,,,,,,,,0.02080535888671875,0.4219193756580353,16.0,1.0,1.0,1.0,1.0,1.0,1.0,1.0,1.0,0.0,0.0,0.0,0.0,0.0,0.0,0.0,0.0,0.0,27.0,1.0,0.017527785152196884,1.0,2.326477289199829,0.9357244372367859,0.07270241528749466,0.015625,0.07270951569080353,0.0,1.0,0.0963432565331459,1.0,16.799728393554688,0.5198863744735718,0.2599431872367859,0.8224077224731445,0.8526926040649414,0.2599431872367859,0.8167613744735718,0.43666747212409973,0.0,0.8636363744735718,0.053977273404598236,1.0,0.002966000232845545,1.0,1.0,0.0,0.0,0.0,0.002966000232845545
8,3119,,,0.026170730590820312,0.41741943359375,16.0,1.0,1.0,1.0,1.0,1.0,1.0,1.0,1.0,0.0,0.0,0.0,0.0,0.0,0.0,0.0,0.0,0.0,27.0,1.0,0.009300990961492062,1.0,2.383922576904297,0.939453125,0.07449758052825928,0.015625,0.07470703125,0.0,1.0,0.0768587589263916,1.0,16.819473266601562,0.47509765625,0.28515625,0.7825342416763306,0.8873786330223083,0.18994140625,0.85205078125,0.35314708948135376,0.0,0.71875,0.04457720369100571,1.0,0.002147022634744644,1.0,1.0,0.0,0.0,0.0,0.002147022634744644,,,,,,,,,,,,,,,,,,,,,,,,,,,,,,,,,,,,,,,,,,,,,,,,,,,,
8,3124,,,0.028594017028808594,0.422027587890625,16.0,1.0,1.0,1.0,1.0,1.0,1.0,1.0,1.0,0.0,0.0,0.0,0.0,0.0,0.0,0.0,0.0,0.0,27.0,1.0,0.006629320792853832,1.0,2.2919921875,0.9443359375,0.071624755859375,0.015625,0.07177734375,0.0,1.0,0.07395550608634949,1.0,16.787872314453125,0.51025390625,0.2685546875,0.8218181729316711,0.8828125,0.24169921875,0.85791015625,0.34266793727874756,0.0,0.8125,0.05078125,1.0,0.002044318476691842,1.0,1.0,0.0,0.0,0.0,0.002044318476691842,,,,,,,,,,,,,,,,,,,,,,,,,,,,,,,,,,,,,,,,,,,,,,,,,,,,
8,3129,,,0.02746868133544922,0.414764404296875,16.0,1.0,1.0,1.0,1.0,1.0,1.0,1.0,1.0,0.0,0.0,0.0,0.0,0.0,0.0,0.0,0.0,0.0,27.0,1.0,0.004287144169211388,1.0,2.2054672241210938,0.9468994140625,0.06892085075378418,0.015625,0.06884765625,0.0,1.0,0.0644504651427269,1.0,16.758129119873047,0.50537109375,0.24755859375,0.8540433645248413,0.845703125,0.2578125,0.87451171875,0.30034369230270386,0.0,0.875,0.0546875,1.0,0.0016619653906673193,1.0,1.0,0.0,0.0,0.0,0.0016619653906673193,,,,,,,,,,,,,,,,,,,,,,,,,,,,,,,,,,,,,,,,,,,,,,,,,,,,
8,3134,,,0.025402069091796875,0.4217529296875,16.0,0.96875,0.998046875,1.0,1.0,1.0,1.0,1.0,1.0,0.0,0.0,1.0,0.03125,0.0,0.0,0.0,0.00048828125,0.0,27.0,0.96875,0.007335072383284569,1.0,2.123424530029297,0.9521484375,0.06635701656341553,0.015625,0.06640625,0.0,1.0,0.054342713207006454,0.999504029750824,16.72992706298828,0.50439453125,0.24951171875,0.8630136847496033,0.861328125,0.2548828125,0.89599609375,0.24287936091423035,0.0,0.9375,0.05859375,0.99951171875,0.002351534552872181,1.0,1.0,0.0,0.0,0.0,0.002351534552872181,,,,,,,,,,,,,,,,,,,,,,,,,,,,,,,,,,,,,,,,,,,,,,,,,,,,
8,3139,,,0.024232864379882812,0.4183349609375,16.0,1.0,1.0,1.0,1.0,1.0,1.0,1.0,1.0,0.0,0.0,0.0,0.0,0.0,0.0,0.0,0.0,0.0,27.0,1.0,0.004533460363745689,1.0,2.122936248779297,0.93212890625,0.06634175777435303,0.015625,0.06640625,0.0,1.0,0.05471989884972572,1.0,16.729759216308594,0.49560546875,0.25634765625,0.8704761862754822,0.892578125,0.2392578125,0.9072265625,0.2515157461166382,0.0,0.71875,0.044921875,1.0,0.0017135400557890534,1.0,1.0,0.0,0.0,0.0,0.0017135400557890534,,,,,,,,,,,,,,,,,,,,,,,,,,,,,,,,,,,,,,,,,,,,,,,,,,,,
8,3144,,,0.02634143829345703,0.421356201171875,16.0,1.0,1.0,1.0,1.0,1.0,1.0,1.0,1.0,0.0,0.0,0.0,0.0,0.0,0.0,0.0,0.0,0.0,27.0,1.0,0.004504015669226646,1.0,2.1065597534179688,0.9495849609375,0.06582999229431152,0.015625,0.06591796875,0.0,1.0,0.05202879756689072,1.0,16.724130630493164,0.4912109375,0.26708984375,0.866544783115387,0.9239766001701355,0.22412109375,0.912109375,0.238169863820076,0.0,0.8125,0.050666362047195435,1.0,0.0016855215653777122,1.0,1.0,0.0,0.0,0.0,0.0016855215653777122,,,,,,,,,,,,,,,,,,,,,,,,,,,,,,,,,,,,,,,,,,,,,,,,,,,,
8,3149,,,0.03022289276123047,0.412506103515625,16.0,1.0,1.0,1.0,1.0,1.0,1.0,1.0,1.0,0.0,0.0,0.0,0.0,0.0,0.0,0.0,0.0,0.0,27.0,1.0,0.004190945532172918,1.0,2.2120437622070312,0.95458984375,0.06912636756896973,0.015625,0.0693359375,0.0,1.0,0.05382745712995529,1.0,16.76038932800293,0.49267578125,0.25830078125,0.8676748871803284,0.8929961323738098,0.234375,0.90625,0.24784663319587708,0.0,0.90625,0.056640625,1.0,0.0015196134336292744,1.0,1.0,0.0,0.0,0.0,0.0015196134336292744,,,,,,,,,,,,,,,,,,,,,,,,,,,,,,,,,,,,,,,,,,,,,,,,,,,,
8,3154,,,0.027068138122558594,0.415557861328125,16.0,1.0,1.0,1.0,1.0,1.0,1.0,1.0,1.0,0.0,0.0,0.0,0.0,0.0,0.0,0.0,0.0,0.0,27.0,1.0,0.0038717908319085836,1.0,2.1337928771972656,0.9482421875,0.06668102741241455,0.015625,0.06689453125,0.0,1.0,0.0516321137547493,1.0,16.733491897583008,0.49658203125,0.24951171875,0.8943248391151428,0.8873786330223083,0.2470703125,0.91455078125,0.23808135092258453,0.0,0.6875,0.04296875,1.0,0.001442072680220008,1.0,1.0,0.0,0.0,0.0,0.001442072680220008,,,,,,,,,,,,,,,,,,,,,,,,,,,,,,,,,,,,,,,,,,,,,,,,,,,,
8,3159,,,0.026311874389648438,0.41082763671875,16.0,1.0,1.0,1.0,1.0,1.0,1.0,1.0,1.0,0.0,0.0,0.0,0.0,0.0,0.0,0.0,0.0,0.0,27.0,1.0,0.0047185784205794334,1.0,2.2787094116210938,0.9537353515625,0.07120966911315918,0.015625,0.0712890625,0.0,1.0,0.051760997623205185,1.0,16.783306121826172,0.501953125,0.25927734375,0.8738229870796204,0.9009708762168884,0.24267578125,0.9130859375,0.2366296797990799,0.0,0.84375,0.05238970369100571,1.0,0.0015656021423637867,1.0,1.0,0.0,0.0,0.0,0.0015656021423637867,,,,,,,,,,,,,,,,,,,,,,,,,,,,,,,,,,,,,,,,,,,,,,,,,,,,
8,3164,,,0.027879714965820312,0.4139404296875,16.0,1.0,1.0,1.0,1.0,1.0,1.0,1.0,1.0,0.0,0.0,0.0,0.0,0.0,0.0,0.0,0.0,0.0,27.0,1.0,0.003832882735878229,1.0,2.243335723876953,0.9561767578125,0.07010424137115479,0.015625,0.0703125,0.0,1.0,0.0471016950905323,1.0,16.771146774291992,0.49267578125,0.2626953125,0.8791821599006653,0.914893627166748,0.22998046875,0.919921875,0.21578769385814667,0.0,0.96875,0.059972427785396576,1.0,0.0013033293653279543,1.0,1.0,0.0,0.0,0.0,0.0013033293653279543,,,,,,,,,,,,,,,,,,,,,,,,,,,,,,,,,,,,,,,,,,,,,,,,,,,,
9,3169,,,0.02980804443359375,0.42181396484375,16.0,1.0,1.0,1.0,1.0,1.0,1.0,1.0,1.0,0.0,0.0,0.0,0.0,0.0,0.0,0.0,0.0,0.0,27.0,1.0,0.003540488425642252,1.0,2.2035789489746094,0.949951171875,0.06886184215545654,0.015625,0.06884765625,0.0,1.0,0.04599485918879509,1.0,16.75748062133789,0.49560546875,0.2587890625,0.8830188512802124,0.9140625,0.23681640625,0.91845703125,0.21034088730812073,0.0,0.875,0.0546875,1.0,0.0013701861025765538,1.0,1.0,0.0,0.0,0.0,0.0013701861025765538,,,,,,,,,,,,,,,,,,,,,,,,,,,,,,,,,,,,,,,,,,,,,,,,,,,,
9,3174,,,0.02878284454345703,0.416717529296875,16.0,1.0,1.0,1.0,1.0,1.0,1.0,1.0,1.0,0.0,0.0,0.0,0.0,0.0,0.0,0.0,0.0,0.0,27.0,1.0,0.0038700082805007696,1.0,2.1706619262695312,0.948486328125,0.06783318519592285,0.015625,0.06787109375,0.0,1.0,0.0443105474114418,1.0,16.746164321899414,0.4970703125,0.25244140625,0.8858800530433655,0.892787516117096,0.24462890625,0.91845703125,0.20188143849372864,0.0,0.75,0.046875,1.0,0.001320896204560995,1.0,1.0,0.0,0.0,0.0,0.001320896204560995,,,,,,,,,,,,,,,,,,,,,,,,,,,,,,,,,,,,,,,,,,,,,,,,,,,,
9,3179,,,0.029447555541992188,0.4163818359375,16.0,1.0,1.0,1.0,1.0,1.0,1.0,1.0,1.0,0.0,0.0,0.0,0.0,0.0,0.0,0.0,0.0,0.0,27.0,1.0,0.004107293672859669,1.0,2.1201858520507812,0.9659423828125,0.06625580787658691,0.015625,0.06640625,0.0,1.0,0.043744172900915146,1.0,16.72881317138672,0.49951171875,0.25830078125,0.8752362728118896,0.9025341272354126,0.2412109375,0.91845703125,0.1990060806274414,0.0,0.9375,0.058478862047195435,1.0,0.0012941432651132345,1.0,1.0,0.0,0.0,0.0,0.0012941432651132345,,,,,,,,,,,,,,,,,,,,,,,,,,,,,,,,,,,,,,,,,,,,,,,,,,,,
9,3184,,,0.02865123748779297,0.414581298828125,16.0,1.0,1.0,1.0,1.0,1.0,1.0,1.0,1.0,0.0,0.0,0.0,0.0,0.0,0.0,0.0,0.0,0.0,27.0,1.0,0.003636801615357399,1.0,2.0736465454101562,0.9459228515625,0.06480145454406738,0.015625,0.06494140625,0.0,1.0,0.04924536868929863,1.0,16.71281623840332,0.501953125,0.263671875,0.8870370388031006,0.9319066405296326,0.23828125,0.9287109375,0.22769254446029663,0.0,0.71875,0.04469209536910057,1.0,0.001214146614074707,1.0,1.0,0.0,0.0,0.0,0.001214146614074707,,,,,,,,,,,,,,,,,,,,,,,,,,,,,,,,,,,,,,,,,,,,,,,,,,,,
9,3189,,,0.024600982666015625,0.413330078125,16.0,1.0,1.0,1.0,1.0,1.0,1.0,1.0,1.0,0.0,0.0,0.0,0.0,0.0,0.0,0.0,0.0,0.0,27.0,1.0,0.0036409536842256784,1.0,2.0763015747070312,0.9610595703125,0.06488442420959473,0.015625,0.06494140625,0.0,1.0,0.0468706376850605,1.0,16.713727951049805,0.498046875,0.25439453125,0.8829174637794495,0.8966861367225647,0.24365234375,0.91259765625,0.21584205329418182,0.0,0.75,0.046760112047195435,1.0,0.0012489832006394863,1.0,1.0,0.0,0.0,0.0,0.0012489832006394863,,,,,,,,,,,,,,,,,,,,,,,,,,,,,,,,,,,,,,,,,,,,,,,,,,,,
9,3194,,,0.025933265686035156,0.419158935546875,16.0,1.0,1.0,1.0,1.0,1.0,1.0,1.0,1.0,0.0,0.0,0.0,0.0,0.0,0.0,0.0,0.0,0.0,27.0,1.0,0.0034717970993369818,1.0,1.9796409606933594,0.9647216796875,0.06186378002166748,0.015625,0.061767578125,0.0,1.0,0.04322034865617752,1.0,16.68050193786621,0.49951171875,0.26123046875,0.8841121792793274,0.9202334880828857,0.23828125,0.9296875,0.19802629947662354,0.0,0.8125,0.05078125,1.0,0.0012518458534032106,1.0,1.0,0.0,0.0,0.0,0.0012518458534032106,,,,,,,,,,,,,,,,,,,,,,,,,,,,,,,,,,,,,,,,,,,,,,,,,,,,
,3200,348.572519728125,8.032761739749041,,,,,,,,,,,,,,,,,,,,,,,,,,,,,,,,,,,,,,,,,,,,,,,,,,,,,,,,,,,,,,,,,,,,,,,,,,,,,,,,,,,,,,,,,,,,,,,,,,,,,,,,
9,3199,,,0.027594566345214844,0.413604736328125,16.0,1.0,1.0,1.0,1.0,1.0,1.0,1.0,1.0,0.0,0.0,0.0,0.0,0.0,0.0,0.0,0.0,0.0,27.0,1.0,0.00334923155605793,1.0,1.9967536926269531,0.966064453125,0.062398552894592285,0.015625,0.0625,0.0,1.0,0.03998342901468277,1.0,16.686384201049805,0.50048828125,0.25830078125,0.8846880793571472,0.9140625,0.2421875,0.93115234375,0.1818239390850067,0.0,0.84375,0.052734375,1.0,0.0012541639152914286,1.0,1.0,0.0,0.0,0.0,0.0012541639152914286,,,,,,,,,,,,,,,,,,,,,,,,,,,,,,,,,,,,,,,,,,,,,,,,,,,,
9,3204,,,0.02677631378173828,0.417022705078125,16.0,1.0,1.0,1.0,1.0,1.0,1.0,1.0,1.0,0.0,0.0,0.0,0.0,0.0,0.0,0.0,0.0,0.0,27.0,1.0,0.004965907894074917,1.0,1.9915008544921875,0.9647216796875,0.06223440170288086,0.015625,0.062255859375,0.0,1.0,0.0397268608212471,1.0,16.68457794189453,0.50146484375,0.26513671875,0.8821362853050232,0.935546875,0.236328125,0.9365234375,0.1739349365234375,0.0,0.90625,0.056640625,1.0,0.002187040401622653,1.0,1.0,0.0,0.0,0.0,0.002187040401622653,,,,,,,,,,,,,,,,,,,,,,,,,,,,,,,,,,,,,,,,,,,,,,,,,,,,
9,3209,,,0.026693344116210938,0.41424560546875,16.0,1.0,1.0,1.0,1.0,1.0,1.0,1.0,1.0,0.0,0.0,0.0,0.0,0.0,0.0,0.0,0.0,0.0,27.0,1.0,0.0039855483919382095,1.0,1.990814208984375,0.9537353515625,0.06221294403076172,0.015625,0.062255859375,0.0,1.0,0.03541281446814537,1.0,16.684341430664062,0.4951171875,0.25439453125,0.9059500694274902,0.921875,0.24072265625,0.93603515625,0.15742146968841553,0.0,0.78125,0.048828125,1.0,0.0014216091949492693,1.0,1.0,0.0,0.0,0.0,0.0014216091949492693,,,,,,,,,,,,,,,,,,,,,,,,,,,,,,,,,,,,,,,,,,,,,,,,,,,,
9,3214,,,0.02768707275390625,0.41876220703125,16.0,1.0,1.0,1.0,1.0,1.0,1.0,1.0,1.0,0.0,0.0,0.0,0.0,0.0,0.0,0.0,0.0,0.0,27.0,1.0,0.0031005379278212786,1.0,1.9190940856933594,0.956787109375,0.05997169017791748,0.015625,0.06005859375,0.0,1.0,0.03054220601916313,1.0,16.65968894958496,0.49755859375,0.255859375,0.9122137427330017,0.93359375,0.24169921875,0.95166015625,0.13560077548027039,0.0,0.84375,0.052734375,1.0,0.0011722291819751263,1.0,1.0,0.0,0.0,0.0,0.0011722291819751263,,,,,,,,,,,,,,,,,,,,,,,,,,,,,,,,,,,,,,,,,,,,,,,,,,,,
9,3219,,,0.028647422790527344,0.420745849609375,16.0,1.0,1.0,1.0,1.0,1.0,1.0,1.0,1.0,0.0,0.0,0.0,0.0,0.0,0.0,0.0,0.0,0.0,27.0,1.0,0.003911906853318214,1.0,1.8401031494140625,0.938720703125,0.05750322341918945,0.015625,0.0576171875,0.0,1.0,0.034297894686460495,1.0,16.632535934448242,0.50146484375,0.26318359375,0.9035250544548035,0.951171875,0.23828125,0.94873046875,0.15201416611671448,0.0,0.65625,0.041015625,1.0,0.0014785707462579012,1.0,1.0,0.0,0.0,0.0,0.0014785707462579012,,,,,,,,,,,,,,,,,,,,,,,,,,,,,,,,,,,,,,,,,,,,,,,,,,,,
9,3224,,,0.030574798583984375,0.41363525390625,16.0,1.0,1.0,1.0,1.0,1.0,1.0,1.0,1.0,0.0,0.0,0.0,0.0,0.0,0.0,0.0,0.0,0.0,27.0,1.0,0.002955555683001876,1.0,1.8792190551757812,0.9483642578125,0.058725595474243164,0.015625,0.058837890625,0.0,1.0,0.03759430721402168,1.0,16.645980834960938,0.5,0.25537109375,0.8986615538597107,0.91796875,0.24462890625,0.9404296875,0.17164316773414612,0.0,0.75,0.046875,1.0,0.0010461087804287672,1.0,1.0,0.0,0.0,0.0,0.0010461087804287672,,,,,,,,,,,,,,,,,,,,,,,,,,,,,,,,,,,,,,,,,,,,,,,,,,,,
9,3229,,,0.0289764404296875,0.41741943359375,16.0,1.0,1.0,1.0,1.0,1.0,1.0,0.875,0.9921875,0.0,0.0,1.0,0.125,0.0,0.8999996185302734,1.0,0.001953125,0.0,27.0,0.875,0.011973588727414608,1.0,1.8857803344726562,0.9508056640625,0.05893063545227051,0.015625,0.058837890625,0.0,1.0,0.04901261255145073,0.9980159401893616,16.648237228393555,0.50048828125,0.25537109375,0.8967494964599609,0.9019230604171753,0.2451171875,0.92529296875,0.1794901043176651,0.0,0.8125,0.05032169073820114,0.998046875,0.008656501770019531,1.0,0.998046875,0.0,0.0,0.0,0.008656501770019531,,,,,,,,,,,,,,,,,,,,,,,,,,,,,,,,,,,,,,,,,,,,,,,,,,,,
9,3234,,,0.025374412536621094,0.415679931640625,16.0,1.0,1.0,1.0,1.0,1.0,1.0,1.0,1.0,0.0,0.0,0.0,0.0,0.0,0.0,0.0,0.0,0.0,27.0,1.0,0.0036504699382930994,1.0,1.8460044860839844,0.968994140625,0.05768764019012451,0.015625,0.0576171875,0.0,1.0,0.0483325831592083,1.0,16.634563446044922,0.49755859375,0.25341796875,0.9094412326812744,0.921875,0.244140625,0.927734375,0.2235935628414154,0.0,0.9375,0.05859375,1.0,0.001295470166951418,1.0,1.0,0.0,0.0,0.0,0.001295470166951418,,,,,,,,,,,,,,,,,,,,,,,,,,,,,,,,,,,,,,,,,,,,,,,,,,,,
9,3239,,,0.026782989501953125,0.416748046875,16.0,1.0,1.0,1.0,1.0,1.0,1.0,1.0,1.0,0.0,0.0,0.0,0.0,0.0,0.0,0.0,0.0,0.0,27.0,1.0,0.004516638815402985,1.0,1.8503456115722656,0.965087890625,0.0578233003616333,0.015625,0.057861328125,0.0,1.0,0.03998064994812012,1.0,16.636056900024414,0.49658203125,0.25634765625,0.8914285898208618,0.9052224159240723,0.240234375,0.9306640625,0.17968808114528656,0.0,0.84375,0.05238970369100571,1.0,0.0014863729011267424,1.0,1.0,0.0,0.0,0.0,0.0014863729011267424,,,,,,,,,,,,,,,,,,,,,,,,,,,,,,,,,,,,,,,,,,,,,,,,,,,,
9,3244,,,0.029821395874023438,0.41796875,16.0,1.0,1.0,1.0,1.0,1.0,1.0,1.0,1.0,0.0,0.0,0.0,0.0,0.0,0.0,0.0,0.0,0.0,27.0,1.0,0.002709602005779743,1.0,1.8334846496582031,0.9564208984375,0.05729639530181885,0.015625,0.057373046875,0.0,1.0,0.05336807295680046,1.0,16.630260467529297,0.501953125,0.2568359375,0.8574144244194031,0.880859375,0.2451171875,0.9072265625,0.2504945993423462,0.0,1.0,0.0625,1.0,0.001149126561358571,1.0,1.0,0.0,0.0,0.0,0.001149126561358571,,,,,,,,,,,,,,,,,,,,,,,,,,,,,,,,,,,,,,,,,,,,,,,,,,,,
9,3249,,,0.023061752319335938,0.42108154296875,16.0,1.0,1.0,1.0,1.0,1.0,1.0,1.0,1.0,0.0,0.0,0.0,0.0,0.0,0.0,0.0,0.0,0.0,27.0,1.0,0.002243136055767536,1.0,1.7874031066894531,0.953369140625,0.05585634708404541,0.015625,0.055908203125,0.0,1.0,0.04080536216497421,1.0,16.61441993713379,0.49658203125,0.24658203125,0.9168316721916199,0.9007782340049744,0.25,0.92822265625,0.18947699666023254,0.0,0.84375,0.05250459536910057,1.0,0.000997038558125496,1.0,1.0,0.0,0.0,0.0,0.000997038558125496,,,,,,,,,,,,,,,,,,,,,,,,,,,,,,,,,,,,,,,,,,,,,,,,,,,,
9,3254,,,0.024312973022460938,0.42041015625,16.0,1.0,1.0,1.0,1.0,1.0,1.0,1.0,1.0,0.0,0.0,0.0,0.0,0.0,0.0,0.0,0.0,0.0,27.0,1.0,0.0031446069478988647,1.0,1.7745132446289062,0.9659423828125,0.05545353889465332,0.015625,0.055419921875,0.0,1.0,0.043539393693208694,1.0,16.609989166259766,0.5,0.25244140625,0.8974854946136475,0.904483437538147,0.24755859375,0.92919921875,0.20108234882354736,0.0,0.9375,0.058478862047195435,1.0,0.001187377842143178,1.0,1.0,0.0,0.0,0.0,0.001187377842143178,,,,,,,,,,,,,,,,,,,,,,,,,,,,,,,,,,,,,,,,,,,,,,,,,,,,
9,3259,,,0.040119171142578125,0.4139404296875,16.0,1.0,1.0,1.0,1.0,1.0,1.0,1.0,1.0,0.0,0.0,0.0,0.0,0.0,0.0,0.0,0.0,0.0,27.0,1.0,0.002760421484708786,1.0,1.8847732543945312,0.87939453125,0.0588991641998291,0.015625,0.058837890625,0.0,1.0,0.04913822188973427,1.0,16.647890090942383,0.51171875,0.25634765625,0.916190505027771,0.939453125,0.25537109375,0.9306640625,0.22773969173431396,0.0,0.53125,0.033203125,1.0,0.0013240573462098837,1.0,1.0,0.0,0.0,0.0,0.0013240573462098837,,,,,,,,,,,,,,,,,,,,,,,,,,,,,,,,,,,,,,,,,,,,,,,,,,,,
9,3264,,,0.029145240783691406,0.418609619140625,16.0,1.0,1.0,1.0,1.0,1.0,1.0,1.0,1.0,0.0,0.0,0.0,0.0,0.0,0.0,0.0,0.0,0.0,27.0,1.0,0.005612276028841734,1.0,1.8612251281738281,0.9599609375,0.05816328525543213,0.015625,0.05810546875,0.0,1.0,0.053870849311351776,1.0,16.639795303344727,0.4951171875,0.25830078125,0.8714555501937866,0.900390625,0.23681640625,0.90673828125,0.24778571724891663,0.0,0.84375,0.052734375,1.0,0.0014595123939216137,1.0,1.0,0.0,0.0,0.0,0.0014595123939216137,,,,,,,,,,,,,,,,,,,,,,,,,,,,,,,,,,,,,,,,,,,,,,,,,,,,
9,3269,,,0.026882171630859375,0.415771484375,16.0,1.0,1.0,1.0,1.0,1.0,1.0,1.0,1.0,0.0,0.0,0.0,0.0,0.0,0.0,0.0,0.0,0.0,27.0,1.0,0.004899190738797188,1.0,1.8802070617675781,0.9454345703125,0.058756470680236816,0.015625,0.058837890625,0.0,1.0,0.050236403942108154,1.0,16.646320343017578,0.5146484375,0.2685546875,0.8709090948104858,0.9300971031188965,0.24609375,0.9130859375,0.22916464507579803,0.0,0.90625,0.05629595369100571,1.0,0.0017349289264529943,1.0,1.0,0.0,0.0,0.0,0.0017349289264529943,,,,,,,,,,,,,,,,,,,,,,,,,,,,,,,,,,,,,,,,,,,,,,,,,,,,
9,3274,,,0.02950572967529297,0.419403076171875,16.0,1.0,1.0,1.0,1.0,1.0,1.0,1.0,1.0,0.0,0.0,0.0,0.0,0.0,0.0,0.0,0.0,0.0,27.0,1.0,0.004078437574207783,1.0,1.8134078979492188,0.948486328125,0.056668996810913086,0.015625,0.056640625,0.0,1.0,0.04031120613217354,1.0,16.62335968017578,0.5048828125,0.2626953125,0.8903345465660095,0.935546875,0.2421875,0.93359375,0.18187463283538818,0.0,0.9375,0.05859375,1.0,0.0014924631686881185,1.0,1.0,0.0,0.0,0.0,0.0014924631686881185,,,,,,,,,,,,,,,,,,,,,,,,,,,,,,,,,,,,,,,,,,,,,,,,,,,,
9,3279,,,0.031871795654296875,0.416259765625,16.0,1.0,1.0,1.0,1.0,1.0,1.0,1.0,1.0,0.0,0.0,0.0,0.0,0.0,0.0,0.0,0.0,0.0,27.0,1.0,0.0030401956755667925,1.0,1.8662109375,0.943359375,0.058319091796875,0.015625,0.058349609375,0.0,1.0,0.04260854050517082,1.0,16.641510009765625,0.5009765625,0.26708984375,0.8829981684684753,0.9415204524993896,0.23388671875,0.9267578125,0.1960536241531372,0.0,0.71875,0.044806987047195435,1.0,0.0011517491657286882,1.0,1.0,0.0,0.0,0.0,0.0011517491657286882,,,,,,,,,,,,,,,,,,,,,,,,,,,,,,,,,,,,,,,,,,,,,,,,,,,,
9,3284,,,0.02448749542236328,0.419158935546875,16.0,1.0,1.0,1.0,1.0,1.0,1.0,1.0,1.0,0.0,0.0,0.0,0.0,0.0,0.0,0.0,0.0,0.0,27.0,1.0,0.003044754033908248,1.0,1.8754081726074219,0.9447021484375,0.058606505393981934,0.015625,0.05859375,0.0,1.0,0.04743315652012825,1.0,16.644672393798828,0.4990234375,0.26123046875,0.8654205799102783,0.904296875,0.23779296875,0.9130859375,0.2211276888847351,0.0,0.8125,0.05078125,1.0,0.0010266276076436043,1.0,1.0,0.0,0.0,0.0,0.0010266276076436043,,,,,,,,,,,,,,,,,,,,,,,,,,,,,,,,,,,,,,,,,,,,,,,,,,,,
9,3289,,,0.026808738708496094,0.413604736328125,16.0,1.0,1.0,1.0,1.0,1.0,1.0,1.0,1.0,0.0,0.0,0.0,0.0,0.0,0.0,0.0,0.0,0.0,27.0,1.0,0.002994290553033352,1.0,1.8879547119140625,0.951171875,0.05899858474731445,0.015625,0.05908203125,0.0,1.0,0.039528727531433105,1.0,16.648984909057617,0.50732421875,0.2568359375,0.8897338509559631,0.9140625,0.25048828125,0.93505859375,0.1812453269958496,0.0,0.84375,0.052734375,1.0,0.0010804436169564724,1.0,1.0,0.0,0.0,0.0,0.0010804436169564724,,,,,,,,,,,,,,,,,,,,,,,,,,,,,,,,,,,,,,,,,,,,,,,,,,,,
9,3294,,,0.02544689178466797,0.424896240234375,16.0,1.0,1.0,1.0,1.0,1.0,1.0,1.0,1.0,0.0,0.0,0.0,0.0,0.0,0.0,0.0,0.0,0.0,27.0,1.0,0.0032035985495895147,1.0,1.8265151977539062,0.94970703125,0.05707859992980957,0.015625,0.05712890625,0.0,1.0,0.04747609421610832,1.0,16.627864837646484,0.50244140625,0.25732421875,0.8576850295066833,0.8828125,0.2451171875,0.9072265625,0.22055023908615112,0.0,0.78125,0.048828125,1.0,0.0011662689503282309,1.0,1.0,0.0,0.0,0.0,0.0011662689503282309,,,,,,,,,,,,,,,,,,,,,,,,,,,,,,,,,,,,,,,,,,,,,,,,,,,,
,3300,335.32732729227274,8.051834074491246,,,,,,,,,,,,,,,,,,,,,,,,,,,,,,,,,,,,,,,,,,,,,,,,,,,,,,,,,,,,,,,,,,,,,,,,,,,,,,,,,,,,,,,,,,,,,,,,,,,,,,,,
9,3299,,,0.028131484985351562,0.41339111328125,16.0,1.0,1.0,1.0,1.0,1.0,1.0,1.0,1.0,0.0,0.0,0.0,0.0,0.0,0.0,0.0,0.0,0.0,27.0,1.0,0.0035750798415392637,1.0,1.90032958984375,0.9534912109375,0.05938529968261719,0.015625,0.059326171875,0.0,1.0,0.042487580329179764,1.0,16.65323829650879,0.50146484375,0.2568359375,0.9049429893493652,0.9278752207756042,0.24462890625,0.9248046875,0.1947268545627594,0.0,0.65625,0.040900737047195435,1.0,0.0011769377160817385,1.0,1.0,0.0,0.0,0.0,0.0011769377160817385,,,,,,,,,,,,,,,,,,,,,,,,,,,,,,,,,,,,,,,,,,,,,,,,,,,,
9,3304,,,0.02508831024169922,0.421600341796875,16.0,1.0,1.0,1.0,1.0,1.0,1.0,1.0,1.0,0.0,0.0,0.0,0.0,0.0,0.0,0.0,0.0,0.0,27.0,1.0,0.006048374809324741,1.0,1.7623634338378906,0.94482421875,0.05507385730743408,0.015625,0.05517578125,0.0,1.0,0.041314393281936646,1.0,16.605812072753906,0.50439453125,0.25830078125,0.9035916924476624,0.93359375,0.24609375,0.9375,0.1776193380355835,0.0,0.75,0.046875,1.0,0.002921287203207612,1.0,1.0,0.0,0.0,0.0,0.002921287203207612,,,,,,,,,,,,,,,,,,,,,,,,,,,,,,,,,,,,,,,,,,,,,,,,,,,,
9,3309,,,0.023476600646972656,0.418548583984375,16.0,0.9375,0.99609375,1.0,1.0,1.0,1.0,1.0,1.0,0.0,0.0,1.0,0.0625,0.0,0.0,0.4499988555908203,0.0009765625,0.0,27.0,0.9375,0.0048058973625302315,1.0,1.8296585083007812,0.9560546875,0.057176828384399414,0.015625,0.05712890625,0.0,1.0,0.0382743664085865,0.9990079998970032,16.628944396972656,0.50146484375,0.24560546875,0.9264413714408875,0.9083820581436157,0.255859375,0.93896484375,0.16687017679214478,0.0,0.90625,0.056525737047195435,0.9990234375,0.0023196805268526077,1.0,1.0,0.0,0.0,0.0,0.0023196805268526077,,,,,,,,,,,,,,,,,,,,,,,,,,,,,,,,,,,,,,,,,,,,,,,,,,,,
9,3314,,,0.0284271240234375,0.4189453125,16.0,1.0,1.0,1.0,1.0,1.0,1.0,1.0,1.0,0.0,0.0,0.0,0.0,0.0,0.0,0.0,0.0,0.0,27.0,1.0,0.003276883391663432,1.0,1.7685775756835938,0.9635009765625,0.055268049240112305,0.015625,0.05517578125,0.0,1.0,0.04243943840265274,1.0,16.607948303222656,0.50341796875,0.2548828125,0.8946360349655151,0.9032881855964661,0.24853515625,0.9248046875,0.19504737854003906,0.0,0.9375,0.058044832199811935,1.0,0.001220204634591937,1.0,1.0,0.0,0.0,0.0,0.001220204634591937,,,,,,,,,,,,,,,,,,,,,,,,,,,,,,,,,,,,,,,,,,,,,,,,,,,,
9,3319,,,0.027013778686523438,0.41839599609375,16.0,1.0,1.0,1.0,1.0,1.0,1.0,1.0,1.0,0.0,0.0,0.0,0.0,0.0,0.0,0.0,0.0,0.0,27.0,1.0,0.004297591745853424,1.0,1.8157272338867188,0.9530029296875,0.05674147605895996,0.015625,0.056640625,0.0,1.0,0.04309834539890289,1.0,16.624156951904297,0.505859375,0.26708984375,0.866544783115387,0.92578125,0.23876953125,0.921875,0.19409847259521484,0.0,0.8125,0.05078125,1.0,0.0018049620557576418,1.0,1.0,0.0,0.0,0.0,0.0018049620557576418,,,,,,,,,,,,,,,,,,,,,,,,,,,,,,,,,,,,,,,,,,,,,,,,,,,,
9,3324,,,0.028901100158691406,0.426605224609375,16.0,1.0,1.0,1.0,1.0,1.0,1.0,1.0,1.0,0.0,0.0,0.0,0.0,0.0,0.0,0.0,0.0,0.0,27.0,1.0,0.0039634741842746735,1.0,1.7857398986816406,0.9541015625,0.05580437183380127,0.015625,0.055908203125,0.0,1.0,0.04363097995519638,1.0,16.613847732543945,0.5029296875,0.2509765625,0.9007782340049744,0.904296875,0.251953125,0.931640625,0.19965872168540955,0.0,0.96875,0.060546875,1.0,0.001297833863645792,1.0,1.0,0.0,0.0,0.0,0.001297833863645792,,,,,,,,,,,,,,,,,,,,,,,,,,,,,,,,,,,,,,,,,,,,,,,,,,,,
9,3329,,,0.029267311096191406,0.424285888671875,16.0,1.0,1.0,1.0,1.0,1.0,1.0,1.0,1.0,0.0,0.0,0.0,0.0,0.0,0.0,0.0,0.0,0.0,27.0,1.0,0.003263841150328517,1.0,1.7881889343261719,0.963623046875,0.05588090419769287,0.015625,0.055908203125,0.0,1.0,0.03951519355177879,1.0,16.61469078063965,0.505859375,0.24755859375,0.9072978496551514,0.8984375,0.25830078125,0.93017578125,0.18060773611068726,0.0,0.8125,0.05078125,1.0,0.0011634905822575092,1.0,1.0,0.0,0.0,0.0,0.0011634905822575092,,,,,,,,,,,,,,,,,,,,,,,,,,,,,,,,,,,,,,,,,,,,,,,,,,,,
9,3334,,,0.030935287475585938,0.41796875,16.0,1.0,1.0,1.0,1.0,1.0,1.0,1.0,1.0,0.0,0.0,0.0,0.0,0.0,0.0,0.0,0.0,0.0,27.0,1.0,0.003540617413818836,1.0,1.8330497741699219,0.961669921875,0.05728280544281006,0.015625,0.057373046875,0.0,1.0,0.03897756338119507,1.0,16.630111694335938,0.50244140625,0.26171875,0.8731343150138855,0.9017341136932373,0.24072265625,0.9296875,0.17655988037586212,0.0,0.78125,0.04859834536910057,1.0,0.0013266679598018527,1.0,1.0,0.0,0.0,0.0,0.0013266679598018527,,,,,,,,,,,,,,,,,,,,,,,,,,,,,,,,,,,,,,,,,,,,,,,,,,,,
9,3339,,,0.02669811248779297,0.426971435546875,16.0,1.0,1.0,1.0,1.0,1.0,1.0,1.0,1.0,0.0,0.0,0.0,0.0,0.0,0.0,0.0,0.0,0.0,27.0,1.0,0.004584431182593107,1.0,1.7811088562011719,0.962890625,0.05565965175628662,0.015625,0.0556640625,0.0,1.0,0.04350535571575165,1.0,16.61225700378418,0.5009765625,0.26708984375,0.8866544961929321,0.947265625,0.23388671875,0.93212890625,0.1937859058380127,0.0,1.0,0.0625,1.0,0.002221193164587021,1.0,1.0,0.0,0.0,0.0,0.002221193164587021,,,,,,,,,,,,,,,,,,,,,,,,,,,,,,,,,,,,,,,,,,,,,,,,,,,,
9,3344,,,0.02323150634765625,0.423095703125,16.0,1.0,1.0,1.0,1.0,1.0,1.0,1.0,1.0,0.0,0.0,0.0,0.0,0.0,0.0,0.0,0.0,0.0,27.0,1.0,0.004203200340270996,1.0,1.791107177734375,0.9669189453125,0.05597209930419922,0.015625,0.055908203125,0.0,1.0,0.03983142971992493,1.0,16.615692138671875,0.5029296875,0.2578125,0.9034090638160706,0.931640625,0.2451171875,0.93994140625,0.17813518643379211,0.0,1.0,0.0625,1.0,0.0017997566610574722,1.0,1.0,0.0,0.0,0.0,0.0017997566610574722,,,,,,,,,,,,,,,,,,,,,,,,,,,,,,,,,,,,,,,,,,,,,,,,,,,,
9,3349,,,0.03229713439941406,0.4205322265625,16.0,1.0,1.0,1.0,1.0,1.0,1.0,1.0,1.0,0.0,0.0,0.0,0.0,0.0,0.0,0.0,0.0,0.0,27.0,1.0,0.0038047947455197573,1.0,1.7387714385986328,0.96728515625,0.054336607456207275,0.015625,0.054443359375,0.0,1.0,0.041454583406448364,1.0,16.597702026367188,0.501953125,0.25244140625,0.8955512642860413,0.8990291357040405,0.24951171875,0.9296875,0.1891486942768097,0.0,0.96875,0.06020220369100571,1.0,0.0012596703600138426,1.0,1.0,0.0,0.0,0.0,0.0012596703600138426,,,,,,,,,,,,,,,,,,,,,,,,,,,,,,,,,,,,,,,,,,,,,,,,,,,,
9,3354,,,0.02580738067626953,0.416046142578125,16.0,1.0,1.0,1.0,1.0,1.0,1.0,1.0,1.0,0.0,0.0,0.0,0.0,0.0,0.0,0.0,0.0,0.0,27.0,1.0,0.003339510876685381,1.0,1.7904472351074219,0.957763671875,0.055951476097106934,0.015625,0.055908203125,0.0,1.0,0.04461480677127838,1.0,16.615467071533203,0.50439453125,0.25,0.89453125,0.892787516117096,0.25439453125,0.92578125,0.20656916499137878,0.0,0.875,0.054572612047195435,1.0,0.0010864997748285532,1.0,1.0,0.0,0.0,0.0,0.0010864997748285532,,,,,,,,,,,,,,,,,,,,,,,,,,,,,,,,,,,,,,,,,,,,,,,,,,,,
9,3359,,,0.030393600463867188,0.42413330078125,16.0,1.0,1.0,1.0,1.0,1.0,1.0,1.0,1.0,0.0,0.0,0.0,0.0,0.0,0.0,0.0,0.0,0.0,27.0,1.0,0.002717549679800868,1.0,1.8180656433105469,0.9447021484375,0.05681455135345459,0.015625,0.056884765625,0.0,1.0,0.04214927554130554,1.0,16.62495994567871,0.4970703125,0.25732421875,0.9089183807373047,0.9337232112884521,0.23974609375,0.9287109375,0.19438785314559937,0.0,0.75,0.046760112047195435,1.0,0.0011515975929796696,1.0,1.0,0.0,0.0,0.0,0.0011515975929796696,,,,,,,,,,,,,,,,,,,,,,,,,,,,,,,,,,,,,,,,,,,,,,,,,,,,
9,3364,,,0.028232574462890625,0.42425537109375,16.0,1.0,1.0,1.0,1.0,1.0,1.0,1.0,1.0,0.0,0.0,0.0,0.0,0.0,0.0,0.0,0.0,0.0,27.0,1.0,0.0023725691717118025,1.0,1.6850757598876953,0.9642333984375,0.05265861749649048,0.015625,0.052734375,0.0,1.0,0.035898804664611816,1.0,16.57924461364746,0.501953125,0.24609375,0.9186508059501648,0.9007782340049744,0.255859375,0.9345703125,0.16524019837379456,0.0,0.9375,0.05859375,1.0,0.0009224392124451697,1.0,1.0,0.0,0.0,0.0,0.0009224392124451697,,,,,,,,,,,,,,,,,,,,,,,,,,,,,,,,,,,,,,,,,,,,,,,,,,,,
9,3369,,,0.030797958374023438,0.42376708984375,16.0,1.0,1.0,1.0,1.0,1.0,1.0,1.0,1.0,0.0,0.0,0.0,0.0,0.0,0.0,0.0,0.0,0.0,27.0,1.0,0.002519012428820133,1.0,1.6831588745117188,0.955810546875,0.05259871482849121,0.015625,0.052490234375,0.0,1.0,0.03921448811888695,1.0,16.57858657836914,0.49951171875,0.259765625,0.9003759622573853,0.9319066405296326,0.23974609375,0.93310546875,0.1801111400127411,0.0,0.90625,0.05641084536910057,1.0,0.0012016703840345144,1.0,1.0,0.0,0.0,0.0,0.0012016703840345144,,,,,,,,,,,,,,,,,,,,,,,,,,,,,,,,,,,,,,,,,,,,,,,,,,,,
9,3374,,,0.029067039489746094,0.414215087890625,16.0,1.0,1.0,1.0,1.0,1.0,1.0,1.0,1.0,0.0,0.0,0.0,0.0,0.0,0.0,0.0,0.0,0.0,27.0,1.0,0.005384229123592377,1.0,1.7036514282226562,0.9615478515625,0.05323910713195801,0.015625,0.05322265625,0.0,1.0,0.043393731117248535,1.0,16.585630416870117,0.50390625,0.2578125,0.8939393758773804,0.9147287011146545,0.24609375,0.9306640625,0.19211088120937347,0.0,0.96875,0.06008731573820114,1.0,0.0022667108569294214,1.0,1.0,0.0,0.0,0.0,0.0022667108569294214,,,,,,,,,,,,,,,,,,,,,,,,,,,,,,,,,,,,,,,,,,,,,,,,,,,,
9,3379,,,0.026269912719726562,0.4241943359375,16.0,1.0,1.0,1.0,1.0,1.0,1.0,1.0,1.0,0.0,0.0,0.0,0.0,0.0,0.0,0.0,0.0,0.0,27.0,1.0,0.002436860231682658,1.0,1.6707096099853516,0.9578857421875,0.052209675312042236,0.015625,0.05224609375,0.0,1.0,0.030589694157242775,1.0,16.57430648803711,0.49853515625,0.251953125,0.9147287011146545,0.921875,0.24658203125,0.9462890625,0.13833566009998322,0.0,0.71875,0.044921875,1.0,0.001005419995635748,1.0,1.0,0.0,0.0,0.0,0.001005419995635748,,,,,,,,,,,,,,,,,,,,,,,,,,,,,,,,,,,,,,,,,,,,,,,,,,,,
9,3384,,,0.025461196899414062,0.422119140625,16.0,1.0,1.0,1.0,1.0,1.0,1.0,1.0,1.0,0.0,0.0,0.0,0.0,0.0,0.0,0.0,0.0,0.0,27.0,1.0,0.0029044204857200384,1.0,1.650136947631836,0.95751953125,0.05156677961349487,0.015625,0.051513671875,0.0,1.0,0.03714009001851082,1.0,16.56723403930664,0.49951171875,0.259765625,0.8928571343421936,0.9223300814628601,0.23974609375,0.9423828125,0.16962406039237976,0.0,0.875,0.05434282869100571,1.0,0.0012045917101204395,1.0,1.0,0.0,0.0,0.0,0.0012045917101204395,,,,,,,,,,,,,,,,,,,,,,,,,,,,,,,,,,,,,,,,,,,,,,,,,,,,
9,3389,,,0.022497177124023438,0.42144775390625,16.0,1.0,1.0,1.0,1.0,1.0,1.0,1.0,1.0,0.0,0.0,0.0,0.0,0.0,0.0,0.0,0.0,0.0,27.0,1.0,0.0026997607201337814,1.0,1.6039772033691406,0.954345703125,0.050124287605285645,0.015625,0.050048828125,0.0,1.0,0.03903315216302872,1.0,16.551366806030273,0.49853515625,0.2529296875,0.8861004114151001,0.896484375,0.24560546875,0.931640625,0.1806642711162567,0.0,0.875,0.0546875,1.0,0.001000935211777687,1.0,1.0,0.0,0.0,0.0,0.001000935211777687,,,,,,,,,,,,,,,,,,,,,,,,,,,,,,,,,,,,,,,,,,,,,,,,,,,,
9,3394,,,0.02840137481689453,0.416717529296875,16.0,1.0,1.0,1.0,1.0,1.0,1.0,1.0,1.0,0.0,0.0,0.0,0.0,0.0,0.0,0.0,0.0,0.0,27.0,1.0,0.0025725183077156544,1.0,1.6189842224121094,0.948486328125,0.05059325695037842,0.015625,0.050537109375,0.0,1.0,0.0377693772315979,1.0,16.55652618408203,0.5,0.2666015625,0.8791208863258362,0.9375,0.2333984375,0.9345703125,0.17425201833248138,0.0,0.8125,0.05078125,1.0,0.0009847483597695827,1.0,1.0,0.0,0.0,0.0,0.0009847483597695827,,,,,,,,,,,,,,,,,,,,,,,,,,,,,,,,,,,,,,,,,,,,,,,,,,,,
,3400,322.1933636082353,8.0696882483322,,,,,,,,,,,,,,,,,,,,,,,,,,,,,,,,,,,,,,,,,,,,,,,,,,,,,,,,,,,,,,,,,,,,,,,,,,,,,,,,,,,,,,,,,,,,,,,,,,,,,,,,
9,3399,,,0.026551246643066406,0.420318603515625,16.0,1.0,1.0,1.0,1.0,1.0,1.0,1.0,1.0,0.0,0.0,0.0,0.0,0.0,0.0,0.0,0.0,0.0,27.0,1.0,0.002964151557534933,1.0,1.5805168151855469,0.95263671875,0.04939115047454834,0.015625,0.04931640625,0.0,1.0,0.03383350744843483,1.0,16.543302536010742,0.50146484375,0.26220703125,0.8882681727409363,0.9280155897140503,0.2392578125,0.94091796875,0.15458586812019348,0.0,0.90625,0.05641084536910057,1.0,0.0009255934855900705,1.0,1.0,0.0,0.0,0.0,0.0009255934855900705,,,,,,,,,,,,,,,,,,,,,,,,,,,,,,,,,,,,,,,,,,,,,,,,,,,,
9,3404,,,0.027135848999023438,0.42413330078125,16.0,1.0,1.0,1.0,1.0,1.0,1.0,1.0,1.0,0.0,0.0,0.0,0.0,0.0,0.0,0.0,0.0,0.0,27.0,1.0,0.002588905394077301,1.0,1.564605712890625,0.95654296875,0.04889392852783203,0.015625,0.048828125,0.0,1.0,0.0322287380695343,1.0,16.53783416748047,0.501953125,0.25048828125,0.9220272898674011,0.923828125,0.25146484375,0.94580078125,0.14695462584495544,0.0,0.96875,0.060546875,1.0,0.0009426638134755194,1.0,1.0,0.0,0.0,0.0,0.0009426638134755194,,,,,,,,,,,,,,,,,,,,,,,,,,,,,,,,,,,,,,,,,,,,,,,,,,,,
9,3409,,,0.024747848510742188,0.42279052734375,16.0,1.0,1.0,1.0,1.0,0.875,0.9921875,1.0,1.0,0.0,0.0,1.0,0.125,0.0,0.8999996185302734,1.0,0.001953125,0.0,27.0,0.875,0.007468471769243479,1.0,1.6163291931152344,0.9652099609375,0.050510287284851074,0.015625,0.050537109375,0.0,1.0,0.04034273326396942,0.9980159401893616,16.555612564086914,0.50146484375,0.265625,0.8805146813392639,0.9337232112884521,0.23583984375,0.935546875,0.16767576336860657,0.0,0.9375,0.058478862047195435,0.998046875,0.0036859028041362762,1.0,1.0,0.0,0.0,0.0,0.0036859028041362762,,,,,,,,,,,,,,,,,,,,,,,,,,,,,,,,,,,,,,,,,,,,,,,,,,,,
9,3414,,,0.025106430053710938,0.42291259765625,16.0,1.0,1.0,1.0,1.0,1.0,1.0,1.0,1.0,0.0,0.0,0.0,0.0,0.0,0.0,0.0,0.0,0.0,27.0,1.0,0.0038082110695540905,1.0,1.5965442657470703,0.96533203125,0.04989200830459595,0.015625,0.0498046875,0.0,1.0,0.03335358574986458,1.0,16.548812866210938,0.501953125,0.263671875,0.8888888955116272,0.9375,0.23828125,0.9443359375,0.14934787154197693,0.0,0.9375,0.05859375,1.0,0.0012814428191632032,1.0,1.0,0.0,0.0,0.0,0.0012814428191632032,,,,,,,,,,,,,,,,,,,,,,,,,,,,,,,,,,,,,,,,,,,,,,,,,,,,
9,3419,,,0.02409648895263672,0.425445556640625,16.0,1.0,1.0,1.0,1.0,1.0,1.0,1.0,1.0,0.0,0.0,0.0,0.0,0.0,0.0,0.0,0.0,0.0,27.0,1.0,0.0025305745657533407,1.0,1.5737171173095703,0.9622802734375,0.04917865991592407,0.015625,0.049072265625,0.0,1.0,0.030697472393512726,1.0,16.540966033935547,0.50341796875,0.25341796875,0.9190751314163208,0.9298245906829834,0.25,0.94775390625,0.1395234763622284,0.0,0.875,0.054572612047195435,1.0,0.0009349766187369823,1.0,1.0,0.0,0.0,0.0,0.0009349766187369823,,,,,,,,,,,,,,,,,,,,,,,,,,,,,,,,,,,,,,,,,,,,,,,,,,,,
9,3424,,,0.024614334106445312,0.42645263671875,16.0,1.0,1.0,1.0,1.0,1.0,1.0,1.0,1.0,0.0,0.0,0.0,0.0,0.0,0.0,0.0,0.0,0.0,27.0,1.0,0.002366849919781089,1.0,1.5692024230957031,0.9571533203125,0.04903757572174072,0.015625,0.049072265625,0.0,1.0,0.03518569841980934,1.0,16.539413452148438,0.5029296875,0.26416015625,0.8964880108833313,0.947265625,0.23876953125,0.94091796875,0.16170096397399902,0.0,0.9375,0.05859375,1.0,0.0010234564542770386,1.0,1.0,0.0,0.0,0.0,0.0010234564542770386,,,,,,,,,,,,,,,,,,,,,,,,,,,,,,,,,,,,,,,,,,,,,,,,,,,,
9,3429,,,0.028520584106445312,0.42608642578125,16.0,1.0,1.0,1.0,1.0,1.0,1.0,1.0,1.0,0.0,0.0,0.0,0.0,0.0,0.0,0.0,0.0,0.0,27.0,1.0,0.0026094471104443073,1.0,1.5064105987548828,0.95361328125,0.04707533121109009,0.015625,0.047119140625,0.0,1.0,0.033051617443561554,1.0,16.5178279876709,0.49853515625,0.25048828125,0.9415204524993896,0.943359375,0.248046875,0.95849609375,0.15065264701843262,0.0,0.84375,0.052734375,1.0,0.001041290583088994,1.0,1.0,0.0,0.0,0.0,0.001041290583088994,,,,,,,,,,,,,,,,,,,,,,,,,,,,,,,,,,,,,,,,,,,,,,,,,,,,
9,3434,,,0.02439594268798828,0.425079345703125,16.0,1.0,1.0,1.0,1.0,1.0,1.0,1.0,1.0,0.0,0.0,0.0,0.0,0.0,0.0,0.0,0.0,0.0,27.0,1.0,0.002533207181841135,1.0,1.5496654510498047,0.9669189453125,0.048427045345306396,0.015625,0.04833984375,0.0,1.0,0.04269914701581001,1.0,16.532697677612305,0.5,0.25390625,0.8999999761581421,0.9140625,0.24609375,0.9345703125,0.19917148351669312,0.0,1.0,0.0625,1.0,0.001022469368763268,1.0,1.0,0.0,0.0,0.0,0.001022469368763268,,,,,,,,,,,,,,,,,,,,,,,,,,,,,,,,,,,,,,,,,,,,,,,,,,,,
9,3439,,,0.030480384826660156,0.420745849609375,16.0,1.0,1.0,1.0,1.0,1.0,1.0,1.0,1.0,0.0,0.0,0.0,0.0,0.0,0.0,0.0,0.0,0.0,27.0,1.0,0.0023148064501583576,1.0,1.5754470825195312,0.964599609375,0.04923272132873535,0.015625,0.04931640625,0.0,1.0,0.042408477514982224,1.0,16.54155921936035,0.4990234375,0.251953125,0.8914728760719299,0.8966861367225647,0.2470703125,0.92578125,0.19697800278663635,0.0,0.9375,0.058478862047195435,1.0,0.0011451810132712126,1.0,1.0,0.0,0.0,0.0,0.0011451810132712126,,,,,,,,,,,,,,,,,,,,,,,,,,,,,,,,,,,,,,,,,,,,,,,,,,,,
9,3444,,,0.028855323791503906,0.425262451171875,16.0,1.0,1.0,1.0,1.0,1.0,1.0,1.0,1.0,0.0,0.0,0.0,0.0,0.0,0.0,0.0,0.0,0.0,27.0,1.0,0.002204712014645338,1.0,1.5392913818359375,0.949462890625,0.04810285568237305,0.015625,0.048095703125,0.0,1.0,0.041019879281520844,1.0,16.529130935668945,0.505859375,0.2548828125,0.8582375645637512,0.8732943534851074,0.2509765625,0.91943359375,0.19159053266048431,0.0,0.90625,0.056525737047195435,1.0,0.0009007372427731752,1.0,1.0,0.0,0.0,0.0,0.0009007372427731752,,,,,,,,,,,,,,,,,,,,,,,,,,,,,,,,,,,,,,,,,,,,,,,,,,,,
9,3449,,,0.027998924255371094,0.425811767578125,16.0,1.0,1.0,1.0,1.0,1.0,1.0,1.0,1.0,0.0,0.0,0.0,0.0,0.0,0.0,0.0,0.0,0.0,27.0,1.0,0.003546572057530284,1.0,1.501382827758789,0.9456787109375,0.04691821336746216,0.015625,0.046875,0.0,1.0,0.04237186908721924,1.0,16.51609992980957,0.49365234375,0.24853515625,0.8821218013763428,0.876953125,0.2451171875,0.919921875,0.1958354413509369,0.0,0.84375,0.052734375,1.0,0.0010997356148436666,1.0,1.0,0.0,0.0,0.0,0.0010997356148436666,,,,,,,,,,,,,,,,,,,,,,,,,,,,,,,,,,,,,,,,,,,,,,,,,,,,
9,3454,,,0.02431964874267578,0.422943115234375,16.0,1.0,1.0,1.0,1.0,1.0,1.0,1.0,1.0,0.0,0.0,0.0,0.0,0.0,0.0,0.0,0.0,0.0,27.0,1.0,0.0027690918650478125,1.0,1.5046977996826172,0.9564208984375,0.04702180624008179,0.015625,0.047119140625,0.0,1.0,0.043472904711961746,1.0,16.517240524291992,0.49560546875,0.26025390625,0.889305830001831,0.92578125,0.2353515625,0.92724609375,0.201259046792984,0.0,0.875,0.0546875,1.0,0.0013433964923024178,1.0,1.0,0.0,0.0,0.0,0.0013433964923024178,,,,,,,,,,,,,,,,,,,,,,,,,,,,,,,,,,,,,,,,,,,,,,,,,,,,
9,3459,,,0.02283000946044922,0.423309326171875,16.0,1.0,1.0,1.0,1.0,1.0,1.0,1.0,1.0,0.0,0.0,0.0,0.0,0.0,0.0,0.0,0.0,0.0,27.0,1.0,0.0036659101024270058,1.0,1.4975929260253906,0.9149169921875,0.04679977893829346,0.015625,0.046875,0.0,1.0,0.03949848562479019,1.0,16.51479721069336,0.4970703125,0.2587890625,0.9037736058235168,0.935546875,0.23828125,0.9375,0.1816454827785492,0.0,0.5625,0.03515625,1.0,0.001086195232346654,1.0,1.0,0.0,0.0,0.0,0.001086195232346654,,,,,,,,,,,,,,,,,,,,,,,,,,,,,,,,,,,,,,,,,,,,,,,,,,,,
9,3464,,,0.028961181640625,0.4217529296875,16.0,1.0,1.0,1.0,1.0,1.0,1.0,1.0,1.0,0.0,0.0,0.0,0.0,0.0,0.0,0.0,0.0,0.0,27.0,1.0,0.002559323562309146,1.0,1.480215072631836,0.9591064453125,0.04625672101974487,0.015625,0.046142578125,0.0,1.0,0.033250898122787476,1.0,16.50882339477539,0.4970703125,0.265625,0.8823529481887817,0.9375,0.2314453125,0.9365234375,0.15175148844718933,0.0,0.9375,0.05859375,1.0,0.0010479995980858803,1.0,1.0,0.0,0.0,0.0,0.0010479995980858803,,,,,,,,,,,,,,,,,,,,,,,,,,,,,,,,,,,,,,,,,,,,,,,,,,,,
9,3467,,,,,,,,,,,,,,,,,,,,,,,,,,,,,,,,,,,,,,,,,,,,,,,,,,,,,,,0.019637541845440865,0.4237837493419647,16.0,1.0,1.0,1.0,1.0,1.0,1.0,1.0,1.0,0.0,0.0,0.0,0.0,0.0,0.0,0.0,0.0,0.0,27.0,1.0,0.0029760906472802162,1.0,1.4602078199386597,0.9556108117103577,0.045631494373083115,0.015625,0.04560990631580353,0.0,1.0,0.03694526478648186,1.0,16.501949310302734,0.4985795319080353,0.2578125,0.903564453125,0.9318181872367859,0.24076704680919647,0.9375,0.17077255249023438,0.0,0.8636363744735718,0.053977273404598236,1.0,0.0009382977732457221,1.0,1.0,0.0,0.0,0.0,0.0009382977732457221
9,3469,,,0.02155780792236328,0.422515869140625,16.0,1.0,1.0,1.0,1.0,1.0,1.0,1.0,1.0,0.0,0.0,0.0,0.0,0.0,0.0,0.0,0.0,0.0,27.0,1.0,0.003498896025121212,1.0,1.4507999420166016,0.9583740234375,0.0453374981880188,0.015625,0.04541015625,0.0,1.0,0.03618666157126427,1.0,16.49871253967285,0.4970703125,0.25830078125,0.8979206085205078,0.9259259104728699,0.23876953125,0.93359375,0.1662721186876297,0.0,0.90625,0.056525737047195435,1.0,0.0009340342949144542,1.0,1.0,0.0,0.0,0.0,0.0009340342949144542,,,,,,,,,,,,,,,,,,,,,,,,,,,,,,,,,,,,,,,,,,,,,,,,,,,,
9,3474,,,0.02146148681640625,0.42120361328125,16.0,1.0,1.0,1.0,1.0,1.0,1.0,1.0,1.0,0.0,0.0,0.0,0.0,0.0,0.0,0.0,0.0,0.0,27.0,1.0,0.0028392497915774584,1.0,1.4955101013183594,0.9599609375,0.04673469066619873,0.015625,0.046630859375,0.0,1.0,0.0419004000723362,1.0,16.514081954956055,0.49951171875,0.263671875,0.8703703880310059,0.9143968820571899,0.23583984375,0.92236328125,0.19527722895145416,0.0,0.90625,0.05641084536910057,1.0,0.0009897396666929126,1.0,1.0,0.0,0.0,0.0,0.0009897396666929126,,,,,,,,,,,,,,,,,,,,,,,,,,,,,,,,,,,,,,,,,,,,,,,,,,,,
9,3479,,,0.027225494384765625,0.42181396484375,16.0,1.0,1.0,1.0,1.0,1.0,1.0,1.0,1.0,0.0,0.0,0.0,0.0,0.0,0.0,0.0,0.0,0.0,27.0,1.0,0.0030041432473808527,1.0,1.4482440948486328,0.9476318359375,0.045257627964019775,0.015625,0.045166015625,0.0,1.0,0.036181624978780746,1.0,16.497833251953125,0.49755859375,0.2607421875,0.8970037698745728,0.935546875,0.23681640625,0.94140625,0.16600948572158813,0.0,0.65625,0.041015625,1.0,0.0010523530654609203,1.0,1.0,0.0,0.0,0.0,0.0010523530654609203,,,,,,,,,,,,,,,,,,,,,,,,,,,,,,,,,,,,,,,,,,,,,,,,,,,,
9,3484,,,0.023500442504882812,0.4222412109375,16.0,1.0,1.0,1.0,1.0,1.0,1.0,1.0,1.0,0.0,0.0,0.0,0.0,0.0,0.0,0.0,0.0,0.0,27.0,1.0,0.0028084833174943924,1.0,1.4543933868408203,0.9627685546875,0.045449793338775635,0.015625,0.04541015625,0.0,1.0,0.036985207349061966,1.0,16.499948501586914,0.5048828125,0.2587890625,0.9037736058235168,0.9337232112884521,0.24609375,0.94287109375,0.16942954063415527,0.0,0.8125,0.050666362047195435,1.0,0.0012542768381536007,1.0,1.0,0.0,0.0,0.0,0.0012542768381536007,,,,,,,,,,,,,,,,,,,,,,,,,,,,,,,,,,,,,,,,,,,,,,,,,,,,
9,3489,,,0.02513408660888672,0.421051025390625,16.0,1.0,1.0,1.0,1.0,1.0,1.0,1.0,1.0,0.0,0.0,0.0,0.0,0.0,0.0,0.0,0.0,0.0,27.0,1.0,0.002829592674970627,1.0,1.4700050354003906,0.952880859375,0.04593765735626221,0.015625,0.0458984375,0.0,1.0,0.03990648314356804,1.0,16.505313873291016,0.50146484375,0.26025390625,0.8986867070198059,0.9282945990562439,0.2412109375,0.93701171875,0.18493640422821045,0.0,0.875,0.05422794073820114,1.0,0.0010411187540739775,1.0,1.0,0.0,0.0,0.0,0.0010411187540739775,,,,,,,,,,,,,,,,,,,,,,,,,,,,,,,,,,,,,,,,,,,,,,,,,,,,
9,3494,,,0.02885150909423828,0.421051025390625,16.0,1.0,1.0,1.0,1.0,1.0,1.0,1.0,1.0,0.0,0.0,0.0,0.0,0.0,0.0,0.0,0.0,0.0,27.0,1.0,0.0020836745388805866,1.0,1.4112491607666016,0.9547119140625,0.0441015362739563,0.015625,0.044189453125,0.0,1.0,0.04073912277817726,1.0,16.485116958618164,0.50146484375,0.25146484375,0.9029126167297363,0.9064327478408813,0.25,0.93408203125,0.19090846180915833,0.0,0.9375,0.058478862047195435,1.0,0.000862986606080085,1.0,1.0,0.0,0.0,0.0,0.000862986606080085,,,,,,,,,,,,,,,,,,,,,,,,,,,,,,,,,,,,,,,,,,,,,,,,,,,,
,3500,311.29237092,8.0310352374247,,,,,,,,,,,,,,,,,,,,,,,,,,,,,,,,,,,,,,,,,,,,,,,,,,,,,,,,,,,,,,,,,,,,,,,,,,,,,,,,,,,,,,,,,,,,,,,,,,,,,,,,
9,3499,,,0.02702808380126953,0.424774169921875,16.0,1.0,1.0,1.0,1.0,1.0,1.0,1.0,1.0,0.0,0.0,0.0,0.0,0.0,0.0,0.0,0.0,0.0,27.0,1.0,0.0017697615548968315,1.0,1.4009628295898438,0.95751953125,0.04378008842468262,0.015625,0.043701171875,0.0,1.0,0.04220806062221527,1.0,16.48158073425293,0.50146484375,0.2626953125,0.8921933174133301,0.9375,0.23876953125,0.93505859375,0.1991373598575592,0.0,0.875,0.0546875,1.0,0.0007943004602566361,1.0,1.0,0.0,0.0,0.0,0.0007943004602566361,,,,,,,,,,,,,,,,,,,,,,,,,,,,,,,,,,,,,,,,,,,,,,,,,,,,
9,3504,,,0.024339675903320312,0.4224853515625,16.0,1.0,1.0,1.0,1.0,1.0,1.0,1.0,1.0,0.0,0.0,0.0,0.0,0.0,0.0,0.0,0.0,0.0,27.0,1.0,0.0025499132461845875,1.0,1.4574966430664062,0.9615478515625,0.045546770095825195,0.015625,0.045654296875,0.0,1.0,0.047650087624788284,1.0,16.501014709472656,0.50048828125,0.2587890625,0.8943396210670471,0.9186046719551086,0.24169921875,0.9228515625,0.22428762912750244,0.0,0.84375,0.05227481573820114,1.0,0.0009999702451750636,1.0,1.0,0.0,0.0,0.0,0.0009999702451750636,,,,,,,,,,,,,,,,,,,,,,,,,,,,,,,,,,,,,,,,,,,,,,,,,,,,
9,3509,,,0.022329330444335938,0.4212646484375,16.0,1.0,1.0,1.0,1.0,1.0,1.0,1.0,1.0,0.0,0.0,0.0,0.0,0.0,0.0,0.0,0.0,0.0,27.0,1.0,0.0019624591805040836,1.0,1.4004173278808594,0.950439453125,0.043763041496276855,0.015625,0.043701171875,0.0,1.0,0.04295375198125839,1.0,16.481393814086914,0.49560546875,0.24755859375,0.9368836283683777,0.924124538898468,0.248046875,0.9345703125,0.20233440399169922,0.0,0.84375,0.05250459536910057,1.0,0.0008993969531729817,1.0,1.0,0.0,0.0,0.0,0.0008993969531729817,,,,,,,,,,,,,,,,,,,,,,,,,,,,,,,,,,,,,,,,,,,,,,,,,,,,
9,3514,,,0.024019241333007812,0.42041015625,16.0,1.0,1.0,1.0,1.0,1.0,1.0,1.0,1.0,0.0,0.0,0.0,0.0,0.0,0.0,0.0,0.0,0.0,27.0,1.0,0.0023857990745455027,1.0,1.4674434661865234,0.96533203125,0.04585760831832886,0.015625,0.0458984375,0.0,1.0,0.043072618544101715,1.0,16.50443458557129,0.50048828125,0.26171875,0.8843283653259277,0.92578125,0.23876953125,0.92236328125,0.20098397135734558,0.0,0.9375,0.05859375,1.0,0.0011198410065844655,1.0,1.0,0.0,0.0,0.0,0.0011198410065844655,,,,,,,,,,,,,,,,,,,,,,,,,,,,,,,,,,,,,,,,,,,,,,,,,,,,
9,3519,,,0.026021957397460938,0.42388916015625,16.0,1.0,1.0,1.0,1.0,1.0,1.0,1.0,1.0,0.0,0.0,0.0,0.0,0.0,0.0,0.0,0.0,0.0,27.0,1.0,0.0019247145392000675,1.0,1.3955650329589844,0.9498291015625,0.04361140727996826,0.015625,0.043701171875,0.0,1.0,0.04071186110377312,1.0,16.479724884033203,0.4951171875,0.2607421875,0.9044944047927856,0.943359375,0.234375,0.93603515625,0.19083461165428162,0.0,0.75,0.046875,1.0,0.0009299739031121135,1.0,1.0,0.0,0.0,0.0,0.0009299739031121135,,,,,,,,,,,,,,,,,,,,,,,,,,,,,,,,,,,,,,,,,,,,,,,,,,,,
10,3524,,,0.02878570556640625,0.41741943359375,16.0,1.0,1.0,1.0,1.0,1.0,1.0,1.0,1.0,0.0,0.0,0.0,0.0,0.0,0.0,0.0,0.0,0.0,27.0,1.0,0.00357507960870862,1.0,1.3551311492919922,0.9451904296875,0.042347848415374756,0.015625,0.042236328125,0.0,1.0,0.043019410222768784,1.0,16.4658260345459,0.5009765625,0.25830078125,0.8960302472114563,0.92578125,0.24267578125,0.92822265625,0.19847750663757324,0.0,0.75,0.046875,1.0,0.0012992328265681863,1.0,1.0,0.0,0.0,0.0,0.0012992328265681863,,,,,,,,,,,,,,,,,,,,,,,,,,,,,,,,,,,,,,,,,,,,,,,,,,,,
10,3529,,,0.02731800079345703,0.423797607421875,16.0,1.0,1.0,1.0,1.0,1.0,1.0,1.0,1.0,0.0,0.0,0.0,0.0,0.0,0.0,0.0,0.0,0.0,27.0,1.0,0.0034800469875335693,1.0,1.3137187957763672,0.947265625,0.041053712368011475,0.015625,0.041015625,0.0,1.0,0.04218900576233864,1.0,16.45159149169922,0.4970703125,0.25341796875,0.9075144529342651,0.919921875,0.24365234375,0.9326171875,0.19470259547233582,0.0,0.75,0.046875,1.0,0.0012851364444941282,1.0,1.0,0.0,0.0,0.0,0.0012851364444941282,,,,,,,,,,,,,,,,,,,,,,,,,,,,,,,,,,,,,,,,,,,,,,,,,,,,
10,3534,,,0.023212432861328125,0.42022705078125,16.0,1.0,1.0,1.0,1.0,1.0,1.0,1.0,1.0,0.0,0.0,0.0,0.0,0.0,0.0,0.0,0.0,0.0,27.0,1.0,0.0033228949178010225,1.0,1.3502235412597656,0.952392578125,0.042194485664367676,0.015625,0.042236328125,0.0,1.0,0.04515564441680908,1.0,16.464139938354492,0.5078125,0.25341796875,0.9036608934402466,0.9124513864517212,0.25439453125,0.92919921875,0.21002182364463806,0.0,0.84375,0.05250459536910057,1.0,0.00124538189265877,1.0,1.0,0.0,0.0,0.0,0.00124538189265877,,,,,,,,,,,,,,,,,,,,,,,,,,,,,,,,,,,,,,,,,,,,,,,,,,,,
10,3539,,,0.030475616455078125,0.4215087890625,16.0,1.0,1.0,1.0,1.0,1.0,1.0,1.0,1.0,0.0,0.0,0.0,0.0,0.0,0.0,0.0,0.0,0.0,27.0,1.0,0.004655084572732449,1.0,1.4054584503173828,0.9609375,0.04392057657241821,0.015625,0.0439453125,0.0,1.0,0.051766738295555115,1.0,16.483125686645508,0.49072265625,0.2529296875,0.9092664122581482,0.9127907156944275,0.23779296875,0.9228515625,0.23991990089416504,0.0,0.6875,0.04250919073820114,1.0,0.001436848659068346,1.0,1.0,0.0,0.0,0.0,0.001436848659068346,,,,,,,,,,,,,,,,,,,,,,,,,,,,,,,,,,,,,,,,,,,,,,,,,,,,
10,3544,,,0.025582313537597656,0.424224853515625,16.0,1.0,1.0,1.0,1.0,1.0,1.0,1.0,1.0,0.0,0.0,0.0,0.0,0.0,0.0,0.0,0.0,0.0,27.0,1.0,0.0031368446070700884,1.0,1.5017757415771484,0.947021484375,0.04693049192428589,0.015625,0.046875,0.0,1.0,0.04923383519053459,1.0,16.5162353515625,0.498046875,0.25830078125,0.8960302472114563,0.9239766001701355,0.23974609375,0.91748046875,0.22947195172309875,0.0,0.78125,0.048828125,1.0,0.0013609920861199498,1.0,1.0,0.0,0.0,0.0,0.0013609920861199498,,,,,,,,,,,,,,,,,,,,,,,,,,,,,,,,,,,,,,,,,,,,,,,,,,,,
10,3549,,,0.025991439819335938,0.41851806640625,16.0,1.0,1.0,1.0,1.0,1.0,1.0,1.0,1.0,0.0,0.0,0.0,0.0,0.0,0.0,0.0,0.0,0.0,27.0,1.0,0.003365910379216075,1.0,1.5702991485595703,0.94970703125,0.04907184839248657,0.015625,0.049072265625,0.0,1.0,0.0522199347615242,1.0,16.539791107177734,0.50244140625,0.2509765625,0.8735408782958984,0.8718446493148804,0.25146484375,0.90966796875,0.24286505579948425,0.0,0.84375,0.05250459536910057,1.0,0.0015613359864801168,1.0,1.0,0.0,0.0,0.0,0.0015613359864801168,,,,,,,,,,,,,,,,,,,,,,,,,,,,,,,,,,,,,,,,,,,,,,,,,,,,
10,3554,,,0.02629566192626953,0.429534912109375,16.0,1.0,1.0,1.0,1.0,1.0,1.0,1.0,1.0,0.0,0.0,0.0,0.0,0.0,0.0,0.0,0.0,0.0,27.0,1.0,0.0036544387694448233,1.0,1.5659942626953125,0.9326171875,0.048937320709228516,0.015625,0.048828125,0.0,1.0,0.04982595890760422,1.0,16.538311004638672,0.4912109375,0.26171875,0.8731343150138855,0.9140625,0.2294921875,0.91748046875,0.23247048258781433,0.0,0.59375,0.037109375,1.0,0.001178734004497528,1.0,1.0,0.0,0.0,0.0,0.001178734004497528,,,,,,,,,,,,,,,,,,,,,,,,,,,,,,,,,,,,,,,,,,,,,,,,,,,,
10,3559,,,0.026668548583984375,0.421142578125,16.0,1.0,1.0,1.0,1.0,1.0,1.0,1.0,1.0,0.0,0.0,0.0,0.0,0.0,0.0,0.0,0.0,0.0,27.0,1.0,0.003746749833226204,1.0,1.626749038696289,0.95263671875,0.05083590745925903,0.015625,0.05078125,0.0,1.0,0.048688046634197235,1.0,16.559194564819336,0.50537109375,0.26025390625,0.8705440759658813,0.8974854946136475,0.2451171875,0.9169921875,0.22550567984580994,0.0,0.75,0.046300552785396576,1.0,0.0013688290491700172,1.0,1.0,0.0,0.0,0.0,0.0013688290491700172,,,,,,,,,,,,,,,,,,,,,,,,,,,,,,,,,,,,,,,,,,,,,,,,,,,,
10,3564,,,0.026618003845214844,0.420379638671875,16.0,1.0,1.0,1.0,1.0,1.0,1.0,1.0,1.0,0.0,0.0,0.0,0.0,0.0,0.0,0.0,0.0,0.0,27.0,1.0,0.002525846939533949,1.0,1.5912742614746094,0.9456787109375,0.04972732067108154,0.015625,0.0498046875,0.0,1.0,0.05038158595561981,1.0,16.547000885009766,0.50244140625,0.24853515625,0.9076620936393738,0.8988326787948608,0.25390625,0.92236328125,0.2374294549226761,0.0,0.65625,0.04078584536910057,1.0,0.0009986015502363443,1.0,1.0,0.0,0.0,0.0,0.0009986015502363443,,,,,,,,,,,,,,,,,,,,,,,,,,,,,,,,,,,,,,,,,,,,,,,,,,,,
10,3569,,,0.026472091674804688,0.4271240234375,16.0,1.0,1.0,1.0,1.0,1.0,1.0,1.0,1.0,0.0,0.0,0.0,0.0,0.0,0.0,0.0,0.0,0.0,27.0,1.0,0.003390057710930705,1.0,1.6066570281982422,0.9573974609375,0.05020803213119507,0.015625,0.05029296875,0.0,1.0,0.05150308459997177,1.0,16.552288055419922,0.5,0.25830078125,0.8695651888847351,0.8984375,0.24169921875,0.91259765625,0.24096642434597015,0.0,0.875,0.0546875,1.0,0.001190481474623084,1.0,1.0,0.0,0.0,0.0,0.001190481474623084,,,,,,,,,,,,,,,,,,,,,,,,,,,,,,,,,,,,,,,,,,,,,,,,,,,,
10,3574,,,0.02413654327392578,0.423858642578125,16.0,1.0,1.0,1.0,1.0,1.0,1.0,1.0,1.0,0.0,0.0,0.0,0.0,0.0,0.0,0.0,0.0,0.0,27.0,1.0,0.0029442976228892803,1.0,1.611379623413086,0.9566650390625,0.050355613231658936,0.015625,0.05029296875,0.0,1.0,0.05916178598999977,1.0,16.553911209106445,0.50341796875,0.25634765625,0.8552380800247192,0.876953125,0.2470703125,0.900390625,0.28062891960144043,0.0,0.78125,0.048828125,1.0,0.0010514807654544711,1.0,1.0,0.0,0.0,0.0,0.0010514807654544711,,,,,,,,,,,,,,,,,,,,,,,,,,,,,,,,,,,,,,,,,,,,,,,,,,,,
10,3579,,,0.022856712341308594,0.422637939453125,16.0,1.0,1.0,1.0,1.0,1.0,1.0,1.0,1.0,0.0,0.0,0.0,0.0,0.0,0.0,0.0,0.0,0.0,27.0,1.0,0.002403894206508994,1.0,1.6188182830810547,0.947021484375,0.05058807134628296,0.015625,0.050537109375,0.0,1.0,0.06160138547420502,1.0,16.556468963623047,0.49755859375,0.248046875,0.8858267664909363,0.8771929740905762,0.24951171875,0.90185546875,0.29399168491363525,0.0,0.6875,0.042853862047195435,1.0,0.0009664261597208679,1.0,1.0,0.0,0.0,0.0,0.0009664261597208679,,,,,,,,,,,,,,,,,,,,,,,,,,,,,,,,,,,,,,,,,,,,,,,,,,,,
10,3584,,,0.02410125732421875,0.4195556640625,16.0,1.0,1.0,1.0,1.0,1.0,1.0,1.0,1.0,0.0,0.0,0.0,0.0,0.0,0.0,0.0,0.0,0.0,27.0,1.0,0.004388258792459965,1.0,1.746185302734375,0.8447265625,0.05456829071044922,0.015625,0.0546875,0.0,1.0,0.06025748699903488,1.0,16.600250244140625,0.4931640625,0.248046875,0.8661417365074158,0.859375,0.2451171875,0.89306640625,0.2805977165699005,0.0,0.53125,0.033203125,1.0,0.0017088635358959436,1.0,1.0,0.0,0.0,0.0,0.0017088635358959436,,,,,,,,,,,,,,,,,,,,,,,,,,,,,,,,,,,,,,,,,,,,,,,,,,,,
10,3589,,,0.026917457580566406,0.420013427734375,16.0,1.0,1.0,1.0,1.0,1.0,1.0,1.0,1.0,0.0,0.0,0.0,0.0,0.0,0.0,0.0,0.0,0.0,27.0,1.0,0.0024343347176909447,1.0,1.7337532043457031,0.8087158203125,0.05417978763580322,0.015625,0.05419921875,0.0,1.0,0.052462607622146606,1.0,16.595977783203125,0.49462890625,0.24658203125,0.9049504995346069,0.8839458227157593,0.248046875,0.900390625,0.24721494317054749,0.0,0.25,0.015625,1.0,0.001058488618582487,1.0,1.0,0.0,0.0,0.0,0.001058488618582487,,,,,,,,,,,,,,,,,,,,,,,,,,,,,,,,,,,,,,,,,,,,,,,,,,,,
10,3594,,,0.02501201629638672,0.419097900390625,16.0,1.0,1.0,1.0,1.0,1.0,1.0,0.96875,0.998046875,0.0,0.0,1.0,0.03125,0.0,0.0,0.0,0.00048828125,0.0,27.0,0.96875,0.005713613238185644,1.0,1.589223861694336,0.8861083984375,0.049663245677948,0.015625,0.049560546875,0.0,1.0,0.05824817717075348,0.999504029750824,16.546295166015625,0.5009765625,0.26904296875,0.8384755253791809,0.9005848169326782,0.23193359375,0.89404296875,0.26186245679855347,0.0,0.65625,0.040900737047195435,0.99951171875,0.0032053410541266203,1.0,1.0,0.0,0.0,0.0,0.0032053410541266203,,,,,,,,,,,,,,,,,,,,,,,,,,,,,,,,,,,,,,,,,,,,,,,,,,,,
,3600,298.2825384326667,8.046062678059743,,,,,,,,,,,,,,,,,,,,,,,,,,,,,,,,,,,,,,,,,,,,,,,,,,,,,,,,,,,,,,,,,,,,,,,,,,,,,,,,,,,,,,,,,,,,,,,,,,,,,,,,
10,3599,,,0.024196624755859375,0.42266845703125,16.0,1.0,1.0,1.0,1.0,1.0,1.0,1.0,1.0,0.0,0.0,0.0,0.0,0.0,0.0,0.0,0.0,0.0,27.0,1.0,0.004086668603122234,1.0,1.5225887298583984,0.9473876953125,0.04758089780807495,0.015625,0.047607421875,0.0,1.0,0.05775390937924385,1.0,16.52338981628418,0.4912109375,0.2587890625,0.8339622616767883,0.8599221706390381,0.232421875,0.88818359375,0.2701483964920044,0.0,0.96875,0.060431987047195435,1.0,0.0015069220680743456,1.0,1.0,0.0,0.0,0.0,0.0015069220680743456,,,,,,,,,,,,,,,,,,,,,,,,,,,,,,,,,,,,,,,,,,,,,,,,,,,,
10,3604,,,0.02524089813232422,0.419036865234375,16.0,1.0,1.0,1.0,1.0,1.0,1.0,1.0,1.0,0.0,0.0,0.0,0.0,0.0,0.0,0.0,0.0,0.0,27.0,1.0,0.004104814492166042,1.0,1.558553695678711,0.9583740234375,0.04870480298995972,0.015625,0.048583984375,0.0,1.0,0.05186673626303673,1.0,16.53575325012207,0.50341796875,0.26513671875,0.8434622287750244,0.8875969052314758,0.23828125,0.90283203125,0.24058189988136292,0.0,0.78125,0.048713237047195435,1.0,0.001498992322012782,1.0,1.0,0.0,0.0,0.0,0.001498992322012782,,,,,,,,,,,,,,,,,,,,,,,,,,,,,,,,,,,,,,,,,,,,,,,,,,,,
10,3609,,,0.029578208923339844,0.420745849609375,16.0,1.0,1.0,1.0,1.0,1.0,1.0,1.0,1.0,0.0,0.0,0.0,0.0,0.0,0.0,0.0,0.0,0.0,27.0,1.0,0.0034448278602212667,1.0,1.5073127746582031,0.9615478515625,0.04710352420806885,0.015625,0.047119140625,0.0,1.0,0.04447336494922638,1.0,16.518138885498047,0.50146484375,0.259765625,0.896616518497467,0.931640625,0.24169921875,0.93505859375,0.2047739177942276,0.0,0.84375,0.052734375,1.0,0.0014193621464073658,1.0,1.0,0.0,0.0,0.0,0.0014193621464073658,,,,,,,,,,,,,,,,,,,,,,,,,,,,,,,,,,,,,,,,,,,,,,,,,,,,
10,3614,,,0.02973461151123047,0.415435791015625,16.0,1.0,1.0,1.0,1.0,1.0,1.0,1.0,1.0,0.0,0.0,0.0,0.0,0.0,0.0,0.0,0.0,0.0,27.0,1.0,0.0033639478497207165,1.0,1.6136512756347656,0.9520263671875,0.050426602363586426,0.015625,0.050537109375,0.0,1.0,0.044957734644412994,1.0,16.5546932220459,0.4970703125,0.26171875,0.8656716346740723,0.90625,0.2353515625,0.912109375,0.20723453164100647,0.0,0.90625,0.056640625,1.0,0.0013654165668413043,1.0,1.0,0.0,0.0,0.0,0.0013654165668413043,,,,,,,,,,,,,,,,,,,,,,,,,,,,,,,,,,,,,,,,,,,,,,,,,,,,
10,3619,,,0.025571823120117188,0.42022705078125,16.0,1.0,1.0,1.0,1.0,1.0,1.0,1.0,1.0,0.0,0.0,0.0,0.0,0.0,0.0,0.0,0.0,0.0,27.0,1.0,0.0027393405325710773,1.0,1.562612533569336,0.962158203125,0.04883164167404175,0.015625,0.048828125,0.0,1.0,0.04879582300782204,1.0,16.537147521972656,0.49951171875,0.267578125,0.8631386756896973,0.923828125,0.23193359375,0.9111328125,0.22865036129951477,0.0,0.9375,0.05859375,1.0,0.001148635521531105,1.0,1.0,0.0,0.0,0.0,0.001148635521531105,,,,,,,,,,,,,,,,,,,,,,,,,,,,,,,,,,,,,,,,,,,,,,,,,,,,
10,3624,,,0.024779319763183594,0.420013427734375,16.0,1.0,1.0,1.0,1.0,1.0,1.0,1.0,1.0,0.0,0.0,0.0,0.0,0.0,0.0,0.0,0.0,0.0,27.0,1.0,0.003328575287014246,1.0,1.5472774505615234,0.9600830078125,0.04835242033004761,0.015625,0.04833984375,0.0,1.0,0.04623116925358772,1.0,16.531877517700195,0.49169921875,0.25537109375,0.8910133838653564,0.9066147804260254,0.236328125,0.92431640625,0.21592745184898376,0.0,0.875,0.05445772036910057,1.0,0.0010006232187151909,1.0,1.0,0.0,0.0,0.0,0.0010006232187151909,,,,,,,,,,,,,,,,,,,,,,,,,,,,,,,,,,,,,,,,,,,,,,,,,,,,
10,3629,,,0.027875900268554688,0.41461181640625,16.0,1.0,1.0,1.0,1.0,1.0,1.0,1.0,1.0,0.0,0.0,0.0,0.0,0.0,0.0,0.0,0.0,0.0,27.0,1.0,0.0035684946924448013,1.0,1.5331687927246094,0.960693359375,0.04791152477264404,0.015625,0.0478515625,0.0,1.0,0.0455000139772892,1.0,16.527027130126953,0.49755859375,0.2607421875,0.8707864880561829,0.9064327478408813,0.23681640625,0.916015625,0.2105219066143036,0.0,0.90625,0.056525737047195435,1.0,0.0012672590091824532,1.0,1.0,0.0,0.0,0.0,0.0012672590091824532,,,,,,,,,,,,,,,,,,,,,,,,,,,,,,,,,,,,,,,,,,,,,,,,,,,,
10,3634,,,0.02559661865234375,0.41754150390625,16.0,1.0,1.0,1.0,1.0,1.0,1.0,1.0,1.0,0.0,0.0,0.0,0.0,0.0,0.0,0.0,0.0,0.0,27.0,1.0,0.0038227206096053123,1.0,1.5167655944824219,0.9615478515625,0.047398924827575684,0.015625,0.04736328125,0.0,1.0,0.04920697957277298,1.0,16.52138900756836,0.50048828125,0.26123046875,0.8635513782501221,0.9005848169326782,0.2392578125,0.912109375,0.22977200150489807,0.0,0.96875,0.060431987047195435,1.0,0.0010948870331048965,1.0,1.0,0.0,0.0,0.0,0.0010948870331048965,,,,,,,,,,,,,,,,,,,,,,,,,,,,,,,,,,,,,,,,,,,,,,,,,,,,
10,3639,,,0.03381156921386719,0.4169921875,16.0,1.0,1.0,1.0,1.0,1.0,1.0,1.0,1.0,0.0,0.0,0.0,0.0,0.0,0.0,0.0,0.0,0.0,27.0,1.0,0.005916869267821312,1.0,1.4654617309570312,0.9666748046875,0.04579567909240723,0.015625,0.0458984375,0.0,1.0,0.05152379721403122,1.0,16.503751754760742,0.50341796875,0.259765625,0.8552631735801697,0.888671875,0.24365234375,0.90234375,0.23205098509788513,0.0,0.90625,0.056640625,1.0,0.0023769247345626354,1.0,1.0,0.0,0.0,0.0,0.0023769247345626354,,,,,,,,,,,,,,,,,,,,,,,,,,,,,,,,,,,,,,,,,,,,,,,,,,,,
10,3644,,,0.030059814453125,0.4193115234375,16.0,1.0,1.0,1.0,1.0,1.0,1.0,1.0,1.0,0.0,0.0,0.0,0.0,0.0,0.0,0.0,0.0,0.0,27.0,1.0,0.0029548094607889652,1.0,1.489309310913086,0.953125,0.046540915966033936,0.015625,0.046630859375,0.0,1.0,0.04120144993066788,1.0,16.51194953918457,0.49658203125,0.25634765625,0.8857142925262451,0.908203125,0.240234375,0.923828125,0.19030535221099854,0.0,0.90625,0.056640625,1.0,0.0011702922638505697,1.0,1.0,0.0,0.0,0.0,0.0011702922638505697,,,,,,,,,,,,,,,,,,,,,,,,,,,,,,,,,,,,,,,,,,,,,,,,,,,,
10,3649,,,0.029972076416015625,0.422607421875,16.0,1.0,1.0,1.0,1.0,1.0,1.0,1.0,1.0,0.0,0.0,0.0,0.0,0.0,0.0,0.0,0.0,0.0,27.0,1.0,0.003105087438598275,1.0,1.4624900817871094,0.9447021484375,0.04570281505584717,0.015625,0.045654296875,0.0,1.0,0.050836265087127686,1.0,16.502731323242188,0.49658203125,0.26025390625,0.8536585569381714,0.8869395852088928,0.236328125,0.91162109375,0.23647090792655945,0.0,0.8125,0.050666362047195435,1.0,0.0015543783083558083,1.0,1.0,0.0,0.0,0.0,0.0015543783083558083,,,,,,,,,,,,,,,,,,,,,,,,,,,,,,,,,,,,,,,,,,,,,,,,,,,,
10,3654,,,0.029935836791992188,0.41619873046875,16.0,1.0,1.0,1.0,1.0,1.0,1.0,1.0,1.0,0.0,0.0,0.0,0.0,0.0,0.0,0.0,0.0,0.0,27.0,1.0,0.0032450114376842976,1.0,1.4471416473388672,0.9605712890625,0.0452231764793396,0.015625,0.045166015625,0.0,1.0,0.04348800703883171,1.0,16.497455596923828,0.5009765625,0.25439453125,0.9059500694274902,0.921875,0.24658203125,0.9287109375,0.20076194405555725,0.0,0.90625,0.056640625,1.0,0.0013209243770688772,1.0,1.0,0.0,0.0,0.0,0.0013209243770688772,,,,,,,,,,,,,,,,,,,,,,,,,,,,,,,,,,,,,,,,,,,,,,,,,,,,
10,3659,,,0.02667713165283203,0.416229248046875,16.0,1.0,1.0,1.0,1.0,1.0,1.0,1.0,1.0,0.0,0.0,0.0,0.0,0.0,0.0,0.0,0.0,0.0,27.0,1.0,0.0028151660226285458,1.0,1.4557991027832031,0.961669921875,0.0454937219619751,0.015625,0.04541015625,0.0,1.0,0.0385124534368515,1.0,16.500431060791016,0.5009765625,0.2646484375,0.88376384973526,0.935546875,0.236328125,0.931640625,0.17696651816368103,0.0,0.9375,0.05859375,1.0,0.001240686746314168,1.0,1.0,0.0,0.0,0.0,0.001240686746314168,,,,,,,,,,,,,,,,,,,,,,,,,,,,,,,,,,,,,,,,,,,,,,,,,,,,
10,3664,,,0.025771141052246094,0.414947509765625,16.0,1.0,1.0,1.0,1.0,1.0,1.0,1.0,1.0,0.0,0.0,0.0,0.0,0.0,0.0,0.0,0.0,0.0,27.0,1.0,0.0020476393401622772,1.0,1.4258995056152344,0.9664306640625,0.044559359550476074,0.015625,0.044677734375,0.0,1.0,0.04387814551591873,1.0,16.49015235900879,0.5009765625,0.2578125,0.8863636255264282,0.8999999761581421,0.2431640625,0.923828125,0.2065127193927765,0.0,0.9375,0.05770016461610794,1.0,0.000913343217689544,1.0,1.0,0.0,0.0,0.0,0.000913343217689544,,,,,,,,,,,,,,,,,,,,,,,,,,,,,,,,,,,,,,,,,,,,,,,,,,,,
10,3669,,,0.025114059448242188,0.41571044921875,16.0,1.0,1.0,1.0,1.0,1.0,1.0,1.0,1.0,0.0,0.0,0.0,0.0,0.0,0.0,0.0,0.0,0.0,27.0,1.0,0.0021112102549523115,1.0,1.365530014038086,0.9697265625,0.042672812938690186,0.015625,0.042724609375,0.0,1.0,0.03392035514116287,1.0,16.46940040588379,0.5009765625,0.2548828125,0.9137930870056152,0.931640625,0.24609375,0.9453125,0.15713831782341003,0.0,1.0,0.0625,1.0,0.0008592558442614973,1.0,1.0,0.0,0.0,0.0,0.0008592558442614973,,,,,,,,,,,,,,,,,,,,,,,,,,,,,,,,,,,,,,,,,,,,,,,,,,,,
10,3674,,,0.028980255126953125,0.4176025390625,16.0,1.0,1.0,1.0,1.0,1.0,1.0,1.0,1.0,0.0,0.0,0.0,0.0,0.0,0.0,0.0,0.0,0.0,27.0,1.0,0.002417987212538719,1.0,1.3919963836669922,0.9456787109375,0.043499886989593506,0.015625,0.04345703125,0.0,1.0,0.04119467735290527,1.0,16.478498458862305,0.505859375,0.2568359375,0.8935361504554749,0.9090909361839294,0.2490234375,0.9296875,0.19219809770584106,0.0,0.75,0.046300552785396576,1.0,0.0009910063818097115,1.0,1.0,0.0,0.0,0.0,0.0009910063818097115,,,,,,,,,,,,,,,,,,,,,,,,,,,,,,,,,,,,,,,,,,,,,,,,,,,,
10,3679,,,0.02910137176513672,0.414764404296875,16.0,1.0,1.0,1.0,1.0,1.0,1.0,1.0,1.0,0.0,0.0,0.0,0.0,0.0,0.0,0.0,0.0,0.0,27.0,1.0,0.003677923697978258,1.0,1.3639450073242188,0.959716796875,0.042623281478881836,0.015625,0.042724609375,0.0,1.0,0.04783248528838158,1.0,16.468856811523438,0.5048828125,0.2626953125,0.8531598448753357,0.8912621140480042,0.2421875,0.90966796875,0.22315432131290436,0.0,0.78125,0.048713237047195435,1.0,0.0011366326361894608,1.0,1.0,0.0,0.0,0.0,0.0011366326361894608,,,,,,,,,,,,,,,,,,,,,,,,,,,,,,,,,,,,,,,,,,,,,,,,,,,,
10,3684,,,0.025758743286132812,0.423583984375,16.0,1.0,1.0,1.0,1.0,1.0,1.0,1.0,1.0,0.0,0.0,0.0,0.0,0.0,0.0,0.0,0.0,0.0,27.0,1.0,0.002654450247064233,1.0,1.3712196350097656,0.9617919921875,0.042850613594055176,0.015625,0.04296875,0.0,1.0,0.04391364008188248,1.0,16.471357345581055,0.49560546875,0.255859375,0.8721374273300171,0.8822394013404846,0.23974609375,0.9150390625,0.20492839813232422,0.0,0.90625,0.05595128610730171,1.0,0.0011484518181532621,1.0,1.0,0.0,0.0,0.0,0.0011484518181532621,,,,,,,,,,,,,,,,,,,,,,,,,,,,,,,,,,,,,,,,,,,,,,,,,,,,
10,3689,,,0.03127574920654297,0.419708251953125,16.0,1.0,1.0,1.0,1.0,1.0,1.0,1.0,1.0,0.0,0.0,0.0,0.0,0.0,0.0,0.0,0.0,0.0,27.0,1.0,0.002816723193973303,1.0,1.390584945678711,0.968994140625,0.04345577955245972,0.015625,0.04345703125,0.0,1.0,0.040643978863954544,1.0,16.47801399230957,0.50341796875,0.265625,0.876838207244873,0.931640625,0.23779296875,0.92529296875,0.1880009025335312,0.0,1.0,0.0625,1.0,0.0011571088107302785,1.0,1.0,0.0,0.0,0.0,0.0011571088107302785,,,,,,,,,,,,,,,,,,,,,,,,,,,,,,,,,,,,,,,,,,,,,,,,,,,,
10,3694,,,0.028214454650878906,0.418426513671875,16.0,1.0,1.0,1.0,1.0,1.0,1.0,1.0,1.0,0.0,0.0,0.0,0.0,0.0,0.0,0.0,0.0,0.0,27.0,1.0,0.0035402688663452864,1.0,1.4127330780029297,0.9647216796875,0.04414790868759155,0.015625,0.044189453125,0.0,1.0,0.04323495924472809,1.0,16.485626220703125,0.50439453125,0.25,0.912109375,0.9015443921089172,0.25439453125,0.9326171875,0.19995875656604767,0.0,1.0,0.06181066110730171,1.0,0.001190986717119813,1.0,1.0,0.0,0.0,0.0,0.001190986717119813,,,,,,,,,,,,,,,,,,,,,,,,,,,,,,,,,,,,,,,,,,,,,,,,,,,,
,3700,285.32896778002697,8.060870993558474,,,,,,,,,,,,,,,,,,,,,,,,,,,,,,,,,,,,,,,,,,,,,,,,,,,,,,,,,,,,,,,,,,,,,,,,,,,,,,,,,,,,,,,,,,,,,,,,,,,,,,,,
10,3699,,,0.027631759643554688,0.41729736328125,16.0,1.0,1.0,1.0,1.0,1.0,1.0,1.0,1.0,0.0,0.0,0.0,0.0,0.0,0.0,0.0,0.0,0.0,27.0,1.0,0.0026633921079337597,1.0,1.4425392150878906,0.9609375,0.04507935047149658,0.015625,0.045166015625,0.0,1.0,0.052273720502853394,1.0,16.495872497558594,0.505859375,0.2607421875,0.8689138293266296,0.90625,0.2451171875,0.9072265625,0.246966153383255,0.0,0.84375,0.052734375,1.0,0.0010342395398765802,1.0,1.0,0.0,0.0,0.0,0.0010342395398765802,,,,,,,,,,,,,,,,,,,,,,,,,,,,,,,,,,,,,,,,,,,,,,,,,,,,
10,3704,,,0.02612781524658203,0.418121337890625,16.0,1.0,1.0,1.0,1.0,1.0,1.0,1.0,1.0,0.0,0.0,0.0,0.0,0.0,0.0,0.0,0.0,0.0,27.0,1.0,0.0029442673549056053,1.0,1.4865455627441406,0.9554443359375,0.046454548835754395,0.015625,0.04638671875,0.0,1.0,0.039985913783311844,1.0,16.51099967956543,0.49755859375,0.26611328125,0.8807339668273926,0.9320388436317444,0.2314453125,0.92529296875,0.18541350960731506,0.0,0.90625,0.05629595369100571,1.0,0.0009788954630494118,1.0,1.0,0.0,0.0,0.0,0.0009788954630494118,,,,,,,,,,,,,,,,,,,,,,,,,,,,,,,,,,,,,,,,,,,,,,,,,,,,
10,3709,,,0.029691696166992188,0.41845703125,16.0,1.0,1.0,1.0,1.0,1.0,1.0,1.0,1.0,0.0,0.0,0.0,0.0,0.0,0.0,0.0,0.0,0.0,27.0,1.0,0.0023849462158977985,1.0,1.4437198638916016,0.9549560546875,0.04511624574661255,0.015625,0.045166015625,0.0,1.0,0.04468175768852234,1.0,16.496278762817383,0.50244140625,0.2705078125,0.8465703725814819,0.916015625,0.23193359375,0.91650390625,0.2104702740907669,0.0,1.0,0.0625,1.0,0.0007904659141786397,1.0,1.0,0.0,0.0,0.0,0.0007904659141786397,,,,,,,,,,,,,,,,,,,,,,,,,,,,,,,,,,,,,,,,,,,,,,,,,,,,
10,3714,,,0.033557891845703125,0.4229736328125,16.0,1.0,1.0,1.0,1.0,1.0,1.0,1.0,1.0,0.0,0.0,0.0,0.0,0.0,0.0,0.0,0.0,0.0,27.0,1.0,0.002555874641984701,1.0,1.4138126373291016,0.9566650390625,0.044181644916534424,0.015625,0.044189453125,0.0,1.0,0.044810548424720764,1.0,16.485998153686523,0.5048828125,0.2646484375,0.8523985147476196,0.90234375,0.240234375,0.919921875,0.2094237506389618,0.0,1.0,0.0625,1.0,0.001066241879016161,1.0,1.0,0.0,0.0,0.0,0.001066241879016161,,,,,,,,,,,,,,,,,,,,,,,,,,,,,,,,,,,,,,,,,,,,,,,,,,,,
10,3719,,,0.02590656280517578,0.417388916015625,16.0,1.0,1.0,1.0,1.0,1.0,1.0,1.0,1.0,0.0,0.0,0.0,0.0,0.0,0.0,0.0,0.0,0.0,27.0,1.0,0.002456294372677803,1.0,1.4154682159423828,0.9588623046875,0.04423338174819946,0.015625,0.044189453125,0.0,1.0,0.04256509616971016,1.0,16.4865665435791,0.5048828125,0.2626953125,0.8587360382080078,0.8936170339584351,0.2421875,0.921875,0.1992587447166443,0.0,0.90625,0.056066177785396576,1.0,0.0009551955736242235,1.0,1.0,0.0,0.0,0.0,0.0009551955736242235,,,,,,,,,,,,,,,,,,,,,,,,,,,,,,,,,,,,,,,,,,,,,,,,,,,,
10,3724,,,0.026035308837890625,0.4208984375,16.0,1.0,1.0,1.0,1.0,1.0,1.0,1.0,1.0,0.0,0.0,0.0,0.0,0.0,0.0,0.0,0.0,0.0,27.0,1.0,0.0018508225912228227,1.0,1.3313617706298828,0.9598388671875,0.04160505533218384,0.015625,0.04150390625,0.0,1.0,0.03991544246673584,1.0,16.45765495300293,0.50439453125,0.2568359375,0.8840304017066956,0.9064327478408813,0.24755859375,0.9267578125,0.18785816431045532,0.0,0.90625,0.056525737047195435,1.0,0.0007891462882980704,1.0,1.0,0.0,0.0,0.0,0.0007891462882980704,,,,,,,,,,,,,,,,,,,,,,,,,,,,,,,,,,,,,,,,,,,,,,,,,,,,
10,3729,,,0.027578353881835938,0.41943359375,16.0,1.0,1.0,1.0,1.0,1.0,1.0,1.0,1.0,0.0,0.0,0.0,0.0,0.0,0.0,0.0,0.0,0.0,27.0,1.0,0.0019368062494322658,1.0,1.2808685302734375,0.9703369140625,0.04002714157104492,0.015625,0.0400390625,0.0,1.0,0.0389285534620285,1.0,16.440298080444336,0.494140625,0.25244140625,0.9129593968391418,0.9200779795646667,0.24169921875,0.93408203125,0.18256765604019165,0.0,0.96875,0.060431987047195435,1.0,0.000853948702570051,1.0,1.0,0.0,0.0,0.0,0.000853948702570051,,,,,,,,,,,,,,,,,,,,,,,,,,,,,,,,,,,,,,,,,,,,,,,,,,,,
10,3734,,,0.02926158905029297,0.423187255859375,16.0,1.0,1.0,1.0,1.0,1.0,1.0,1.0,1.0,0.0,0.0,0.0,0.0,0.0,0.0,0.0,0.0,0.0,27.0,1.0,0.0018998286686837673,1.0,1.3363628387451172,0.9703369140625,0.04176133871078491,0.015625,0.041748046875,0.0,1.0,0.040254898369312286,1.0,16.459375381469727,0.5029296875,0.25830078125,0.8884688019752502,0.91796875,0.24462890625,0.9267578125,0.18897929787635803,0.0,0.90625,0.056640625,1.0,0.0008560463320463896,1.0,1.0,0.0,0.0,0.0,0.0008560463320463896,,,,,,,,,,,,,,,,,,,,,,,,,,,,,,,,,,,,,,,,,,,,,,,,,,,,
10,3739,,,0.030669212341308594,0.422027587890625,16.0,1.0,1.0,1.0,1.0,1.0,1.0,1.0,1.0,0.0,0.0,0.0,0.0,0.0,0.0,0.0,0.0,0.0,27.0,1.0,0.0022247210144996643,1.0,1.184600830078125,0.977783203125,0.037018775939941406,0.015625,0.037109375,0.0,1.0,0.03482699394226074,1.0,16.407207489013672,0.49951171875,0.26220703125,0.8994413614273071,0.943359375,0.2373046875,0.9375,0.16185103356838226,0.0,1.0,0.0625,1.0,0.0008500494295731187,1.0,1.0,0.0,0.0,0.0,0.0008500494295731187,,,,,,,,,,,,,,,,,,,,,,,,,,,,,,,,,,,,,,,,,,,,,,,,,,,,
10,3744,,,0.031233787536621094,0.412445068359375,16.0,1.0,1.0,1.0,1.0,1.0,1.0,1.0,1.0,0.0,0.0,0.0,0.0,0.0,0.0,0.0,0.0,0.0,27.0,1.0,0.0027042366564273834,1.0,1.2488479614257812,0.9722900390625,0.039026498794555664,0.015625,0.0390625,0.0,1.0,0.042163439095020294,1.0,16.429290771484375,0.4990234375,0.2451171875,0.9103585481643677,0.892578125,0.25390625,0.92431640625,0.1960066854953766,0.0,1.0,0.0625,1.0,0.0011916931252926588,1.0,1.0,0.0,0.0,0.0,0.0011916931252926588,,,,,,,,,,,,,,,,,,,,,,,,,,,,,,,,,,,,,,,,,,,,,,,,,,,,
10,3749,,,0.024733543395996094,0.420135498046875,16.0,1.0,1.0,1.0,1.0,1.0,1.0,1.0,1.0,0.0,0.0,0.0,0.0,0.0,0.0,0.0,0.0,0.0,27.0,1.0,0.002127374056726694,1.0,1.2360858917236328,0.9683837890625,0.038627684116363525,0.015625,0.03857421875,0.0,1.0,0.038144756108522415,1.0,16.424903869628906,0.50048828125,0.259765625,0.8909774422645569,0.92578125,0.24072265625,0.92529296875,0.1787908971309662,0.0,0.90625,0.056640625,1.0,0.0008368291892111301,1.0,1.0,0.0,0.0,0.0,0.0008368291892111301,,,,,,,,,,,,,,,,,,,,,,,,,,,,,,,,,,,,,,,,,,,,,,,,,,,,
10,3754,,,0.0283660888671875,0.4136962890625,16.0,1.0,1.0,1.0,1.0,1.0,1.0,1.0,1.0,0.0,0.0,0.0,0.0,0.0,0.0,0.0,0.0,0.0,27.0,1.0,0.002327847993001342,1.0,1.2722320556640625,0.9747314453125,0.03975725173950195,0.015625,0.039794921875,0.0,1.0,0.04083268716931343,1.0,16.43733024597168,0.49951171875,0.25,0.916015625,0.916015625,0.24951171875,0.92529296875,0.191658154129982,0.0,1.0,0.0625,1.0,0.0008381602820008993,1.0,1.0,0.0,0.0,0.0,0.0008381602820008993,,,,,,,,,,,,,,,,,,,,,,,,,,,,,,,,,,,,,,,,,,,,,,,,,,,,
10,3759,,,0.025961875915527344,0.421783447265625,16.0,1.0,1.0,1.0,1.0,1.0,1.0,1.0,1.0,0.0,0.0,0.0,0.0,0.0,0.0,0.0,0.0,0.0,27.0,1.0,0.0019300569547340274,1.0,1.2015571594238281,0.969970703125,0.03754866123199463,0.015625,0.03759765625,0.0,1.0,0.03414022922515869,1.0,16.413034439086914,0.49951171875,0.25927734375,0.9171375036239624,0.9365384578704834,0.240234375,0.943359375,0.15947845578193665,0.0,1.0,0.06158088147640228,1.0,0.0007509078131988645,1.0,1.0,0.0,0.0,0.0,0.0007509078131988645,,,,,,,,,,,,,,,,,,,,,,,,,,,,,,,,,,,,,,,,,,,,,,,,,,,,
10,3764,,,0.028203964233398438,0.41741943359375,16.0,1.0,1.0,1.0,1.0,1.0,1.0,1.0,1.0,0.0,0.0,0.0,0.0,0.0,0.0,0.0,0.0,0.0,27.0,1.0,0.0027496444527059793,1.0,1.233041763305664,0.9658203125,0.038532555103302,0.015625,0.03857421875,0.0,1.0,0.04003315418958664,1.0,16.423858642578125,0.5,0.26171875,0.8899253606796265,0.931640625,0.23828125,0.9326171875,0.18586605787277222,0.0,0.6875,0.04296875,1.0,0.0011199236614629626,1.0,1.0,0.0,0.0,0.0,0.0011199236614629626,,,,,,,,,,,,,,,,,,,,,,,,,,,,,,,,,,,,,,,,,,,,,,,,,,,,
10,3769,,,0.03336906433105469,0.4136962890625,16.0,1.0,1.0,1.0,1.0,1.0,1.0,1.0,1.0,0.0,0.0,0.0,0.0,0.0,0.0,0.0,0.0,0.0,27.0,1.0,0.0027858223766088486,1.0,1.1821517944335938,0.9647216796875,0.036942243576049805,0.015625,0.036865234375,0.0,1.0,0.032717514783144,1.0,16.40636444091797,0.50048828125,0.26171875,0.9048507213592529,0.947265625,0.23876953125,0.94873046875,0.14931833744049072,0.0,0.84375,0.052734375,1.0,0.001087461831048131,1.0,1.0,0.0,0.0,0.0,0.001087461831048131,,,,,,,,,,,,,,,,,,,,,,,,,,,,,,,,,,,,,,,,,,,,,,,,,,,,
10,3774,,,0.029282569885253906,0.407562255859375,16.0,1.0,1.0,1.0,1.0,1.0,1.0,1.0,1.0,0.0,0.0,0.0,0.0,0.0,0.0,0.0,0.0,0.0,27.0,1.0,0.0024563991464674473,1.0,1.3165569305419922,0.9749755859375,0.041142404079437256,0.015625,0.041259765625,0.0,1.0,0.04070047661662102,1.0,16.452566146850586,0.49609375,0.26611328125,0.8587155938148499,0.9105058312416077,0.22998046875,0.92041015625,0.18974222242832184,0.0,0.96875,0.06031709536910057,1.0,0.0010211336193606257,1.0,1.0,0.0,0.0,0.0,0.0010211336193606257,,,,,,,,,,,,,,,,,,,,,,,,,,,,,,,,,,,,,,,,,,,,,,,,,,,,
10,3779,,,0.02779865264892578,0.409149169921875,16.0,1.0,1.0,1.0,1.0,1.0,1.0,1.0,1.0,0.0,0.0,0.0,0.0,0.0,0.0,0.0,0.0,0.0,27.0,1.0,0.003179288236424327,1.0,1.2842159271240234,0.9744873046875,0.04013174772262573,0.015625,0.0400390625,0.0,1.0,0.03935719653964043,1.0,16.441450119018555,0.50146484375,0.26220703125,0.884543776512146,0.927734375,0.2392578125,0.9306640625,0.18247833847999573,0.0,0.90625,0.056640625,1.0,0.0009876354597508907,1.0,1.0,0.0,0.0,0.0,0.0009876354597508907,,,,,,,,,,,,,,,,,,,,,,,,,,,,,,,,,,,,,,,,,,,,,,,,,,,,
10,3784,,,0.030791282653808594,0.425262451171875,16.0,1.0,1.0,1.0,1.0,1.0,1.0,1.0,1.0,0.0,0.0,0.0,0.0,0.0,0.0,0.0,0.0,0.0,27.0,1.0,0.0049711912870407104,1.0,1.2022418975830078,0.97607421875,0.037570059299468994,0.015625,0.03759765625,0.0,1.0,0.04301254451274872,1.0,16.413270950317383,0.49951171875,0.240234375,0.9166666865348816,0.880859375,0.25927734375,0.92626953125,0.19965019822120667,0.0,1.0,0.0625,1.0,0.0007802981999702752,1.0,1.0,0.0,0.0,0.0,0.0007802981999702752,,,,,,,,,,,,,,,,,,,,,,,,,,,,,,,,,,,,,,,,,,,,,,,,,,,,
10,3789,,,0.027791976928710938,0.414306640625,16.0,1.0,1.0,1.0,1.0,1.0,1.0,1.0,1.0,0.0,0.0,0.0,0.0,0.0,0.0,0.0,0.0,0.0,27.0,1.0,0.002272812882438302,1.0,1.2408103942871094,0.9776611328125,0.03877532482147217,0.015625,0.038818359375,0.0,1.0,0.042612381279468536,1.0,16.426528930664062,0.4892578125,0.2587890625,0.8924528360366821,0.9202334880828857,0.23046875,0.92431640625,0.20098397135734558,0.0,1.0,0.06227022036910057,1.0,0.000791264115832746,1.0,1.0,0.0,0.0,0.0,0.000791264115832746,,,,,,,,,,,,,,,,,,,,,,,,,,,,,,,,,,,,,,,,,,,,,,,,,,,,
10,3794,,,0.027535438537597656,0.418670654296875,16.0,1.0,1.0,1.0,1.0,1.0,1.0,1.0,1.0,0.0,0.0,0.0,0.0,0.0,0.0,0.0,0.0,0.0,27.0,1.0,0.0019742599688470364,1.0,1.2147579193115234,0.9700927734375,0.03796118497848511,0.015625,0.037841796875,0.0,1.0,0.037041984498500824,1.0,16.417573928833008,0.4990234375,0.255859375,0.9351145029067993,0.95703125,0.2431640625,0.943359375,0.17391465604305267,0.0,0.78125,0.048828125,1.0,0.0007348233484663069,1.0,1.0,0.0,0.0,0.0,0.0007348233484663069,,,,,,,,,,,,,,,,,,,,,,,,,,,,,,,,,,,,,,,,,,,,,,,,,,,,
,3800,272.45354153657894,8.074771161323419,,,,,,,,,,,,,,,,,,,,,,,,,,,,,,,,,,,,,,,,,,,,,,,,,,,,,,,,,,,,,,,,,,,,,,,,,,,,,,,,,,,,,,,,,,,,,,,,,,,,,,,,
10,3799,,,0.025870323181152344,0.421234130859375,16.0,1.0,1.0,1.0,1.0,1.0,1.0,1.0,1.0,0.0,0.0,0.0,0.0,0.0,0.0,0.0,0.0,0.0,27.0,1.0,0.002239606808871031,1.0,1.2077655792236328,0.972412109375,0.037742674350738525,0.015625,0.037841796875,0.0,1.0,0.03696326166391373,1.0,16.41516876220703,0.5,0.25927734375,0.903954803943634,0.9375,0.24072265625,0.93701171875,0.17258930206298828,0.0,0.9375,0.05859375,1.0,0.0008714828873053193,1.0,1.0,0.0,0.0,0.0,0.0008714828873053193,,,,,,,,,,,,,,,,,,,,,,,,,,,,,,,,,,,,,,,,,,,,,,,,,,,,
10,3804,,,0.0250396728515625,0.41412353515625,16.0,1.0,1.0,1.0,1.0,1.0,1.0,1.0,1.0,0.0,0.0,0.0,0.0,0.0,0.0,0.0,0.0,0.0,27.0,1.0,0.002283574780449271,1.0,1.2200794219970703,0.975341796875,0.03812748193740845,0.015625,0.0380859375,0.0,1.0,0.040311384946107864,1.0,16.419403076171875,0.5009765625,0.25927734375,0.9001883268356323,0.929961085319519,0.24169921875,0.93310546875,0.18908138573169708,0.0,1.0,0.06227022036910057,1.0,0.0009108757949434221,1.0,1.0,0.0,0.0,0.0,0.0009108757949434221,,,,,,,,,,,,,,,,,,,,,,,,,,,,,,,,,,,,,,,,,,,,,,,,,,,,
10,3809,,,0.027963638305664062,0.41650390625,16.0,1.0,1.0,1.0,1.0,1.0,1.0,1.0,1.0,0.0,0.0,0.0,0.0,0.0,0.0,0.0,0.0,0.0,27.0,1.0,0.0019404059275984764,1.0,1.2476959228515625,0.9705810546875,0.03899049758911133,0.015625,0.0390625,0.0,1.0,0.04285347834229469,1.0,16.428895950317383,0.49755859375,0.2568359375,0.8992395401000977,0.9220272898674011,0.24072265625,0.9228515625,0.20242491364479065,0.0,0.9375,0.05859375,1.0,0.0008217439753934741,1.0,1.0,0.0,0.0,0.0,0.0008217439753934741,,,,,,,,,,,,,,,,,,,,,,,,,,,,,,,,,,,,,,,,,,,,,,,,,,,,
10,3814,,,0.026632308959960938,0.41796875,16.0,1.0,1.0,1.0,1.0,1.0,1.0,1.0,1.0,0.0,0.0,0.0,0.0,0.0,0.0,0.0,0.0,0.0,27.0,1.0,0.0015249731950461864,1.0,1.1898860931396484,0.9713134765625,0.037183940410614014,0.015625,0.037109375,0.0,1.0,0.04067866504192352,1.0,16.40902328491211,0.50341796875,0.25634765625,0.9028571248054504,0.9203883409500122,0.2470703125,0.9248046875,0.192604199051857,0.0,0.90625,0.05629595369100571,1.0,0.0007663937867619097,1.0,1.0,0.0,0.0,0.0,0.0007663937867619097,,,,,,,,,,,,,,,,,,,,,,,,,,,,,,,,,,,,,,,,,,,,,,,,,,,,
10,3819,,,0.02861785888671875,0.421630859375,16.0,1.0,1.0,1.0,1.0,1.0,1.0,1.0,1.0,0.0,0.0,0.0,0.0,0.0,0.0,0.0,0.0,0.0,27.0,1.0,0.0017304217908531427,1.0,1.1493492126464844,0.9453125,0.03591716289520264,0.015625,0.035888671875,0.0,1.0,0.03737226873636246,1.0,16.39508819580078,0.5,0.25390625,0.9230769276618958,0.9375,0.24609375,0.94140625,0.1756763607263565,0.0,0.65625,0.041015625,1.0,0.0008010505698621273,1.0,1.0,0.0,0.0,0.0,0.0008010505698621273,,,,,,,,,,,,,,,,,,,,,,,,,,,,,,,,,,,,,,,,,,,,,,,,,,,,
10,3819,,,,,,,,,,,,,,,,,,,,,,,,,,,,,,,,,,,,,,,,,,,,,,,,,,,,,,,0.022185413166880608,0.4177911877632141,16.0,1.0,1.0,1.0,1.0,1.0,1.0,0.9545454382896423,0.9971590638160706,0.0,0.0,1.0,0.04545454680919647,0.0,0.0,0.20454493165016174,0.0007102272938936949,0.0,27.0,0.9545454382896423,0.0039419555105268955,1.0,1.2021428346633911,0.9577414989471436,0.03756696358323097,0.015625,0.03755326569080353,0.0,0.9545454382896423,0.04354681074619293,1.0,16.413238525390625,0.4985795319080353,0.2592329680919647,0.9013999700546265,0.9346590638160706,0.23934659361839294,0.9353693127632141,0.1973557472229004,0.0,0.8181818127632141,0.05113636329770088,0.9992897510528564,0.0021171821281313896,1.0,1.0,0.0,0.0,0.0,0.0021171821281313896
10,3824,,,0.029150009155273438,0.41851806640625,16.0,1.0,1.0,1.0,1.0,1.0,1.0,1.0,1.0,0.0,0.0,0.0,0.0,0.0,0.0,0.0,0.0,0.0,27.0,1.0,0.001980575267225504,1.0,1.1880378723144531,0.955078125,0.03712618350982666,0.015625,0.037109375,0.0,1.0,0.04470451548695564,1.0,16.408388137817383,0.494140625,0.25,0.912109375,0.912109375,0.244140625,0.93408203125,0.21134963631629944,0.0,0.65625,0.041015625,1.0,0.0009040802251547575,1.0,1.0,0.0,0.0,0.0,0.0009040802251547575,,,,,,,,,,,,,,,,,,,,,,,,,,,,,,,,,,,,,,,,,,,,,,,,,,,,
10,3829,,,0.026993751525878906,0.416107177734375,16.0,1.0,1.0,1.0,1.0,1.0,1.0,1.0,1.0,0.0,0.0,0.0,0.0,0.0,0.0,0.0,0.0,0.0,27.0,1.0,0.0021343869157135487,1.0,1.1442184448242188,0.9615478515625,0.035756826400756836,0.015625,0.03564453125,0.0,1.0,0.0407913438975811,1.0,16.393325805664062,0.49609375,0.25244140625,0.9032881855964661,0.9067960977554321,0.24365234375,0.93408203125,0.19152706861495972,0.0,0.8125,0.05043657869100571,1.0,0.0009690491133369505,1.0,1.0,0.0,0.0,0.0,0.0009690491133369505,,,,,,,,,,,,,,,,,,,,,,,,,,,,,,,,,,,,,,,,,,,,,,,,,,,,
10,3834,,,0.029305458068847656,0.416900634765625,16.0,1.0,1.0,1.0,1.0,1.0,1.0,1.0,1.0,0.0,0.0,0.0,0.0,0.0,0.0,0.0,0.0,0.0,27.0,1.0,0.002057221019640565,1.0,1.1668071746826172,0.9727783203125,0.03646272420883179,0.015625,0.036376953125,0.0,1.0,0.04306299239397049,1.0,16.401090621948242,0.4951171875,0.2509765625,0.9143968820571899,0.9143968820571899,0.244140625,0.9296875,0.2030436396598816,0.0,1.0,0.06227022036910057,1.0,0.0009182965732179582,1.0,1.0,0.0,0.0,0.0,0.0009182965732179582,,,,,,,,,,,,,,,,,,,,,,,,,,,,,,,,,,,,,,,,,,,,,,,,,,,,
10,3839,,,0.025791168212890625,0.41851806640625,16.0,1.0,1.0,1.0,1.0,1.0,1.0,1.0,1.0,0.0,0.0,0.0,0.0,0.0,0.0,0.0,0.0,0.0,27.0,1.0,0.002141713397577405,1.0,1.1407222747802734,0.970947265625,0.035647571086883545,0.015625,0.03564453125,0.0,1.0,0.041565824300050735,1.0,16.39212417602539,0.49755859375,0.26025390625,0.8986867070198059,0.935546875,0.2373046875,0.935546875,0.1957879215478897,0.0,0.90625,0.056640625,1.0,0.0009015501709654927,1.0,1.0,0.0,0.0,0.0,0.0009015501709654927,,,,,,,,,,,,,,,,,,,,,,,,,,,,,,,,,,,,,,,,,,,,,,,,,,,,
10,3844,,,0.024824142456054688,0.4232177734375,16.0,1.0,1.0,1.0,1.0,1.0,1.0,1.0,1.0,0.0,0.0,0.0,0.0,0.0,0.0,0.0,0.0,0.0,27.0,1.0,0.0025069506373256445,1.0,1.1001815795898438,0.965576171875,0.03438067436218262,0.015625,0.034423828125,0.0,1.0,0.04465799406170845,1.0,16.37818717956543,0.51025390625,0.263671875,0.885185182094574,0.93359375,0.24658203125,0.92626953125,0.21035782992839813,0.0,0.65625,0.041015625,1.0,0.0010248051257804036,1.0,1.0,0.0,0.0,0.0,0.0010248051257804036,,,,,,,,,,,,,,,,,,,,,,,,,,,,,,,,,,,,,,,,,,,,,,,,,,,,
10,3849,,,0.029479026794433594,0.418121337890625,16.0,1.0,1.0,1.0,1.0,1.0,1.0,1.0,1.0,0.0,0.0,0.0,0.0,0.0,0.0,0.0,0.0,0.0,27.0,1.0,0.0033269403502345085,1.0,1.1688823699951172,0.9580078125,0.03652757406234741,0.015625,0.03662109375,0.0,1.0,0.043800391256809235,1.0,16.401803970336914,0.49755859375,0.25927734375,0.8832391500473022,0.916015625,0.23828125,0.92578125,0.2026854157447815,0.0,0.8125,0.05078125,1.0,0.0014043576084077358,1.0,1.0,0.0,0.0,0.0,0.0014043576084077358,,,,,,,,,,,,,,,,,,,,,,,,,,,,,,,,,,,,,,,,,,,,,,,,,,,,
10,3854,,,0.026085853576660156,0.418426513671875,16.0,1.0,1.0,1.0,1.0,1.0,1.0,1.0,1.0,0.0,0.0,0.0,0.0,0.0,0.0,0.0,0.0,0.0,27.0,1.0,0.003521357662975788,1.0,1.160421371459961,0.9654541015625,0.03626316785812378,0.015625,0.036376953125,0.0,1.0,0.044889695942401886,1.0,16.398895263671875,0.5,0.27001953125,0.8824593424797058,0.953125,0.22998046875,0.9287109375,0.20999577641487122,0.0,0.9375,0.05859375,1.0,0.0010207317536696792,1.0,1.0,0.0,0.0,0.0,0.0010207317536696792,,,,,,,,,,,,,,,,,,,,,,,,,,,,,,,,,,,,,,,,,,,,,,,,,,,,
10,3859,,,0.029645919799804688,0.4178466796875,16.0,1.0,1.0,1.0,1.0,1.0,1.0,1.0,1.0,0.0,0.0,0.0,0.0,0.0,0.0,0.0,0.0,0.0,27.0,1.0,0.0021627505775541067,1.0,1.2092742919921875,0.964599609375,0.03778982162475586,0.015625,0.037841796875,0.0,1.0,0.04000435397028923,1.0,16.415687561035156,0.4970703125,0.26318359375,0.8831169009208679,0.9278752207756042,0.23388671875,0.9228515625,0.18831151723861694,0.0,0.9375,0.058478862047195435,1.0,0.0007495915051549673,1.0,1.0,0.0,0.0,0.0,0.0007495915051549673,,,,,,,,,,,,,,,,,,,,,,,,,,,,,,,,,,,,,,,,,,,,,,,,,,,,
10,3864,,,0.028936386108398438,0.41571044921875,16.0,1.0,1.0,1.0,1.0,1.0,1.0,1.0,1.0,0.0,0.0,0.0,0.0,0.0,0.0,0.0,0.0,0.0,27.0,1.0,0.0020163534209132195,1.0,1.2327289581298828,0.9588623046875,0.03852277994155884,0.015625,0.03857421875,0.0,1.0,0.041607365012168884,1.0,16.423749923706055,0.50244140625,0.25244140625,0.8955512642860413,0.904296875,0.25,0.91845703125,0.19628533720970154,0.0,0.75,0.046875,1.0,0.0007862742058932781,1.0,1.0,0.0,0.0,0.0,0.0007862742058932781,,,,,,,,,,,,,,,,,,,,,,,,,,,,,,,,,,,,,,,,,,,,,,,,,,,,
10,3869,,,0.024756431579589844,0.419036865234375,16.0,1.0,1.0,1.0,1.0,1.0,1.0,1.0,1.0,0.0,0.0,0.0,0.0,0.0,0.0,0.0,0.0,0.0,27.0,1.0,0.002681449055671692,1.0,1.2285594940185547,0.966796875,0.038392484188079834,0.015625,0.038330078125,0.0,1.0,0.046219002455472946,1.0,16.422317504882812,0.5,0.26025390625,0.8836773037910461,0.9145631194114685,0.23974609375,0.916015625,0.21697477996349335,0.0,1.0,0.06215532869100571,1.0,0.0011393651366233826,1.0,1.0,0.0,0.0,0.0,0.0011393651366233826,,,,,,,,,,,,,,,,,,,,,,,,,,,,,,,,,,,,,,,,,,,,,,,,,,,,
11,3874,,,0.030592918395996094,0.416046142578125,16.0,1.0,1.0,1.0,1.0,1.0,1.0,1.0,1.0,0.0,0.0,0.0,0.0,0.0,0.0,0.0,0.0,0.0,27.0,1.0,0.0025595594197511673,1.0,1.2217559814453125,0.9713134765625,0.038179874420166016,0.015625,0.0380859375,0.0,1.0,0.03879997879266739,1.0,16.419979095458984,0.5,0.25244140625,0.8994197249412537,0.908203125,0.24755859375,0.92822265625,0.18037158250808716,0.0,0.96875,0.060546875,1.0,0.0010169013403356075,1.0,1.0,0.0,0.0,0.0,0.0010169013403356075,,,,,,,,,,,,,,,,,,,,,,,,,,,,,,,,,,,,,,,,,,,,,,,,,,,,
11,3879,,,0.02968120574951172,0.421112060546875,16.0,1.0,1.0,1.0,1.0,1.0,1.0,1.0,1.0,0.0,0.0,0.0,0.0,0.0,0.0,0.0,0.0,0.0,27.0,1.0,0.0019393905531615019,1.0,1.1691722869873047,0.9554443359375,0.03653663396835327,0.015625,0.03662109375,0.0,1.0,0.04406014084815979,1.0,16.40190315246582,0.49951171875,0.2451171875,0.9362549781799316,0.9143968820571899,0.25439453125,0.92919921875,0.2085661143064499,0.0,0.90625,0.05641084536910057,1.0,0.0008328369585797191,1.0,1.0,0.0,0.0,0.0,0.0008328369585797191,,,,,,,,,,,,,,,,,,,,,,,,,,,,,,,,,,,,,,,,,,,,,,,,,,,,
11,3884,,,0.02785205841064453,0.416351318359375,16.0,1.0,1.0,1.0,1.0,1.0,1.0,1.0,1.0,0.0,0.0,0.0,0.0,0.0,0.0,0.0,0.0,0.0,27.0,1.0,0.0021851886995136738,1.0,1.1992874145507812,0.957275390625,0.037477731704711914,0.015625,0.03759765625,0.0,1.0,0.047257065773010254,1.0,16.412254333496094,0.5009765625,0.25390625,0.8942307829856873,0.908203125,0.2470703125,0.92041015625,0.22364002466201782,0.0,0.875,0.0546875,1.0,0.0009527451475150883,1.0,1.0,0.0,0.0,0.0,0.0009527451475150883,,,,,,,,,,,,,,,,,,,,,,,,,,,,,,,,,,,,,,,,,,,,,,,,,,,,
11,3889,,,0.02747631072998047,0.424468994140625,16.0,1.0,1.0,1.0,1.0,1.0,1.0,1.0,1.0,0.0,0.0,0.0,0.0,0.0,0.0,0.0,0.0,0.0,27.0,1.0,0.0020093200728297234,1.0,1.1463241577148438,0.94580078125,0.03582262992858887,0.015625,0.035888671875,0.0,1.0,0.042252637445926666,1.0,16.3940486907959,0.4990234375,0.2529296875,0.8957529067993164,0.904483437538147,0.24609375,0.92724609375,0.19972112774848938,0.0,0.71875,0.044806987047195435,1.0,0.0008141518337652087,1.0,1.0,0.0,0.0,0.0,0.0008141518337652087,,,,,,,,,,,,,,,,,,,,,,,,,,,,,,,,,,,,,,,,,,,,,,,,,,,,
11,3894,,,0.024184226989746094,0.414581298828125,16.0,1.0,1.0,1.0,1.0,1.0,1.0,1.0,1.0,0.0,0.0,0.0,0.0,0.0,0.0,0.0,0.0,0.0,27.0,1.0,0.0020618338603526354,1.0,1.1954917907714844,0.9569091796875,0.03735911846160889,0.015625,0.037353515625,0.0,1.0,0.04774990305304527,1.0,16.41094970703125,0.509765625,0.25830078125,0.8790169954299927,0.908203125,0.25146484375,0.9140625,0.22700056433677673,0.0,0.84375,0.052734375,1.0,0.000844810449052602,1.0,1.0,0.0,0.0,0.0,0.000844810449052602,,,,,,,,,,,,,,,,,,,,,,,,,,,,,,,,,,,,,,,,,,,,,,,,,,,,
,3900,261.3762456243077,8.034394996316767,,,,,,,,,,,,,,,,,,,,,,,,,,,,,,,,,,,,,,,,,,,,,,,,,,,,,,,,,,,,,,,,,,,,,,,,,,,,,,,,,,,,,,,,,,,,,,,,,,,,,,,,
11,3899,,,0.027007102966308594,0.417144775390625,16.0,1.0,1.0,1.0,1.0,1.0,1.0,1.0,1.0,0.0,0.0,0.0,0.0,0.0,0.0,0.0,0.0,0.0,27.0,1.0,0.002127425279468298,1.0,1.1559410095214844,0.957275390625,0.03612315654754639,0.015625,0.0361328125,0.0,1.0,0.042720336467027664,1.0,16.397354125976562,0.5107421875,0.25439453125,0.8944337964057922,0.9083820581436157,0.25634765625,0.92431640625,0.20153164863586426,0.0,0.84375,0.052619487047195435,1.0,0.0008911028853617609,1.0,1.0,0.0,0.0,0.0,0.0008911028853617609,,,,,,,,,,,,,,,,,,,,,,,,,,,,,,,,,,,,,,,,,,,,,,,,,,,,
11,3904,,,0.02528095245361328,0.413421630859375,16.0,1.0,1.0,1.0,1.0,1.0,1.0,1.0,1.0,0.0,0.0,0.0,0.0,0.0,0.0,0.0,0.0,0.0,27.0,1.0,0.0022652819752693176,1.0,1.2015628814697266,0.9698486328125,0.037548840045928955,0.015625,0.03759765625,0.0,1.0,0.05093418434262276,1.0,16.413036346435547,0.50390625,0.25146484375,0.8893203735351562,0.89453125,0.25244140625,0.90625,0.24142512679100037,0.0,0.875,0.0546875,1.0,0.0010785320773720741,1.0,1.0,0.0,0.0,0.0,0.0010785320773720741,,,,,,,,,,,,,,,,,,,,,,,,,,,,,,,,,,,,,,,,,,,,,,,,,,,,
11,3909,,,0.027471542358398438,0.4163818359375,16.0,1.0,1.0,1.0,1.0,1.0,1.0,1.0,1.0,0.0,0.0,0.0,0.0,0.0,0.0,0.0,0.0,0.0,27.0,1.0,0.001998733263462782,1.0,1.123727798461914,0.96728515625,0.035116493701934814,0.015625,0.03515625,0.0,1.0,0.035783302038908005,1.0,16.386281967163086,0.49365234375,0.24560546875,0.9284294247627258,0.912109375,0.248046875,0.9404296875,0.16700847446918488,0.0,0.9375,0.05859375,1.0,0.0009053066605702043,1.0,1.0,0.0,0.0,0.0,0.0009053066605702043,,,,,,,,,,,,,,,,,,,,,,,,,,,,,,,,,,,,,,,,,,,,,,,,,,,,
11,3914,,,0.026137351989746094,0.414581298828125,16.0,1.0,1.0,1.0,1.0,1.0,1.0,1.0,1.0,0.0,0.0,0.0,0.0,0.0,0.0,0.0,0.0,0.0,27.0,1.0,0.0020102625712752342,1.0,1.2346782684326172,0.9693603515625,0.03858369588851929,0.015625,0.03857421875,0.0,1.0,0.0494856983423233,1.0,16.424421310424805,0.50732421875,0.2529296875,0.8629343509674072,0.871345043182373,0.25439453125,0.90478515625,0.23515604436397552,0.0,0.6875,0.042853862047195435,1.0,0.0009199819760397077,1.0,1.0,0.0,0.0,0.0,0.0009199819760397077,,,,,,,,,,,,,,,,,,,,,,,,,,,,,,,,,,,,,,,,,,,,,,,,,,,,
11,3919,,,0.027297019958496094,0.413665771484375,16.0,1.0,1.0,1.0,1.0,1.0,1.0,1.0,1.0,0.0,0.0,0.0,0.0,0.0,0.0,0.0,0.0,0.0,27.0,1.0,0.0018617563182488084,1.0,1.1589107513427734,0.96435546875,0.03621596097946167,0.015625,0.0361328125,0.0,1.0,0.044193658977746964,1.0,16.39837646484375,0.5,0.24755859375,0.8915187120437622,0.8828125,0.25244140625,0.91650390625,0.20959249138832092,0.0,1.0,0.0625,1.0,0.0008157761767506599,1.0,1.0,0.0,0.0,0.0,0.0008157761767506599,,,,,,,,,,,,,,,,,,,,,,,,,,,,,,,,,,,,,,,,,,,,,,,,,,,,
11,3924,,,0.02897167205810547,0.418670654296875,16.0,1.0,1.0,1.0,1.0,1.0,1.0,1.0,1.0,0.0,0.0,0.0,0.0,0.0,0.0,0.0,0.0,0.0,27.0,1.0,0.0021222447976469994,1.0,1.1185121536254883,0.969482421875,0.03495350480079651,0.015625,0.034912109375,0.0,1.0,0.041389357298612595,1.0,16.384489059448242,0.4990234375,0.25048828125,0.9064327478408813,0.908203125,0.24853515625,0.9248046875,0.19455942511558533,0.0,0.9375,0.05859375,1.0,0.0009591032285243273,1.0,1.0,0.0,0.0,0.0,0.0009591032285243273,,,,,,,,,,,,,,,,,,,,,,,,,,,,,,,,,,,,,,,,,,,,,,,,,,,,
11,3929,,,0.031871795654296875,0.4168701171875,16.0,1.0,1.0,1.0,1.0,1.0,1.0,1.0,1.0,0.0,0.0,0.0,0.0,0.0,0.0,0.0,0.0,0.0,27.0,1.0,0.001983967376872897,1.0,1.1413555145263672,0.9608154296875,0.035667359828948975,0.015625,0.03564453125,0.0,1.0,0.04095461964607239,1.0,16.39234161376953,0.50390625,0.2529296875,0.8996139168739319,0.91015625,0.2509765625,0.927734375,0.19299787282943726,0.0,0.9375,0.05859375,1.0,0.0008269863319583237,1.0,1.0,0.0,0.0,0.0,0.0008269863319583237,,,,,,,,,,,,,,,,,,,,,,,,,,,,,,,,,,,,,,,,,,,,,,,,,,,,
11,3934,,,0.02555084228515625,0.41302490234375,16.0,1.0,1.0,1.0,1.0,1.0,1.0,1.0,1.0,0.0,0.0,0.0,0.0,0.0,0.0,0.0,0.0,0.0,27.0,1.0,0.0028189164586365223,1.0,1.1254043579101562,0.9656982421875,0.03516888618469238,0.015625,0.03515625,0.0,1.0,0.03543196618556976,1.0,16.386857986450195,0.49658203125,0.251953125,0.9069767594337463,0.9140625,0.24462890625,0.92822265625,0.16387930512428284,0.0,0.90625,0.056640625,1.0,0.0009939658921211958,1.0,1.0,0.0,0.0,0.0,0.0009939658921211958,,,,,,,,,,,,,,,,,,,,,,,,,,,,,,,,,,,,,,,,,,,,,,,,,,,,
11,3939,,,0.031495094299316406,0.409515380859375,16.0,1.0,1.0,1.0,1.0,1.0,1.0,1.0,1.0,0.0,0.0,0.0,0.0,0.0,0.0,0.0,0.0,0.0,27.0,1.0,0.002089102752506733,1.0,1.1445674896240234,0.9625244140625,0.03576773405075073,0.015625,0.035888671875,0.0,1.0,0.03313746303319931,1.0,16.39344596862793,0.5068359375,0.26123046875,0.9084112048149109,0.9455252885818481,0.24560546875,0.93505859375,0.15362794697284698,0.0,0.875,0.05445772036910057,1.0,0.0008574831881560385,1.0,1.0,0.0,0.0,0.0,0.0008574831881560385,,,,,,,,,,,,,,,,,,,,,,,,,,,,,,,,,,,,,,,,,,,,,,,,,,,,
11,3944,,,0.029776573181152344,0.409515380859375,16.0,1.0,1.0,1.0,1.0,1.0,1.0,1.0,1.0,0.0,0.0,0.0,0.0,0.0,0.0,0.0,0.0,0.0,27.0,1.0,0.0025064763613045216,1.0,1.0759248733520508,0.9588623046875,0.03362265229225159,0.015625,0.03369140625,0.0,1.0,0.03664108365774155,1.0,16.369848251342773,0.50341796875,0.24853515625,0.9155206084251404,0.91015625,0.2548828125,0.9443359375,0.1711127609014511,0.0,0.90625,0.056640625,1.0,0.0008189441286958754,1.0,1.0,0.0,0.0,0.0,0.0008189441286958754,,,,,,,,,,,,,,,,,,,,,,,,,,,,,,,,,,,,,,,,,,,,,,,,,,,,
11,3949,,,0.028084754943847656,0.418609619140625,16.0,1.0,1.0,1.0,1.0,1.0,1.0,1.0,1.0,0.0,0.0,0.0,0.0,0.0,0.0,0.0,0.0,0.0,27.0,1.0,0.002028651535511017,1.0,1.0981531143188477,0.955810546875,0.03431728482246399,0.015625,0.034423828125,0.0,1.0,0.029522573575377464,1.0,16.377490997314453,0.50146484375,0.25634765625,0.9295238256454468,0.953125,0.2451171875,0.9580078125,0.13555634021759033,0.0,0.875,0.0546875,1.0,0.0009366505546495318,1.0,1.0,0.0,0.0,0.0,0.0009366505546495318,,,,,,,,,,,,,,,,,,,,,,,,,,,,,,,,,,,,,,,,,,,,,,,,,,,,
11,3954,,,0.02812671661376953,0.412200927734375,16.0,1.0,1.0,1.0,1.0,1.0,1.0,1.0,1.0,0.0,0.0,0.0,0.0,0.0,0.0,0.0,0.0,0.0,27.0,1.0,0.00171542982570827,1.0,1.0518693923950195,0.9556884765625,0.03287091851234436,0.015625,0.032958984375,0.0,1.0,0.030082974582910538,1.0,16.36157989501953,0.50146484375,0.25634765625,0.9180952310562134,0.9287090301513672,0.2451171875,0.94970703125,0.13927574455738068,0.0,0.90625,0.05583639442920685,1.0,0.000857757986523211,1.0,1.0,0.0,0.0,0.0,0.000857757986523211,,,,,,,,,,,,,,,,,,,,,,,,,,,,,,,,,,,,,,,,,,,,,,,,,,,,
11,3959,,,0.031647682189941406,0.411102294921875,16.0,1.0,1.0,1.0,1.0,1.0,1.0,1.0,1.0,0.0,0.0,0.0,0.0,0.0,0.0,0.0,0.0,0.0,27.0,1.0,0.0017011858290061355,1.0,1.0420122146606445,0.968017578125,0.03256288170814514,0.015625,0.032470703125,0.0,1.0,0.03675133362412453,1.0,16.358192443847656,0.50048828125,0.251953125,0.9166666865348816,0.923828125,0.24853515625,0.93896484375,0.1726093292236328,0.0,1.0,0.0625,1.0,0.000839195738080889,1.0,1.0,0.0,0.0,0.0,0.000839195738080889,,,,,,,,,,,,,,,,,,,,,,,,,,,,,,,,,,,,,,,,,,,,,,,,,,,,
11,3964,,,0.026926040649414062,0.411865234375,16.0,1.0,1.0,1.0,1.0,1.0,1.0,1.0,1.0,0.0,0.0,0.0,0.0,0.0,0.0,0.0,0.0,0.0,27.0,1.0,0.001900539849884808,1.0,1.0037355422973633,0.963134765625,0.0313667356967926,0.015625,0.03125,0.0,1.0,0.039763905107975006,1.0,16.345033645629883,0.501953125,0.251953125,0.8914728760719299,0.893203854560852,0.25,0.92626953125,0.18727271258831024,0.0,1.0,0.06215532869100571,1.0,0.0009393584914505482,1.0,1.0,0.0,0.0,0.0,0.0009393584914505482,,,,,,,,,,,,,,,,,,,,,,,,,,,,,,,,,,,,,,,,,,,,,,,,,,,,
11,3969,,,0.027077674865722656,0.414276123046875,16.0,1.0,1.0,1.0,1.0,1.0,1.0,1.0,1.0,0.0,0.0,0.0,0.0,0.0,0.0,0.0,0.0,0.0,27.0,1.0,0.002615593373775482,1.0,0.9962530136108398,0.9534912109375,0.031132906675338745,0.015625,0.0311279296875,0.0,1.0,0.04025998339056969,1.0,16.34246253967285,0.5009765625,0.2431640625,0.9257028102874756,0.893410861492157,0.2578125,0.9287109375,0.18794484436511993,0.0,0.8125,0.050666362047195435,1.0,0.0011245433706790209,1.0,1.0,0.0,0.0,0.0,0.0011245433706790209,,,,,,,,,,,,,,,,,,,,,,,,,,,,,,,,,,,,,,,,,,,,,,,,,,,,
11,3974,,,0.03070354461669922,0.412628173828125,16.0,1.0,1.0,1.0,1.0,1.0,1.0,1.0,1.0,0.0,0.0,0.0,0.0,0.0,0.0,0.0,0.0,0.0,27.0,1.0,0.003332414198666811,1.0,0.9890022277832031,0.9654541015625,0.030906319618225098,0.015625,0.0308837890625,0.0,1.0,0.04139619693160057,1.0,16.339969635009766,0.5,0.25634765625,0.9142857193946838,0.9320388436317444,0.24365234375,0.9345703125,0.1920793503522873,0.0,0.8125,0.05043657869100571,1.0,0.0012222041841596365,1.0,1.0,0.0,0.0,0.0,0.0012222041841596365,,,,,,,,,,,,,,,,,,,,,,,,,,,,,,,,,,,,,,,,,,,,,,,,,,,,
11,3979,,,0.027771949768066406,0.413055419921875,16.0,1.0,1.0,1.0,1.0,1.0,1.0,1.0,1.0,0.0,0.0,0.0,0.0,0.0,0.0,0.0,0.0,0.0,27.0,1.0,0.0023348727263510227,1.0,1.068532943725586,0.9599609375,0.03339165449142456,0.015625,0.033447265625,0.0,1.0,0.03818029165267944,1.0,16.367307662963867,0.5,0.24853515625,0.9135559797286987,0.8942307829856873,0.25146484375,0.93505859375,0.1778533160686493,0.0,0.9375,0.05767463147640228,1.0,0.0010806205682456493,1.0,1.0,0.0,0.0,0.0,0.0010806205682456493,,,,,,,,,,,,,,,,,,,,,,,,,,,,,,,,,,,,,,,,,,,,,,,,,,,,
11,3984,,,0.02916431427001953,0.415313720703125,16.0,1.0,1.0,1.0,1.0,1.0,1.0,1.0,1.0,0.0,0.0,0.0,0.0,0.0,0.0,0.0,0.0,0.0,27.0,1.0,0.002081932034343481,1.0,1.0960769653320312,0.9532470703125,0.03425240516662598,0.015625,0.0341796875,0.0,1.0,0.046759262681007385,1.0,16.37677574157715,0.50146484375,0.25,0.890625,0.890625,0.25146484375,0.92236328125,0.22184643149375916,0.0,0.84375,0.052734375,1.0,0.0008950174669735134,1.0,1.0,0.0,0.0,0.0,0.0008950174669735134,,,,,,,,,,,,,,,,,,,,,,,,,,,,,,,,,,,,,,,,,,,,,,,,,,,,
11,3989,,,0.030887603759765625,0.4100341796875,16.0,1.0,1.0,1.0,1.0,1.0,1.0,1.0,1.0,0.0,0.0,0.0,0.0,0.0,0.0,0.0,0.0,0.0,27.0,1.0,0.0025479078758507967,1.0,1.124638557434082,0.9627685546875,0.035144954919815063,0.015625,0.03515625,0.0,1.0,0.05166115611791611,1.0,16.386594772338867,0.50146484375,0.25927734375,0.8681732416152954,0.900390625,0.2421875,0.9130859375,0.2454977035522461,0.0,0.90625,0.056640625,1.0,0.000913855736143887,1.0,1.0,0.0,0.0,0.0,0.000913855736143887,,,,,,,,,,,,,,,,,,,,,,,,,,,,,,,,,,,,,,,,,,,,,,,,,,,,
11,3994,,,0.02991485595703125,0.41290283203125,16.0,1.0,1.0,1.0,1.0,1.0,1.0,1.0,1.0,0.0,0.0,0.0,0.0,0.0,0.0,0.0,0.0,0.0,27.0,1.0,0.005469962954521179,1.0,1.191828727722168,0.9510498046875,0.03724464774131775,0.015625,0.037353515625,0.0,1.0,0.05811047554016113,1.0,16.409690856933594,0.494140625,0.27490234375,0.838365912437439,0.921875,0.21923828125,0.89990234375,0.27230802178382874,0.0,0.71875,0.044921875,1.0,0.0012345483992248774,1.0,1.0,0.0,0.0,0.0,0.0012345483992248774,,,,,,,,,,,,,,,,,,,,,,,,,,,,,,,,,,,,,,,,,,,,,,,,,,,,
,4000,248.47121831899997,8.049222012636886,,,,,,,,,,,,,,,,,,,,,,,,,,,,,,,,,,,,,,,,,,,,,,,,,,,,,,,,,,,,,,,,,,,,,,,,,,,,,,,,,,,,,,,,,,,,,,,,,,,,,,,,
11,3999,,,0.029058456420898438,0.4178466796875,16.0,1.0,1.0,1.0,1.0,1.0,1.0,1.0,1.0,0.0,0.0,0.0,0.0,0.0,0.0,0.0,0.0,0.0,27.0,1.0,0.007695866748690605,1.0,1.2689380645751953,0.9552001953125,0.039654314517974854,0.015625,0.03955078125,0.0,1.0,0.06086228787899017,1.0,16.43619728088379,0.5009765625,0.259765625,0.8458646535873413,0.87890625,0.2412109375,0.89404296875,0.2819455862045288,0.0,0.78125,0.048828125,1.0,0.001468973234295845,1.0,1.0,0.0,0.0,0.0,0.001468973234295845,,,,,,,,,,,,,,,,,,,,,,,,,,,,,,,,,,,,,,,,,,,,,,,,,,,,
11,4004,,,0.03289604187011719,0.407958984375,16.0,1.0,1.0,1.0,1.0,1.0,1.0,1.0,1.0,0.0,0.0,0.0,0.0,0.0,0.0,0.0,0.0,0.0,27.0,1.0,0.002841764595359564,1.0,1.3520050048828125,0.9716796875,0.04225015640258789,0.015625,0.042236328125,0.0,1.0,0.05495618283748627,1.0,16.464752197265625,0.4990234375,0.2578125,0.8712121248245239,0.8949416279792786,0.2412109375,0.9033203125,0.25972652435302734,0.0,0.9375,0.05836397036910057,1.0,0.0011284251231700182,1.0,1.0,0.0,0.0,0.0,0.0011284251231700182,,,,,,,,,,,,,,,,,,,,,,,,,,,,,,,,,,,,,,,,,,,,,,,,,,,,
11,4009,,,0.029929161071777344,0.409210205078125,16.0,1.0,1.0,1.0,1.0,1.0,1.0,1.0,1.0,0.0,0.0,0.0,0.0,0.0,0.0,0.0,0.0,0.0,27.0,1.0,0.0031966674141585827,1.0,1.3183040618896484,0.9569091796875,0.041197001934051514,0.015625,0.041259765625,0.0,1.0,0.06056341528892517,1.0,16.453166961669922,0.5068359375,0.26123046875,0.8523364663124084,0.890625,0.24560546875,0.89208984375,0.28652340173721313,0.0,0.75,0.046875,1.0,0.00133630377240479,1.0,1.0,0.0,0.0,0.0,0.00133630377240479,,,,,,,,,,,,,,,,,,,,,,,,,,,,,,,,,,,,,,,,,,,,,,,,,,,,
11,4014,,,0.029338836669921875,0.4091796875,16.0,1.0,1.0,1.0,1.0,1.0,1.0,1.0,1.0,0.0,0.0,0.0,0.0,0.0,0.0,0.0,0.0,0.0,27.0,1.0,0.004303170833736658,1.0,1.2766752243041992,0.9603271484375,0.039896100759506226,0.015625,0.039794921875,0.0,1.0,0.0579424649477005,1.0,16.438858032226562,0.50634765625,0.27490234375,0.825932502746582,0.9046692848205566,0.2314453125,0.890625,0.2717750072479248,0.0,0.90625,0.05641084536910057,1.0,0.001421008724719286,1.0,1.0,0.0,0.0,0.0,0.001421008724719286,,,,,,,,,,,,,,,,,,,,,,,,,,,,,,,,,,,,,,,,,,,,,,,,,,,,
11,4019,,,0.028017044067382812,0.41180419921875,16.0,1.0,1.0,1.0,1.0,0.96875,0.998046875,1.0,1.0,0.0,0.0,1.0,0.03125,0.0,0.0,0.0,0.00048828125,0.0,27.0,0.96875,0.005585468839854002,1.0,1.186635971069336,0.938720703125,0.03708237409591675,0.015625,0.037109375,0.0,1.0,0.05206364393234253,0.999504029750824,16.40790557861328,0.49560546875,0.26171875,0.8507462739944458,0.890625,0.23388671875,0.904296875,0.23356740176677704,0.0,0.6875,0.04296875,0.99951171875,0.002929756650701165,1.0,1.0,0.0,0.0,0.0,0.002929756650701165,,,,,,,,,,,,,,,,,,,,,,,,,,,,,,,,,,,,,,,,,,,,,,,,,,,,
11,4024,,,0.030889511108398438,0.414794921875,16.0,0.96875,0.998046875,1.0,1.0,1.0,1.0,1.0,1.0,0.0,0.0,1.0,0.03125,0.0,0.0,0.0,0.00048828125,0.0,27.0,0.96875,0.0033370922319591045,1.0,1.159775733947754,0.9356689453125,0.03624299168586731,0.015625,0.0361328125,0.0,1.0,0.05024562403559685,0.999504029750824,16.398672103881836,0.49169921875,0.25390625,0.9115384817123413,0.913294792175293,0.23779296875,0.92236328125,0.2341044843196869,0.0,0.75,0.04664522036910057,0.99951171875,0.0015605813823640347,1.0,1.0,0.0,0.0,0.0,0.0015605813823640347,,,,,,,,,,,,,,,,,,,,,,,,,,,,,,,,,,,,,,,,,,,,,,,,,,,,
11,4029,,,0.028661727905273438,0.41400146484375,16.0,1.0,1.0,1.0,1.0,1.0,1.0,1.0,1.0,0.0,0.0,0.0,0.0,0.0,0.0,0.0,0.0,0.0,27.0,1.0,0.003194764954969287,1.0,1.2340669631958008,0.9561767578125,0.038564592599868774,0.015625,0.03857421875,0.0,1.0,0.061028242111206055,1.0,16.424209594726562,0.49658203125,0.26904296875,0.8439201712608337,0.9064327478408813,0.2275390625,0.89208984375,0.29092782735824585,0.0,0.90625,0.056525737047195435,1.0,0.000986799132078886,1.0,1.0,0.0,0.0,0.0,0.000986799132078886,,,,,,,,,,,,,,,,,,,,,,,,,,,,,,,,,,,,,,,,,,,,,,,,,,,,
11,4034,,,0.03169822692871094,0.41217041015625,16.0,1.0,1.0,1.0,1.0,1.0,1.0,1.0,1.0,0.0,0.0,0.0,0.0,0.0,0.0,0.0,0.0,0.0,27.0,1.0,0.002802629489451647,1.0,1.3301048278808594,0.9586181640625,0.041565775871276855,0.015625,0.04150390625,0.0,1.0,0.05342494323849678,1.0,16.457223892211914,0.49658203125,0.265625,0.8363970518112183,0.8817829489707947,0.23095703125,0.88525390625,0.2525113523006439,0.0,0.84375,0.05227481573820114,1.0,0.0010734304087236524,1.0,1.0,0.0,0.0,0.0,0.0010734304087236524,,,,,,,,,,,,,,,,,,,,,,,,,,,,,,,,,,,,,,,,,,,,,,,,,,,,
11,4039,,,0.030487060546875,0.4161376953125,16.0,1.0,1.0,1.0,1.0,1.0,1.0,1.0,1.0,0.0,0.0,0.0,0.0,0.0,0.0,0.0,0.0,0.0,27.0,1.0,0.0026477195788174868,1.0,1.3484821319580078,0.966796875,0.042140066623687744,0.015625,0.042236328125,0.0,1.0,0.04948635771870613,1.0,16.46354103088379,0.49658203125,0.25830078125,0.8903591632843018,0.919921875,0.23828125,0.9228515625,0.23310285806655884,0.0,0.96875,0.060546875,1.0,0.0010559340007603168,1.0,1.0,0.0,0.0,0.0,0.0010559340007603168,,,,,,,,,,,,,,,,,,,,,,,,,,,,,,,,,,,,,,,,,,,,,,,,,,,,
11,4044,,,0.02867889404296875,0.41253662109375,16.0,1.0,1.0,1.0,1.0,1.0,1.0,1.0,1.0,0.0,0.0,0.0,0.0,0.0,0.0,0.0,0.0,0.0,27.0,1.0,0.0024250918067991734,1.0,1.3195056915283203,0.9591064453125,0.04123455286026001,0.015625,0.041259765625,0.0,1.0,0.04612879455089569,1.0,16.453580856323242,0.505859375,0.265625,0.873161792755127,0.924124538898468,0.240234375,0.9130859375,0.21801413595676422,0.0,0.8125,0.05055147036910057,1.0,0.0008089300827123225,1.0,1.0,0.0,0.0,0.0,0.0008089300827123225,,,,,,,,,,,,,,,,,,,,,,,,,,,,,,,,,,,,,,,,,,,,,,,,,,,,
11,4049,,,0.027695655822753906,0.411529541015625,16.0,1.0,1.0,1.0,1.0,1.0,1.0,1.0,1.0,0.0,0.0,0.0,0.0,0.0,0.0,0.0,0.0,0.0,27.0,1.0,0.004245470743626356,1.0,1.2787590026855469,0.961669921875,0.03996121883392334,0.015625,0.0400390625,0.0,1.0,0.04109179228544235,1.0,16.439573287963867,0.4990234375,0.263671875,0.8759258985519409,0.923828125,0.2353515625,0.92578125,0.1896388828754425,0.0,0.8125,0.05078125,1.0,0.0010246053570881486,1.0,1.0,0.0,0.0,0.0,0.0010246053570881486,,,,,,,,,,,,,,,,,,,,,,,,,,,,,,,,,,,,,,,,,,,,,,,,,,,,
11,4054,,,0.03208446502685547,0.419097900390625,16.0,1.0,1.0,1.0,1.0,1.0,1.0,1.0,1.0,0.0,0.0,0.0,0.0,0.0,0.0,0.0,0.0,0.0,27.0,1.0,0.002305783098563552,1.0,1.281489372253418,0.9566650390625,0.04004654288291931,0.015625,0.0400390625,0.0,1.0,0.038363296538591385,1.0,16.44051170349121,0.49462890625,0.259765625,0.88345867395401,0.91796875,0.23486328125,0.9345703125,0.17891481518745422,0.0,0.96875,0.060546875,1.0,0.0008819581125862896,1.0,1.0,0.0,0.0,0.0,0.0008819581125862896,,,,,,,,,,,,,,,,,,,,,,,,,,,,,,,,,,,,,,,,,,,,,,,,,,,,
11,4059,,,0.03133106231689453,0.409027099609375,16.0,1.0,1.0,1.0,1.0,1.0,1.0,1.0,1.0,0.0,0.0,0.0,0.0,0.0,0.0,0.0,0.0,0.0,27.0,1.0,0.0018731497693806887,1.0,1.2882165908813477,0.961669921875,0.040256768465042114,0.015625,0.040283203125,0.0,1.0,0.045741837471723557,1.0,16.442825317382812,0.50048828125,0.25146484375,0.9165048599243164,0.921875,0.2490234375,0.9287109375,0.21700730919837952,0.0,0.9375,0.05859375,1.0,0.0007538762874901295,1.0,1.0,0.0,0.0,0.0,0.0007538762874901295,,,,,,,,,,,,,,,,,,,,,,,,,,,,,,,,,,,,,,,,,,,,,,,,,,,,
11,4064,,,0.02964305877685547,0.408416748046875,16.0,1.0,1.0,1.0,1.0,1.0,1.0,1.0,1.0,0.0,0.0,0.0,0.0,0.0,0.0,0.0,0.0,0.0,27.0,1.0,0.0029058814980089664,1.0,1.3366832733154297,0.9669189453125,0.04177135229110718,0.015625,0.041748046875,0.0,1.0,0.04916050285100937,1.0,16.459484100341797,0.50537109375,0.26513671875,0.8563535809516907,0.8976833820343018,0.240234375,0.91015625,0.2303447127342224,0.0,1.0,0.06181066110730171,1.0,0.0012332384940236807,1.0,1.0,0.0,0.0,0.0,0.0012332384940236807,,,,,,,,,,,,,,,,,,,,,,,,,,,,,,,,,,,,,,,,,,,,,,,,,,,,
11,4069,,,0.030727386474609375,0.40863037109375,16.0,1.0,1.0,1.0,1.0,1.0,1.0,1.0,1.0,0.0,0.0,0.0,0.0,0.0,0.0,0.0,0.0,0.0,27.0,1.0,0.0022950477432459593,1.0,1.2624092102050781,0.9608154296875,0.03945028781890869,0.015625,0.03955078125,0.0,1.0,0.04571255296468735,1.0,16.43395233154297,0.5048828125,0.25390625,0.8807692527770996,0.89453125,0.2509765625,0.9169921875,0.21543452143669128,0.0,0.8125,0.05078125,1.0,0.0009549696114845574,1.0,1.0,0.0,0.0,0.0,0.0009549696114845574,,,,,,,,,,,,,,,,,,,,,,,,,,,,,,,,,,,,,,,,,,,,,,,,,,,,
11,4074,,,0.029352188110351562,0.4151611328125,16.0,1.0,1.0,1.0,1.0,1.0,1.0,1.0,1.0,0.0,0.0,0.0,0.0,0.0,0.0,0.0,0.0,0.0,27.0,1.0,0.0015074603725224733,1.0,1.1331300735473633,0.965087890625,0.0354103147983551,0.015625,0.035400390625,0.0,1.0,0.04013703018426895,1.0,16.38951301574707,0.50537109375,0.25,0.89453125,0.8893203735351562,0.25537109375,0.9228515625,0.19047462940216064,0.0,0.96875,0.06020220369100571,1.0,0.0006621844368055463,1.0,1.0,0.0,0.0,0.0,0.0006621844368055463,,,,,,,,,,,,,,,,,,,,,,,,,,,,,,,,,,,,,,,,,,,,,,,,,,,,
11,4079,,,0.03345012664794922,0.405120849609375,16.0,1.0,1.0,1.0,1.0,1.0,1.0,1.0,1.0,0.0,0.0,0.0,0.0,0.0,0.0,0.0,0.0,0.0,27.0,1.0,0.00226339278742671,1.0,1.2210426330566406,0.954345703125,0.03815758228302002,0.015625,0.0380859375,0.0,1.0,0.04795634374022484,1.0,16.41973304748535,0.49658203125,0.255859375,0.8606870174407959,0.880859375,0.24072265625,0.90869140625,0.2272699773311615,0.0,0.71875,0.044921875,1.0,0.0008390606380999088,1.0,1.0,0.0,0.0,0.0,0.0008390606380999088,,,,,,,,,,,,,,,,,,,,,,,,,,,,,,,,,,,,,,,,,,,,,,,,,,,,
11,4084,,,0.03154563903808594,0.405029296875,16.0,1.0,1.0,1.0,1.0,1.0,1.0,1.0,1.0,0.0,0.0,0.0,0.0,0.0,0.0,0.0,0.0,0.0,27.0,1.0,0.002227683085948229,1.0,1.1883668899536133,0.9598388671875,0.037136465311050415,0.015625,0.037109375,0.0,1.0,0.046100206673145294,1.0,16.40850067138672,0.50341796875,0.255859375,0.902671754360199,0.9202334880828857,0.24755859375,0.92578125,0.21841396391391754,0.0,0.9375,0.058478862047195435,1.0,0.0008011696045286953,1.0,1.0,0.0,0.0,0.0,0.0008011696045286953,,,,,,,,,,,,,,,,,,,,,,,,,,,,,,,,,,,,,,,,,,,,,,,,,,,,
11,4089,,,0.029100418090820312,0.41094970703125,16.0,1.0,1.0,1.0,1.0,1.0,1.0,1.0,1.0,0.0,0.0,0.0,0.0,0.0,0.0,0.0,0.0,0.0,27.0,1.0,0.002555171260610223,1.0,1.1078128814697266,0.9652099609375,0.034619152545928955,0.015625,0.03466796875,0.0,1.0,0.053629644215106964,1.0,16.380809783935547,0.4931640625,0.26123046875,0.8654205799102783,0.904296875,0.23193359375,0.9150390625,0.2562175393104553,0.0,1.0,0.0625,1.0,0.0007620633696205914,1.0,1.0,0.0,0.0,0.0,0.0007620633696205914,,,,,,,,,,,,,,,,,,,,,,,,,,,,,,,,,,,,,,,,,,,,,,,,,,,,
11,4094,,,0.032080650329589844,0.407012939453125,16.0,0.875,0.9921875,1.0,1.0,1.0,1.0,1.0,1.0,0.0,0.0,1.0,0.125,0.0,0.8999996185302734,1.0,0.001953125,0.0,27.0,0.875,0.021122321486473083,1.0,1.1474199295043945,0.9591064453125,0.03585687279701233,0.015625,0.035888671875,0.0,1.0,0.0706799253821373,0.9980159401893616,16.394426345825195,0.50146484375,0.25634765625,0.8647618889808655,0.88671875,0.2451171875,0.91357421875,0.22512060403823853,0.0,1.0,0.0625,0.998046875,0.019337249919772148,0.998046875,0.998046875,0.0,0.0,0.0,0.019337249919772148,,,,,,,,,,,,,,,,,,,,,,,,,,,,,,,,,,,,,,,,,,,,,,,,,,,,
,4100,235.79392520582925,8.057883587719454,,,,,,,,,,,,,,,,,,,,,,,,,,,,,,,,,,,,,,,,,,,,,,,,,,,,,,,,,,,,,,,,,,,,,,,,,,,,,,,,,,,,,,,,,,,,,,,,,,,,,,,,
11,4099,,,0.029611587524414062,0.40509033203125,16.0,1.0,1.0,1.0,1.0,1.0,1.0,1.0,1.0,0.0,0.0,0.0,0.0,0.0,0.0,0.0,0.0,0.0,27.0,1.0,0.0030743242241442204,1.0,1.135488510131836,0.9658203125,0.03548401594161987,0.015625,0.035400390625,0.0,1.0,0.045955102890729904,1.0,16.390323638916016,0.50146484375,0.2587890625,0.8735849261283875,0.9025341272354126,0.24267578125,0.91796875,0.21429695188999176,0.0,1.0,0.062385112047195435,1.0,0.0013214803766459227,1.0,1.0,0.0,0.0,0.0,0.0013214803766459227,,,,,,,,,,,,,,,,,,,,,,,,,,,,,,,,,,,,,,,,,,,,,,,,,,,,
11,4104,,,0.029542922973632812,0.4061279296875,16.0,1.0,1.0,1.0,1.0,1.0,1.0,1.0,1.0,0.0,0.0,0.0,0.0,0.0,0.0,0.0,0.0,0.0,27.0,1.0,0.002616420853883028,1.0,1.190293312072754,0.9722900390625,0.03719666600227356,0.015625,0.037109375,0.0,1.0,0.04496880620718002,1.0,16.409162521362305,0.50048828125,0.25927734375,0.8738229870796204,0.904483437538147,0.2412109375,0.92333984375,0.2109304517507553,0.0,1.0,0.062385112047195435,1.0,0.0010893144644796848,1.0,1.0,0.0,0.0,0.0,0.0010893144644796848,,,,,,,,,,,,,,,,,,,,,,,,,,,,,,,,,,,,,,,,,,,,,,,,,,,,
11,4109,,,0.028310775756835938,0.40850830078125,16.0,1.0,1.0,1.0,1.0,1.0,1.0,1.0,1.0,0.0,0.0,0.0,0.0,0.0,0.0,0.0,0.0,0.0,27.0,1.0,0.0023242412135004997,1.0,1.1886005401611328,0.962890625,0.0371437668800354,0.015625,0.037109375,0.0,1.0,0.04484643042087555,1.0,16.408580780029297,0.49609375,0.25244140625,0.8858800530433655,0.89453125,0.24365234375,0.91015625,0.21180805563926697,0.0,0.9375,0.05859375,1.0,0.0008767831604927778,1.0,1.0,0.0,0.0,0.0,0.0008767831604927778,,,,,,,,,,,,,,,,,,,,,,,,,,,,,,,,,,,,,,,,,,,,,,,,,,,,
11,4114,,,0.029478073120117188,0.41058349609375,16.0,1.0,1.0,1.0,1.0,1.0,1.0,1.0,1.0,0.0,0.0,0.0,0.0,0.0,0.0,0.0,0.0,0.0,27.0,1.0,0.0017864576075226068,1.0,1.1388616561889648,0.975830078125,0.03558942675590515,0.015625,0.03564453125,0.0,1.0,0.047960538417100906,1.0,16.391483306884766,0.49267578125,0.255859375,0.8702290058135986,0.890625,0.23681640625,0.90869140625,0.2283412516117096,0.0,1.0,0.0625,1.0,0.000837542291264981,1.0,1.0,0.0,0.0,0.0,0.000837542291264981,,,,,,,,,,,,,,,,,,,,,,,,,,,,,,,,,,,,,,,,,,,,,,,,,,,,
11,4119,,,0.02987384796142578,0.409454345703125,16.0,1.0,1.0,1.0,1.0,1.0,1.0,1.0,1.0,0.0,0.0,0.0,0.0,0.0,0.0,0.0,0.0,0.0,27.0,1.0,0.001986643299460411,1.0,1.158041000366211,0.9630126953125,0.03618878126144409,0.015625,0.0361328125,0.0,1.0,0.046675994992256165,1.0,16.3980770111084,0.49560546875,0.25439453125,0.8963531851768494,0.912109375,0.2412109375,0.9189453125,0.22228223085403442,0.0,0.90625,0.056640625,1.0,0.0007031706045381725,1.0,1.0,0.0,0.0,0.0,0.0007031706045381725,,,,,,,,,,,,,,,,,,,,,,,,,,,,,,,,,,,,,,,,,,,,,,,,,,,,
11,4124,,,0.030923843383789062,0.40667724609375,16.0,1.0,1.0,1.0,1.0,1.0,1.0,1.0,1.0,0.0,0.0,0.0,0.0,0.0,0.0,0.0,0.0,0.0,27.0,1.0,0.002639775164425373,1.0,1.260176658630371,0.967041015625,0.0393805205821991,0.015625,0.039306640625,0.0,1.0,0.04639245569705963,1.0,16.433185577392578,0.50927734375,0.25830078125,0.8714555501937866,0.8986355066299438,0.2509765625,0.91162109375,0.218740314245224,0.0,0.96875,0.060431987047195435,1.0,0.0008893838385120034,1.0,1.0,0.0,0.0,0.0,0.0008893838385120034,,,,,,,,,,,,,,,,,,,,,,,,,,,,,,,,,,,,,,,,,,,,,,,,,,,,
11,4129,,,0.027240753173828125,0.41351318359375,16.0,1.0,1.0,1.0,1.0,1.0,1.0,1.0,1.0,0.0,0.0,0.0,0.0,0.0,0.0,0.0,0.0,0.0,27.0,1.0,0.002815928542986512,1.0,1.1269350051879883,0.966552734375,0.035216718912124634,0.015625,0.03515625,0.0,1.0,0.04283880442380905,1.0,16.38738441467285,0.50341796875,0.2587890625,0.9094339609146118,0.9359223246574402,0.24462890625,0.923828125,0.20145966112613678,0.0,0.875,0.05434282869100571,1.0,0.0008685805951245129,1.0,1.0,0.0,0.0,0.0,0.0008685805951245129,,,,,,,,,,,,,,,,,,,,,,,,,,,,,,,,,,,,,,,,,,,,,,,,,,,,
11,4134,,,0.02664661407470703,0.410552978515625,16.0,1.0,1.0,1.0,1.0,1.0,1.0,1.0,1.0,0.0,0.0,0.0,0.0,0.0,0.0,0.0,0.0,0.0,27.0,1.0,0.002750987419858575,1.0,1.1870012283325195,0.96337890625,0.037093788385391235,0.015625,0.037109375,0.0,1.0,0.042692746967077255,1.0,16.408031463623047,0.5009765625,0.25,0.904296875,0.904296875,0.2509765625,0.92236328125,0.20000705122947693,0.0,0.78125,0.048828125,1.0,0.0009932583197951317,1.0,1.0,0.0,0.0,0.0,0.0009932583197951317,,,,,,,,,,,,,,,,,,,,,,,,,,,,,,,,,,,,,,,,,,,,,,,,,,,,
11,4139,,,0.03635120391845703,0.410064697265625,16.0,1.0,1.0,1.0,1.0,1.0,1.0,1.0,1.0,0.0,0.0,0.0,0.0,0.0,0.0,0.0,0.0,0.0,27.0,1.0,0.002673319075256586,1.0,1.1288175582885742,0.9384765625,0.035275548696517944,0.015625,0.03515625,0.0,1.0,0.03773989528417587,1.0,16.388031005859375,0.49609375,0.24853515625,0.9115913510322571,0.90625,0.24755859375,0.93212890625,0.17603741586208344,0.0,0.65625,0.041015625,1.0,0.0007986647542566061,1.0,1.0,0.0,0.0,0.0,0.0007986647542566061,,,,,,,,,,,,,,,,,,,,,,,,,,,,,,,,,,,,,,,,,,,,,,,,,,,,
11,4144,,,0.028960227966308594,0.417144775390625,16.0,1.0,1.0,1.0,1.0,1.0,1.0,1.0,1.0,0.0,0.0,0.0,0.0,0.0,0.0,0.0,0.0,0.0,27.0,1.0,0.0033243466168642044,1.0,1.1053094863891602,0.955810546875,0.034540921449661255,0.015625,0.034423828125,0.0,1.0,0.04036957398056984,1.0,16.37994956970215,0.50390625,0.25537109375,0.9120458960533142,0.9298245906829834,0.24853515625,0.935546875,0.18714411556720734,0.0,0.84375,0.052619487047195435,1.0,0.0011334166629239917,1.0,1.0,0.0,0.0,0.0,0.0011334166629239917,,,,,,,,,,,,,,,,,,,,,,,,,,,,,,,,,,,,,,,,,,,,,,,,,,,,
11,4149,,,0.028066635131835938,0.41534423828125,16.0,1.0,1.0,1.0,1.0,1.0,1.0,1.0,1.0,0.0,0.0,0.0,0.0,0.0,0.0,0.0,0.0,0.0,27.0,1.0,0.001701268251053989,1.0,1.1412353515625,0.9600830078125,0.035663604736328125,0.015625,0.03564453125,0.0,1.0,0.04627440869808197,1.0,16.39229965209961,0.49853515625,0.244140625,0.9200000166893005,0.8966861367225647,0.25439453125,0.9228515625,0.22093722224235535,0.0,0.84375,0.052619487047195435,1.0,0.0006676298216916621,1.0,1.0,0.0,0.0,0.0,0.0006676298216916621,,,,,,,,,,,,,,,,,,,,,,,,,,,,,,,,,,,,,,,,,,,,,,,,,,,,
11,4154,,,0.03102588653564453,0.413665771484375,16.0,1.0,1.0,1.0,1.0,1.0,1.0,1.0,1.0,0.0,0.0,0.0,0.0,0.0,0.0,0.0,0.0,0.0,27.0,1.0,0.00195103429723531,1.0,1.2016639709472656,0.9437255859375,0.03755199909210205,0.015625,0.03759765625,0.0,1.0,0.04462018609046936,1.0,16.41307258605957,0.494140625,0.25537109375,0.8986615538597107,0.91796875,0.23876953125,0.92041015625,0.21163025498390198,0.0,0.65625,0.041015625,1.0,0.0007446207455359399,1.0,1.0,0.0,0.0,0.0,0.0007446207455359399,,,,,,,,,,,,,,,,,,,,,,,,,,,,,,,,,,,,,,,,,,,,,,,,,,,,
11,4159,,,0.028075218200683594,0.406341552734375,16.0,1.0,1.0,1.0,1.0,1.0,1.0,1.0,1.0,0.0,0.0,0.0,0.0,0.0,0.0,0.0,0.0,0.0,27.0,1.0,0.0019060764461755753,1.0,1.2358579635620117,0.973388671875,0.038620561361312866,0.015625,0.03857421875,0.0,1.0,0.043420903384685516,1.0,16.42482566833496,0.51171875,0.25390625,0.8980769515037537,0.9103313684463501,0.2578125,0.9228515625,0.20557618141174316,0.0,0.75,0.046760112047195435,1.0,0.0007778290892019868,1.0,1.0,0.0,0.0,0.0,0.0007778290892019868,,,,,,,,,,,,,,,,,,,,,,,,,,,,,,,,,,,,,,,,,,,,,,,,,,,,
11,4164,,,0.026457786560058594,0.415802001953125,16.0,1.0,1.0,1.0,1.0,1.0,1.0,1.0,1.0,0.0,0.0,0.0,0.0,0.0,0.0,0.0,0.0,0.0,27.0,1.0,0.0018627466633915901,1.0,1.0925798416137695,0.94970703125,0.0341431200504303,0.015625,0.0341796875,0.0,1.0,0.04965145140886307,1.0,16.375574111938477,0.49560546875,0.24658203125,0.908910870552063,0.896484375,0.2490234375,0.919921875,0.2378053069114685,0.0,0.78125,0.048828125,1.0,0.0006772939814254642,1.0,1.0,0.0,0.0,0.0,0.0006772939814254642,,,,,,,,,,,,,,,,,,,,,,,,,,,,,,,,,,,,,,,,,,,,,,,,,,,,
11,4169,,,0.02866077423095703,0.411346435546875,16.0,1.0,1.0,1.0,1.0,1.0,1.0,1.0,1.0,0.0,0.0,0.0,0.0,0.0,0.0,0.0,0.0,0.0,27.0,1.0,0.0025286192540079355,1.0,1.1590862274169922,0.968994140625,0.036221444606781006,0.015625,0.0361328125,0.0,1.0,0.04414265602827072,1.0,16.398435592651367,0.50244140625,0.25146484375,0.9145631194114685,0.9181286692619324,0.2509765625,0.92529296875,0.2082308679819107,0.0,1.0,0.062385112047195435,1.0,0.0008567420300096273,1.0,1.0,0.0,0.0,0.0,0.0008567420300096273,,,,,,,,,,,,,,,,,,,,,,,,,,,,,,,,,,,,,,,,,,,,,,,,,,,,
11,4171,,,,,,,,,,,,,,,,,,,,,,,,,,,,,,,,,,,,,,,,,,,,,,,,,,,,,,,0.02330658584833145,0.4120649993419647,16.0,1.0,1.0,1.0,1.0,1.0,1.0,1.0,1.0,0.0,0.0,0.0,0.0,0.0,0.0,0.0,0.0,0.0,27.0,1.0,0.0028848794754594564,1.0,1.091047763824463,0.9689275622367859,0.034095242619514465,0.015625,0.03406871482729912,0.0,1.0,0.04507101699709892,1.0,16.37504768371582,0.4985795319080353,0.2521306872367859,0.9013931751251221,0.9090909361839294,0.24644885957241058,0.9247159361839294,0.21195544302463531,0.0,0.9545454382896423,0.059659089893102646,1.0,0.0010442084167152643,1.0,1.0,0.0,0.0,0.0,0.0010442084167152643
11,4174,,,0.02830791473388672,0.414154052734375,16.0,1.0,1.0,1.0,1.0,1.0,1.0,1.0,1.0,0.0,0.0,0.0,0.0,0.0,0.0,0.0,0.0,0.0,27.0,1.0,0.002421780489385128,1.0,1.0546140670776367,0.961669921875,0.03295668959617615,0.015625,0.032958984375,0.0,1.0,0.04639747366309166,1.0,16.362524032592773,0.498046875,0.251953125,0.8992248177528381,0.90625,0.24609375,0.9140625,0.2197408378124237,0.0,0.875,0.0546875,1.0,0.000900835613720119,1.0,1.0,0.0,0.0,0.0,0.000900835613720119,,,,,,,,,,,,,,,,,,,,,,,,,,,,,,,,,,,,,,,,,,,,,,,,,,,,
11,4179,,,0.024906158447265625,0.41253662109375,16.0,1.0,1.0,1.0,1.0,1.0,1.0,1.0,1.0,0.0,0.0,0.0,0.0,0.0,0.0,0.0,0.0,0.0,27.0,1.0,0.0023127568420022726,1.0,1.0465574264526367,0.9647216796875,0.0327049195766449,0.015625,0.03271484375,0.0,1.0,0.05355532839894295,1.0,16.35975456237793,0.4990234375,0.25244140625,0.8820115923881531,0.890625,0.24658203125,0.90185546875,0.25500744581222534,0.0,0.9375,0.05859375,1.0,0.001070458791218698,1.0,1.0,0.0,0.0,0.0,0.001070458791218698,,,,,,,,,,,,,,,,,,,,,,,,,,,,,,,,,,,,,,,,,,,,,,,,,,,,
11,4184,,,0.027978897094726562,0.41357421875,16.0,1.0,1.0,1.0,1.0,1.0,1.0,1.0,1.0,0.0,0.0,0.0,0.0,0.0,0.0,0.0,0.0,0.0,27.0,1.0,0.0033368205185979605,1.0,1.0848541259765625,0.9598388671875,0.03390169143676758,0.015625,0.033935546875,0.0,1.0,0.04265342652797699,1.0,16.3729190826416,0.501953125,0.26318359375,0.8831169009208679,0.9296875,0.23876953125,0.927734375,0.19827252626419067,0.0,0.90625,0.056640625,1.0,0.0012059126747772098,1.0,1.0,0.0,0.0,0.0,0.0012059126747772098,,,,,,,,,,,,,,,,,,,,,,,,,,,,,,,,,,,,,,,,,,,,,,,,,,,,
11,4189,,,0.02975940704345703,0.410675048828125,16.0,1.0,1.0,1.0,1.0,1.0,1.0,1.0,1.0,0.0,0.0,0.0,0.0,0.0,0.0,0.0,0.0,0.0,27.0,1.0,0.0024450256023555994,1.0,1.0469818115234375,0.9705810546875,0.03271818161010742,0.015625,0.03271484375,0.0,1.0,0.04207559674978256,1.0,16.359899520874023,0.51025390625,0.25927734375,0.8888888955116272,0.921875,0.2509765625,0.9287109375,0.19770236313343048,0.0,0.875,0.0546875,1.0,0.0009701442322693765,1.0,1.0,0.0,0.0,0.0,0.0009701442322693765,,,,,,,,,,,,,,,,,,,,,,,,,,,,,,,,,,,,,,,,,,,,,,,,,,,,
11,4194,,,0.026309967041015625,0.41607666015625,16.0,1.0,1.0,1.0,1.0,1.0,1.0,1.0,1.0,0.0,0.0,0.0,0.0,0.0,0.0,0.0,0.0,0.0,27.0,1.0,0.0020878533832728863,1.0,1.0230293273925781,0.9630126953125,0.031969666481018066,0.015625,0.031982421875,0.0,1.0,0.044949986040592194,1.0,16.351665496826172,0.50146484375,0.255859375,0.8797709941864014,0.900390625,0.24560546875,0.91259765625,0.21336567401885986,0.0,0.71875,0.044921875,1.0,0.0008509156759828329,1.0,1.0,0.0,0.0,0.0,0.0008509156759828329,,,,,,,,,,,,,,,,,,,,,,,,,,,,,,,,,,,,,,,,,,,,,,,,,,,,
,4200,224.24299599942856,8.027006560350214,,,,,,,,,,,,,,,,,,,,,,,,,,,,,,,,,,,,,,,,,,,,,,,,,,,,,,,,,,,,,,,,,,,,,,,,,,,,,,,,,,,,,,,,,,,,,,,,,,,,,,,,
11,4199,,,0.02723407745361328,0.409271240234375,16.0,1.0,1.0,1.0,1.0,1.0,1.0,1.0,1.0,0.0,0.0,0.0,0.0,0.0,0.0,0.0,0.0,0.0,27.0,1.0,0.002253907499834895,1.0,1.059600830078125,0.967529296875,0.033112525939941406,0.015625,0.033203125,0.0,1.0,0.04088381677865982,1.0,16.364238739013672,0.5029296875,0.255859375,0.9064885377883911,0.927734375,0.2470703125,0.9306640625,0.19218143820762634,0.0,0.96875,0.060546875,1.0,0.0009479517466388643,1.0,1.0,0.0,0.0,0.0,0.0009479517466388643,,,,,,,,,,,,,,,,,,,,,,,,,,,,,,,,,,,,,,,,,,,,,,,,,,,,
11,4204,,,0.026350021362304688,0.41314697265625,16.0,1.0,1.0,1.0,1.0,1.0,1.0,1.0,1.0,0.0,0.0,0.0,0.0,0.0,0.0,0.0,0.0,0.0,27.0,1.0,0.002691815374419093,1.0,1.0080862045288086,0.96630859375,0.03150269389152527,0.015625,0.031494140625,0.0,1.0,0.038894928991794586,1.0,16.346529006958008,0.498046875,0.25634765625,0.9085714221000671,0.9262135624885559,0.24169921875,0.931640625,0.18152466416358948,0.0,0.90625,0.05629595369100571,1.0,0.0010241176933050156,1.0,1.0,0.0,0.0,0.0,0.0010241176933050156,,,,,,,,,,,,,,,,,,,,,,,,,,,,,,,,,,,,,,,,,,,,,,,,,,,,
11,4209,,,0.027436256408691406,0.415802001953125,16.0,1.0,1.0,1.0,1.0,1.0,1.0,1.0,1.0,0.0,0.0,0.0,0.0,0.0,0.0,0.0,0.0,0.0,27.0,1.0,0.0020472658798098564,1.0,1.0035715103149414,0.9691162109375,0.03136160969734192,0.015625,0.03125,0.0,1.0,0.03807928040623665,1.0,16.34497833251953,0.4990234375,0.259765625,0.8947368264198303,0.9296875,0.2392578125,0.92578125,0.17960208654403687,0.0,0.9375,0.05859375,1.0,0.0007470709388144314,1.0,1.0,0.0,0.0,0.0,0.0007470709388144314,,,,,,,,,,,,,,,,,,,,,,,,,,,,,,,,,,,,,,,,,,,,,,,,,,,,
11,4214,,,0.03171348571777344,0.41070556640625,16.0,1.0,1.0,1.0,1.0,1.0,1.0,1.0,1.0,0.0,0.0,0.0,0.0,0.0,0.0,0.0,0.0,0.0,27.0,1.0,0.0020291656255722046,1.0,0.9944705963134766,0.9598388671875,0.031077206134796143,0.015625,0.0311279296875,0.0,1.0,0.032912302762269974,1.0,16.341848373413086,0.49951171875,0.25537109375,0.9120458960533142,0.9280155897140503,0.244140625,0.935546875,0.1540101021528244,0.0,0.84375,0.05250459536910057,1.0,0.0006640598876401782,1.0,1.0,0.0,0.0,0.0,0.0006640598876401782,,,,,,,,,,,,,,,,,,,,,,,,,,,,,,,,,,,,,,,,,,,,,,,,,,,,
11,4219,,,0.029811859130859375,0.4130859375,16.0,1.0,1.0,1.0,1.0,1.0,1.0,1.0,1.0,0.0,0.0,0.0,0.0,0.0,0.0,0.0,0.0,0.0,27.0,1.0,0.0021283049136400223,1.0,0.9795722961425781,0.966064453125,0.030611634254455566,0.015625,0.0306396484375,0.0,1.0,0.03411552682518959,1.0,16.336727142333984,0.50341796875,0.26123046875,0.895327091217041,0.9300971031188965,0.2421875,0.93408203125,0.15984231233596802,0.0,0.90625,0.05629595369100571,1.0,0.00070270273135975,1.0,1.0,0.0,0.0,0.0,0.00070270273135975,,,,,,,,,,,,,,,,,,,,,,,,,,,,,,,,,,,,,,,,,,,,,,,,,,,,
12,4224,,,0.032135009765625,0.41217041015625,16.0,1.0,1.0,1.0,1.0,1.0,1.0,1.0,1.0,0.0,0.0,0.0,0.0,0.0,0.0,0.0,0.0,0.0,27.0,1.0,0.0031108297407627106,1.0,0.9913244247436523,0.9683837890625,0.030978888273239136,0.015625,0.031005859375,0.0,1.0,0.037071049213409424,1.0,16.34076690673828,0.50439453125,0.2587890625,0.8999999761581421,0.9280155897140503,0.24560546875,0.92919921875,0.17248564958572388,0.0,0.96875,0.06031709536910057,1.0,0.0008530663326382637,1.0,1.0,0.0,0.0,0.0,0.0008530663326382637,,,,,,,,,,,,,,,,,,,,,,,,,,,,,,,,,,,,,,,,,,,,,,,,,,,,
12,4229,,,0.025823593139648438,0.41778564453125,16.0,1.0,1.0,1.0,1.0,1.0,1.0,1.0,1.0,0.0,0.0,0.0,0.0,0.0,0.0,0.0,0.0,0.0,27.0,1.0,0.002205634955316782,1.0,1.007176399230957,0.9627685546875,0.03147426247596741,0.015625,0.031494140625,0.0,1.0,0.04777762293815613,1.0,16.346216201782227,0.50146484375,0.2607421875,0.8670411705970764,0.904296875,0.24072265625,0.91162109375,0.2279624044895172,0.0,0.90625,0.056640625,1.0,0.000746069592423737,1.0,1.0,0.0,0.0,0.0,0.000746069592423737,,,,,,,,,,,,,,,,,,,,,,,,,,,,,,,,,,,,,,,,,,,,,,,,,,,,
12,4234,,,0.02801036834716797,0.415496826171875,16.0,1.0,1.0,1.0,1.0,1.0,1.0,1.0,1.0,0.0,0.0,0.0,0.0,0.0,0.0,0.0,0.0,0.0,27.0,1.0,0.0024381973780691624,1.0,0.9571752548217773,0.96875,0.029911726713180542,0.015625,0.0299072265625,0.0,1.0,0.04426836594939232,1.0,16.329029083251953,0.50439453125,0.25390625,0.9038461446762085,0.91796875,0.25048828125,0.9228515625,0.20970827341079712,0.0,0.90625,0.056640625,1.0,0.0008381532970815897,1.0,1.0,0.0,0.0,0.0,0.0008381532970815897,,,,,,,,,,,,,,,,,,,,,,,,,,,,,,,,,,,,,,,,,,,,,,,,,,,,
12,4239,,,0.030037879943847656,0.411407470703125,16.0,1.0,1.0,1.0,1.0,1.0,1.0,1.0,1.0,0.0,0.0,0.0,0.0,0.0,0.0,0.0,0.0,0.0,27.0,1.0,0.0016548781422898173,1.0,0.9658288955688477,0.95556640625,0.03018215298652649,0.015625,0.0301513671875,0.0,1.0,0.04180246964097023,1.0,16.33200454711914,0.50048828125,0.25,0.912109375,0.9103313684463501,0.25048828125,0.9326171875,0.19880245625972748,0.0,0.84375,0.052619487047195435,1.0,0.0007251566858030856,1.0,1.0,0.0,0.0,0.0,0.0007251566858030856,,,,,,,,,,,,,,,,,,,,,,,,,,,,,,,,,,,,,,,,,,,,,,,,,,,,
12,4244,,,0.02960205078125,0.40899658203125,16.0,1.0,1.0,1.0,1.0,1.0,1.0,1.0,1.0,0.0,0.0,0.0,0.0,0.0,0.0,0.0,0.0,0.0,27.0,1.0,0.0017741748597472906,1.0,0.9434413909912109,0.9647216796875,0.029482543468475342,0.015625,0.029541015625,0.0,1.0,0.04080333188176155,1.0,16.324308395385742,0.49658203125,0.251953125,0.9224806427955627,0.9296875,0.24462890625,0.93017578125,0.19373786449432373,0.0,0.90625,0.056640625,1.0,0.0007249160553328693,1.0,1.0,0.0,0.0,0.0,0.0007249160553328693,,,,,,,,,,,,,,,,,,,,,,,,,,,,,,,,,,,,,,,,,,,,,,,,,,,,
12,4249,,,0.02966594696044922,0.412445068359375,16.0,1.0,1.0,1.0,1.0,1.0,1.0,1.0,1.0,0.0,0.0,0.0,0.0,0.0,0.0,0.0,0.0,0.0,27.0,1.0,0.0021530683152377605,1.0,0.9656105041503906,0.9605712890625,0.030175328254699707,0.015625,0.0301513671875,0.0,1.0,0.04170703887939453,1.0,16.331928253173828,0.50439453125,0.26025390625,0.908067524433136,0.9453125,0.244140625,0.93701171875,0.19742342829704285,0.0,0.875,0.0546875,1.0,0.0007847044616937637,1.0,1.0,0.0,0.0,0.0,0.0007847044616937637,,,,,,,,,,,,,,,,,,,,,,,,,,,,,,,,,,,,,,,,,,,,,,,,,,,,
12,4254,,,0.02420330047607422,0.415313720703125,16.0,1.0,1.0,1.0,1.0,1.0,1.0,1.0,1.0,0.0,0.0,0.0,0.0,0.0,0.0,0.0,0.0,0.0,27.0,1.0,0.0015288996510207653,1.0,0.914402961730957,0.9678955078125,0.028575092554092407,0.015625,0.028564453125,0.0,1.0,0.04230920970439911,1.0,16.3143253326416,0.50244140625,0.24658203125,0.9227722883224487,0.91015625,0.255859375,0.92431640625,0.20242705941200256,0.0,0.96875,0.060546875,1.0,0.0006273335893638432,1.0,1.0,0.0,0.0,0.0,0.0006273335893638432,,,,,,,,,,,,,,,,,,,,,,,,,,,,,,,,,,,,,,,,,,,,,,,,,,,,
12,4259,,,0.028406143188476562,0.408203125,16.0,1.0,1.0,1.0,1.0,1.0,1.0,1.0,1.0,0.0,0.0,0.0,0.0,0.0,0.0,0.0,0.0,0.0,27.0,1.0,0.001866719569079578,1.0,0.8862819671630859,0.9776611328125,0.027696311473846436,0.015625,0.0277099609375,0.0,1.0,0.04042496532201767,1.0,16.304658889770508,0.5029296875,0.2578125,0.9147727489471436,0.943359375,0.2451171875,0.93505859375,0.19197797775268555,0.0,1.0,0.0625,1.0,0.0007254985976032913,1.0,1.0,0.0,0.0,0.0,0.0007254985976032913,,,,,,,,,,,,,,,,,,,,,,,,,,,,,,,,,,,,,,,,,,,,,,,,,,,,
12,4264,,,0.02548503875732422,0.414093017578125,16.0,1.0,1.0,1.0,1.0,1.0,1.0,1.0,1.0,0.0,0.0,0.0,0.0,0.0,0.0,0.0,0.0,0.0,27.0,1.0,0.0020239914301782846,1.0,0.9221954345703125,0.9677734375,0.028818607330322266,0.015625,0.02880859375,0.0,1.0,0.04461907595396042,1.0,16.317005157470703,0.501953125,0.2568359375,0.8973383903503418,0.921875,0.2451171875,0.92236328125,0.21199026703834534,0.0,0.875,0.0546875,1.0,0.0008841545204631984,1.0,1.0,0.0,0.0,0.0,0.0008841545204631984,,,,,,,,,,,,,,,,,,,,,,,,,,,,,,,,,,,,,,,,,,,,,,,,,,,,
12,4269,,,0.025478363037109375,0.41290283203125,16.0,1.0,1.0,1.0,1.0,1.0,1.0,1.0,1.0,0.0,0.0,0.0,0.0,0.0,0.0,0.0,0.0,0.0,27.0,1.0,0.0026554486248642206,1.0,0.8880186080932617,0.9644775390625,0.02775058150291443,0.015625,0.0277099609375,0.0,1.0,0.046231962740421295,1.0,16.305255889892578,0.5,0.26123046875,0.8934579491615295,0.929961085319519,0.23876953125,0.92041015625,0.21955962479114532,0.0,0.9375,0.05859375,1.0,0.000848261290229857,1.0,1.0,0.0,0.0,0.0,0.000848261290229857,,,,,,,,,,,,,,,,,,,,,,,,,,,,,,,,,,,,,,,,,,,,,,,,,,,,
12,4274,,,0.03466796875,0.41473388671875,16.0,1.0,1.0,1.0,1.0,1.0,1.0,1.0,1.0,0.0,0.0,0.0,0.0,0.0,0.0,0.0,0.0,0.0,27.0,1.0,0.001561370794661343,1.0,0.9026918411254883,0.9654541015625,0.02820912003517151,0.015625,0.0281982421875,0.0,1.0,0.04504166543483734,1.0,16.310300827026367,0.48828125,0.2568359375,0.9296578168869019,0.955078125,0.2314453125,0.9375,0.21496769785881042,0.0,0.875,0.0546875,1.0,0.0007465269300155342,1.0,1.0,0.0,0.0,0.0,0.0007465269300155342,,,,,,,,,,,,,,,,,,,,,,,,,,,,,,,,,,,,,,,,,,,,,,,,,,,,
12,4279,,,0.028586387634277344,0.419647216796875,16.0,0.96875,0.998046875,1.0,1.0,1.0,1.0,1.0,1.0,0.0,0.0,1.0,0.03125,0.0,0.0,0.0,0.00048828125,0.0,27.0,0.96875,0.0035855507012456656,1.0,0.9049901962280273,0.96142578125,0.028280943632125854,0.015625,0.0283203125,0.0,0.96875,0.047648727893829346,1.0,16.31109046936035,0.4873046875,0.263671875,0.9018518328666687,0.9419729113578796,0.2236328125,0.9296875,0.22131004929542542,0.0,0.90625,0.056066177785396576,0.99951171875,0.001639889320358634,1.0,1.0,0.0,0.0,0.0,0.001639889320358634,,,,,,,,,,,,,,,,,,,,,,,,,,,,,,,,,,,,,,,,,,,,,,,,,,,,
12,4284,,,0.030073165893554688,0.41265869140625,16.0,1.0,1.0,1.0,1.0,1.0,1.0,1.0,1.0,0.0,0.0,0.0,0.0,0.0,0.0,0.0,0.0,0.0,27.0,1.0,0.0019409365486353636,1.0,0.8744583129882812,0.955810546875,0.02732682228088379,0.015625,0.02734375,0.0,1.0,0.044275589287281036,1.0,16.300594329833984,0.49853515625,0.251953125,0.9282945990562439,0.935546875,0.24658203125,0.9287109375,0.2101757675409317,0.0,0.84375,0.052734375,1.0,0.0009089669329114258,1.0,1.0,0.0,0.0,0.0,0.0009089669329114258,,,,,,,,,,,,,,,,,,,,,,,,,,,,,,,,,,,,,,,,,,,,,,,,,,,,
12,4289,,,0.032212257385253906,0.412872314453125,16.0,1.0,1.0,1.0,1.0,1.0,1.0,1.0,1.0,0.0,0.0,0.0,0.0,0.0,0.0,0.0,0.0,0.0,27.0,1.0,0.0020391158759593964,1.0,0.8558521270751953,0.973876953125,0.026745378971099854,0.015625,0.0267333984375,0.0,1.0,0.053290288895368576,1.0,16.294198989868164,0.494140625,0.24853515625,0.9273084402084351,0.9182879328727722,0.24560546875,0.91064453125,0.2535797357559204,0.0,1.0,0.06227022036910057,1.0,0.0012083803303539753,1.0,1.0,0.0,0.0,0.0,0.0012083803303539753,,,,,,,,,,,,,,,,,,,,,,,,,,,,,,,,,,,,,,,,,,,,,,,,,,,,
12,4294,,,0.024770736694335938,0.415283203125,16.0,1.0,1.0,1.0,1.0,1.0,1.0,1.0,1.0,0.0,0.0,0.0,0.0,0.0,0.0,0.0,0.0,0.0,27.0,1.0,0.0022628684528172016,1.0,0.8226327896118164,0.970458984375,0.025707274675369263,0.015625,0.0257568359375,0.0,1.0,0.05166160315275192,1.0,16.282779693603516,0.49365234375,0.25146484375,0.8990291357040405,0.8990291357040405,0.2421875,0.91357421875,0.24526643753051758,0.0,1.0,0.06215532869100571,1.0,0.0012799048563465476,1.0,1.0,0.0,0.0,0.0,0.0012799048563465476,,,,,,,,,,,,,,,,,,,,,,,,,,,,,,,,,,,,,,,,,,,,,,,,,,,,
,4300,211.39603325130233,8.041778144337659,,,,,,,,,,,,,,,,,,,,,,,,,,,,,,,,,,,,,,,,,,,,,,,,,,,,,,,,,,,,,,,,,,,,,,,,,,,,,,,,,,,,,,,,,,,,,,,,,,,,,,,,
12,4299,,,0.02962779998779297,0.412078857421875,16.0,1.0,1.0,1.0,1.0,0.96875,0.998046875,1.0,1.0,0.0,0.0,1.0,0.03125,0.0,0.0,0.0,0.00048828125,0.0,27.0,0.96875,0.007725478615611792,1.0,0.8558416366577148,0.9661865234375,0.02674505114555359,0.015625,0.0267333984375,0.0,1.0,0.05341356620192528,0.999504029750824,16.2941951751709,0.4951171875,0.25830078125,0.8827977180480957,0.912109375,0.23681640625,0.9189453125,0.22232136130332947,0.0,1.0,0.0625,0.99951171875,0.006187588907778263,1.0,1.0,0.0,0.0,0.0,0.006187588907778263,,,,,,,,,,,,,,,,,,,,,,,,,,,,,,,,,,,,,,,,,,,,,,,,,,,,
12,4304,,,0.03301429748535156,0.40972900390625,16.0,1.0,1.0,1.0,1.0,1.0,1.0,0.9375,0.99609375,0.0,0.0,1.0,0.0625,0.0,0.0,0.4499988555908203,0.0009765625,0.0,27.0,0.9375,0.0111106988042593,1.0,0.7942218780517578,0.9674072265625,0.02481943368911743,0.015625,0.0247802734375,0.0,1.0,0.06092415750026703,0.9990079998970032,16.273014068603516,0.49462890625,0.25830078125,0.8960302472114563,0.9239766001701355,0.236328125,0.90869140625,0.2398751974105835,0.0,1.0,0.062385112047195435,0.9990234375,0.009345386177301407,0.9990234375,0.9990234375,0.0,0.0,0.0,0.009345386177301407,,,,,,,,,,,,,,,,,,,,,,,,,,,,,,,,,,,,,,,,,,,,,,,,,,,,
12,4309,,,0.027738571166992188,0.4134521484375,16.0,1.0,1.0,1.0,1.0,1.0,1.0,1.0,1.0,0.0,0.0,0.0,0.0,0.0,0.0,0.0,0.0,0.0,27.0,1.0,0.002145003993064165,1.0,0.8332738876342773,0.966552734375,0.026039808988571167,0.015625,0.0260009765625,0.0,1.0,0.05888042971491814,1.0,16.28643798828125,0.49267578125,0.2578125,0.8863636255264282,0.9105058312416077,0.23486328125,0.8876953125,0.28310662508010864,0.0,0.90625,0.05641084536910057,1.0,0.0009266707929782569,1.0,1.0,0.0,0.0,0.0,0.0009266707929782569,,,,,,,,,,,,,,,,,,,,,,,,,,,,,,,,,,,,,,,,,,,,,,,,,,,,
12,4314,,,0.031015396118164062,0.41156005859375,16.0,1.0,1.0,1.0,1.0,1.0,1.0,1.0,1.0,0.0,0.0,0.0,0.0,0.0,0.0,0.0,0.0,0.0,27.0,1.0,0.004825213924050331,1.0,0.8922529220581055,0.9647216796875,0.027882903814315796,0.015625,0.02783203125,0.0,1.0,0.07275406271219254,1.0,16.306711196899414,0.49755859375,0.2490234375,0.8784313797950745,0.875,0.24853515625,0.875,0.34694021940231323,0.0,0.96875,0.060546875,1.0,0.001292611937969923,1.0,1.0,0.0,0.0,0.0,0.001292611937969923,,,,,,,,,,,,,,,,,,,,,,,,,,,,,,,,,,,,,,,,,,,,,,,,,,,,
12,4319,,,0.03024005889892578,0.416778564453125,16.0,1.0,1.0,1.0,1.0,1.0,1.0,1.0,1.0,0.0,0.0,0.0,0.0,0.0,0.0,0.0,0.0,0.0,27.0,1.0,0.0060222093015909195,1.0,0.9075241088867188,0.9608154296875,0.02836012840270996,0.015625,0.0283203125,0.0,1.0,0.07406339794397354,1.0,16.311962127685547,0.486328125,0.255859375,0.8721374273300171,0.892578125,0.23046875,0.8828125,0.34552285075187683,0.0,0.96875,0.060546875,1.0,0.0025862939655780792,1.0,1.0,0.0,0.0,0.0,0.0025862939655780792,,,,,,,,,,,,,,,,,,,,,,,,,,,,,,,,,,,,,,,,,,,,,,,,,,,,
12,4324,,,0.028946876525878906,0.411224365234375,16.0,1.0,1.0,1.0,1.0,1.0,1.0,1.0,1.0,0.0,0.0,0.0,0.0,0.0,0.0,0.0,0.0,0.0,27.0,1.0,0.0047580525279045105,1.0,0.9212656021118164,0.9495849609375,0.028789550065994263,0.015625,0.02880859375,0.0,1.0,0.06345506012439728,1.0,16.31668472290039,0.4697265625,0.27001953125,0.8481012582778931,0.9106796383857727,0.19970703125,0.88623046875,0.2966296374797821,0.0,0.78125,0.048713237047195435,1.0,0.0020741294138133526,1.0,1.0,0.0,0.0,0.0,0.0020741294138133526,,,,,,,,,,,,,,,,,,,,,,,,,,,,,,,,,,,,,,,,,,,,,,,,,,,,
12,4329,,,0.03091907501220703,0.412872314453125,16.0,1.0,1.0,1.0,1.0,1.0,1.0,1.0,1.0,0.0,0.0,0.0,0.0,0.0,0.0,0.0,0.0,0.0,27.0,1.0,0.002140562981367111,1.0,0.9741582870483398,0.964599609375,0.03044244647026062,0.015625,0.0303955078125,0.0,1.0,0.05879673361778259,1.0,16.334867477416992,0.5048828125,0.27001953125,0.8481012582778931,0.916015625,0.23486328125,0.8935546875,0.2825860381126404,0.0,0.78125,0.048828125,1.0,0.0008286547381430864,1.0,1.0,0.0,0.0,0.0,0.0008286547381430864,,,,,,,,,,,,,,,,,,,,,,,,,,,,,,,,,,,,,,,,,,,,,,,,,,,,
12,4334,,,0.026742935180664062,0.415283203125,16.0,1.0,1.0,1.0,1.0,1.0,1.0,1.0,1.0,0.0,0.0,0.0,0.0,0.0,0.0,0.0,0.0,0.0,27.0,1.0,0.0026551317423582077,1.0,1.0348567962646484,0.9442138671875,0.032339274883270264,0.015625,0.0322265625,0.0,1.0,0.05184878408908844,1.0,16.355731964111328,0.494140625,0.25830078125,0.8884688019752502,0.91796875,0.23583984375,0.91064453125,0.24712714552879333,0.0,0.46875,0.029296875,1.0,0.0008474555215798318,1.0,1.0,0.0,0.0,0.0,0.0008474555215798318,,,,,,,,,,,,,,,,,,,,,,,,,,,,,,,,,,,,,,,,,,,,,,,,,,,,
12,4339,,,0.024770736694335938,0.41473388671875,16.0,1.0,1.0,1.0,1.0,1.0,1.0,1.0,1.0,0.0,0.0,0.0,0.0,0.0,0.0,0.0,0.0,0.0,27.0,1.0,0.0035824596416205168,1.0,1.0566749572753906,0.94970703125,0.03302109241485596,0.015625,0.032958984375,0.0,1.0,0.054545119404792786,1.0,16.363231658935547,0.50146484375,0.25830078125,0.8714555501937866,0.900390625,0.2431640625,0.90478515625,0.2568728029727936,0.0,0.71875,0.044921875,1.0,0.0013672936474904418,1.0,1.0,0.0,0.0,0.0,0.0013672936474904418,,,,,,,,,,,,,,,,,,,,,,,,,,,,,,,,,,,,,,,,,,,,,,,,,,,,
12,4344,,,0.028314590454101562,0.410888671875,16.0,1.0,1.0,1.0,1.0,1.0,1.0,1.0,1.0,0.0,0.0,0.0,0.0,0.0,0.0,0.0,0.0,0.0,27.0,1.0,0.0018486295593902469,1.0,1.0257244110107422,0.959716796875,0.03205388784408569,0.015625,0.031982421875,0.0,1.0,0.047697558999061584,1.0,16.35259246826172,0.50244140625,0.2578125,0.876893937587738,0.904296875,0.24462890625,0.919921875,0.22729384899139404,0.0,0.875,0.0546875,1.0,0.0008526166784577072,1.0,1.0,0.0,0.0,0.0,0.0008526166784577072,,,,,,,,,,,,,,,,,,,,,,,,,,,,,,,,,,,,,,,,,,,,,,,,,,,,
12,4349,,,0.025541305541992188,0.4129638671875,16.0,1.0,1.0,1.0,1.0,1.0,1.0,1.0,1.0,0.0,0.0,0.0,0.0,0.0,0.0,0.0,0.0,0.0,27.0,1.0,0.0019159135408699512,1.0,1.0444831848144531,0.970703125,0.03264009952545166,0.015625,0.03271484375,0.0,1.0,0.047176118940114975,1.0,16.359041213989258,0.50634765625,0.263671875,0.8722222447395325,0.919921875,0.24267578125,0.92138671875,0.22526346147060394,0.0,1.0,0.0625,1.0,0.000732906861230731,1.0,1.0,0.0,0.0,0.0,0.000732906861230731,,,,,,,,,,,,,,,,,,,,,,,,,,,,,,,,,,,,,,,,,,,,,,,,,,,,
12,4354,,,0.03039264678955078,0.412078857421875,16.0,1.0,1.0,1.0,1.0,1.0,1.0,1.0,1.0,0.0,0.0,0.0,0.0,0.0,0.0,0.0,0.0,0.0,27.0,1.0,0.0032819625921547413,1.0,1.1121406555175781,0.9765625,0.034754395484924316,0.015625,0.03466796875,0.0,1.0,0.04844702035188675,1.0,16.38229751586914,0.49951171875,0.26953125,0.8586956262588501,0.92578125,0.22998046875,0.9130859375,0.22877681255340576,0.0,1.0,0.0625,1.0,0.0008729626424610615,1.0,1.0,0.0,0.0,0.0,0.0008729626424610615,,,,,,,,,,,,,,,,,,,,,,,,,,,,,,,,,,,,,,,,,,,,,,,,,,,,
12,4359,,,0.02709674835205078,0.411712646484375,16.0,1.0,1.0,1.0,1.0,1.0,1.0,1.0,1.0,0.0,0.0,0.0,0.0,0.0,0.0,0.0,0.0,0.0,27.0,1.0,0.004197106231004,1.0,1.073028564453125,0.9732666015625,0.033532142639160156,0.015625,0.033447265625,0.0,1.0,0.0490233339369297,1.0,16.368854522705078,0.509765625,0.25830078125,0.8827977180480957,0.912109375,0.25146484375,0.91650390625,0.23005357384681702,0.0,1.0,0.0625,1.0,0.0010248036123812199,1.0,1.0,0.0,0.0,0.0,0.0010248036123812199,,,,,,,,,,,,,,,,,,,,,,,,,,,,,,,,,,,,,,,,,,,,,,,,,,,,
12,4364,,,0.029791831970214844,0.410125732421875,16.0,1.0,1.0,1.0,1.0,1.0,1.0,1.0,1.0,0.0,0.0,0.0,0.0,0.0,0.0,0.0,0.0,0.0,27.0,1.0,0.0039934394881129265,1.0,1.0485610961914062,0.9749755859375,0.032767534255981445,0.015625,0.03271484375,0.0,1.0,0.04746013879776001,1.0,16.360443115234375,0.494140625,0.25390625,0.8942307829856873,0.9064327478408813,0.240234375,0.927734375,0.22221192717552185,0.0,1.0,0.062385112047195435,1.0,0.0010653457138687372,1.0,1.0,0.0,0.0,0.0,0.0010653457138687372,,,,,,,,,,,,,,,,,,,,,,,,,,,,,,,,,,,,,,,,,,,,,,,,,,,,
12,4369,,,0.02808094024658203,0.416961669921875,16.0,1.0,1.0,1.0,1.0,1.0,1.0,1.0,1.0,0.0,0.0,0.0,0.0,0.0,0.0,0.0,0.0,0.0,27.0,1.0,0.0017515885410830379,1.0,1.0368413925170898,0.96533203125,0.03240129351615906,0.015625,0.032470703125,0.0,1.0,0.040890224277973175,1.0,16.356414794921875,0.50390625,0.25244140625,0.8897485733032227,0.8966861367225647,0.25146484375,0.9248046875,0.1945735663175583,0.0,0.96875,0.060431987047195435,1.0,0.0006083034677430987,1.0,1.0,0.0,0.0,0.0,0.0006083034677430987,,,,,,,,,,,,,,,,,,,,,,,,,,,,,,,,,,,,,,,,,,,,,,,,,,,,
12,4374,,,0.03142547607421875,0.4090576171875,16.0,1.0,1.0,1.0,1.0,0.875,0.9921875,1.0,1.0,0.0,0.0,1.0,0.125,0.0,0.8999996185302734,1.0,0.001953125,0.0,27.0,0.875,0.006856066174805164,1.0,1.040266990661621,0.9622802734375,0.03250834345817566,0.015625,0.032470703125,0.0,1.0,0.04871032387018204,0.9980159401893616,16.35759162902832,0.50244140625,0.25244140625,0.8994197249412537,0.9011628031730652,0.25,0.9287109375,0.2097102403640747,0.0,1.0,0.06204044073820114,0.998046875,0.0040915054269135,1.0,1.0,0.0,0.0,0.0,0.0040915054269135,,,,,,,,,,,,,,,,,,,,,,,,,,,,,,,,,,,,,,,,,,,,,,,,,,,,
12,4379,,,0.028029441833496094,0.410797119140625,16.0,1.0,1.0,1.0,1.0,0.96875,0.998046875,1.0,1.0,0.0,0.0,1.0,0.03125,0.0,0.0,0.0,0.00048828125,0.0,27.0,0.96875,0.0025997236371040344,1.0,1.021718978881836,0.94482421875,0.03192871809005737,0.015625,0.031982421875,0.0,1.0,0.04726571589708328,0.999504029750824,16.351215362548828,0.50341796875,0.25,0.888671875,0.8869395852088928,0.25341796875,0.92041015625,0.22258871793746948,0.0,0.84375,0.052619487047195435,0.99951171875,0.0011768779950216413,1.0,1.0,0.0,0.0,0.0,0.0011768779950216413,,,,,,,,,,,,,,,,,,,,,,,,,,,,,,,,,,,,,,,,,,,,,,,,,,,,
12,4384,,,0.029783248901367188,0.4052734375,16.0,1.0,1.0,1.0,1.0,1.0,1.0,1.0,1.0,0.0,0.0,0.0,0.0,0.0,0.0,0.0,0.0,0.0,27.0,1.0,0.0020313276909291744,1.0,1.0103120803833008,0.9613037109375,0.03157225251197815,0.015625,0.031494140625,0.0,1.0,0.03856463357806206,1.0,16.347293853759766,0.49755859375,0.25390625,0.9038461446762085,0.91796875,0.24365234375,0.93603515625,0.1818847358226776,0.0,0.9375,0.05859375,1.0,0.0007525958935730159,1.0,1.0,0.0,0.0,0.0,0.0007525958935730159,,,,,,,,,,,,,,,,,,,,,,,,,,,,,,,,,,,,,,,,,,,,,,,,,,,,
12,4389,,,0.027052879333496094,0.403961181640625,16.0,1.0,1.0,1.0,1.0,1.0,1.0,1.0,1.0,0.0,0.0,0.0,0.0,0.0,0.0,0.0,0.0,0.0,27.0,1.0,0.002244749339297414,1.0,0.9624652862548828,0.967041015625,0.030077040195465088,0.015625,0.030029296875,0.0,1.0,0.038716524839401245,1.0,16.330846786499023,0.49462890625,0.25634765625,0.9009523987770081,0.923828125,0.23828125,0.931640625,0.18142729997634888,0.0,0.9375,0.05859375,1.0,0.0010004396317526698,1.0,1.0,0.0,0.0,0.0,0.0010004396317526698,,,,,,,,,,,,,,,,,,,,,,,,,,,,,,,,,,,,,,,,,,,,,,,,,,,,
12,4394,,,0.029516220092773438,0.40478515625,16.0,1.0,1.0,1.0,1.0,1.0,1.0,1.0,1.0,0.0,0.0,0.0,0.0,0.0,0.0,0.0,0.0,0.0,27.0,1.0,0.0019838742446154356,1.0,0.9979448318481445,0.974609375,0.031185775995254517,0.015625,0.0311279296875,0.0,1.0,0.03709542751312256,1.0,16.34304428100586,0.4921875,0.26416015625,0.8909426927566528,0.94140625,0.22802734375,0.9384765625,0.174549400806427,0.0,1.0,0.0625,1.0,0.0007726183393970132,1.0,1.0,0.0,0.0,0.0,0.0007726183393970132,,,,,,,,,,,,,,,,,,,,,,,,,,,,,,,,,,,,,,,,,,,,,,,,,,,,
,4400,198.6137924734545,8.055835297610795,,,,,,,,,,,,,,,,,,,,,,,,,,,,,,,,,,,,,,,,,,,,,,,,,,,,,,,,,,,,,,,,,,,,,,,,,,,,,,,,,,,,,,,,,,,,,,,,,,,,,,,,
12,4399,,,0.02976512908935547,0.410308837890625,16.0,1.0,1.0,1.0,1.0,1.0,1.0,1.0,1.0,0.0,0.0,0.0,0.0,0.0,0.0,0.0,0.0,0.0,27.0,1.0,0.0015261323424056172,1.0,0.9311714172363281,0.951416015625,0.029099106788635254,0.015625,0.029052734375,0.0,1.0,0.038776807487010956,1.0,16.32008934020996,0.498046875,0.25244140625,0.8800773620605469,0.888671875,0.24560546875,0.92138671875,0.18455922603607178,0.0,1.0,0.0625,1.0,0.0006059447769075632,1.0,1.0,0.0,0.0,0.0,0.0006059447769075632,,,,,,,,,,,,,,,,,,,,,,,,,,,,,,,,,,,,,,,,,,,,,,,,,,,,
12,4404,,,0.030325889587402344,0.408233642578125,16.0,1.0,1.0,1.0,1.0,1.0,1.0,1.0,1.0,0.0,0.0,0.0,0.0,0.0,0.0,0.0,0.0,0.0,27.0,1.0,0.0018806778825819492,1.0,0.9441404342651367,0.9605712890625,0.029504388570785522,0.015625,0.029541015625,0.0,1.0,0.03874576836824417,1.0,16.324548721313477,0.50390625,0.25,0.908203125,0.908203125,0.25390625,0.9296875,0.18342775106430054,0.0,1.0,0.0625,1.0,0.0006955091375857592,1.0,1.0,0.0,0.0,0.0,0.0006955091375857592,,,,,,,,,,,,,,,,,,,,,,,,,,,,,,,,,,,,,,,,,,,,,,,,,,,,
12,4409,,,0.027838706970214844,0.407501220703125,16.0,1.0,1.0,1.0,1.0,1.0,1.0,1.0,1.0,0.0,0.0,0.0,0.0,0.0,0.0,0.0,0.0,0.0,27.0,1.0,0.001894850516691804,1.0,0.9501504898071289,0.9608154296875,0.02969220280647278,0.015625,0.0296630859375,0.0,1.0,0.03734148293733597,1.0,16.326614379882812,0.5029296875,0.24951171875,0.9099804162979126,0.9064327478408813,0.25341796875,0.9365234375,0.1758962869644165,0.0,1.0,0.062385112047195435,1.0,0.0008150337962433696,1.0,1.0,0.0,0.0,0.0,0.0008150337962433696,,,,,,,,,,,,,,,,,,,,,,,,,,,,,,,,,,,,,,,,,,,,,,,,,,,,
12,4414,,,0.02881622314453125,0.40789794921875,16.0,1.0,1.0,1.0,1.0,1.0,1.0,1.0,1.0,0.0,0.0,0.0,0.0,0.0,0.0,0.0,0.0,0.0,27.0,1.0,0.0017427817219868302,1.0,0.9054574966430664,0.95947265625,0.028295546770095825,0.015625,0.0283203125,0.0,1.0,0.032322075217962265,1.0,16.311250686645508,0.50146484375,0.251953125,0.9186046719551086,0.92578125,0.24951171875,0.94970703125,0.15174296498298645,0.0,1.0,0.0625,1.0,0.0006850473582744598,1.0,1.0,0.0,0.0,0.0,0.0006850473582744598,,,,,,,,,,,,,,,,,,,,,,,,,,,,,,,,,,,,,,,,,,,,,,,,,,,,
12,4419,,,0.032509803771972656,0.399810791015625,16.0,1.0,1.0,1.0,1.0,1.0,1.0,1.0,1.0,0.0,0.0,0.0,0.0,0.0,0.0,0.0,0.0,0.0,27.0,1.0,0.0024696062318980694,1.0,0.9307079315185547,0.9658203125,0.029084622859954834,0.015625,0.029052734375,0.0,1.0,0.03934423625469208,1.0,16.319931030273438,0.50634765625,0.25439453125,0.8982725739479065,0.9034749269485474,0.251953125,0.93212890625,0.18158769607543945,0.0,0.84375,0.052619487047195435,1.0,0.0015043651219457388,1.0,1.0,0.0,0.0,0.0,0.0015043651219457388,,,,,,,,,,,,,,,,,,,,,,,,,,,,,,,,,,,,,,,,,,,,,,,,,,,,
12,4424,,,0.03708076477050781,0.401123046875,16.0,1.0,1.0,1.0,1.0,1.0,1.0,1.0,1.0,0.0,0.0,0.0,0.0,0.0,0.0,0.0,0.0,0.0,27.0,1.0,0.0027813988272100687,1.0,0.9292774200439453,0.9705810546875,0.02903991937637329,0.015625,0.029052734375,0.0,1.0,0.035938531160354614,1.0,16.319438934326172,0.505859375,0.263671875,0.8925926089286804,0.94140625,0.2421875,0.9365234375,0.1667017638683319,0.0,1.0,0.0625,1.0,0.0009521868196316063,1.0,1.0,0.0,0.0,0.0,0.0009521868196316063,,,,,,,,,,,,,,,,,,,,,,,,,,,,,,,,,,,,,,,,,,,,,,,,,,,,
12,4429,,,0.02783679962158203,0.406463623046875,16.0,1.0,1.0,1.0,1.0,1.0,1.0,1.0,1.0,0.0,0.0,0.0,0.0,0.0,0.0,0.0,0.0,0.0,27.0,1.0,0.0024496177211403847,1.0,0.9127979278564453,0.9627685546875,0.028524935245513916,0.015625,0.028564453125,0.0,1.0,0.03776482120156288,1.0,16.31377410888672,0.5,0.2509765625,0.8949416279792786,0.8984375,0.2490234375,0.9296875,0.17711012065410614,0.0,0.9375,0.05859375,1.0,0.0008798193302936852,1.0,1.0,0.0,0.0,0.0,0.0008798193302936852,,,,,,,,,,,,,,,,,,,,,,,,,,,,,,,,,,,,,,,,,,,,,,,,,,,,
12,4434,,,0.033272743225097656,0.401824951171875,16.0,1.0,1.0,1.0,1.0,1.0,1.0,1.0,1.0,0.0,0.0,0.0,0.0,0.0,0.0,0.0,0.0,0.0,27.0,1.0,0.0020101871341466904,1.0,0.8841323852539062,0.9677734375,0.02762913703918457,0.015625,0.027587890625,0.0,1.0,0.03780512139201164,1.0,16.30392074584961,0.49853515625,0.2548828125,0.8984674215316772,0.916015625,0.24365234375,0.93115234375,0.17838189005851746,0.0,1.0,0.0625,1.0,0.0007403373601846397,1.0,1.0,0.0,0.0,0.0,0.0007403373601846397,,,,,,,,,,,,,,,,,,,,,,,,,,,,,,,,,,,,,,,,,,,,,,,,,,,,
12,4439,,,0.026884078979492188,0.41070556640625,16.0,1.0,1.0,1.0,1.0,1.0,1.0,1.0,1.0,0.0,0.0,0.0,0.0,0.0,0.0,0.0,0.0,0.0,27.0,1.0,0.0014249240048229694,1.0,0.8847265243530273,0.95849609375,0.027647703886032104,0.015625,0.027587890625,0.0,1.0,0.0353003665804863,1.0,16.30412483215332,0.5,0.24658203125,0.9207921028137207,0.908203125,0.25341796875,0.939453125,0.1680644303560257,0.0,0.96875,0.060546875,1.0,0.0005092763458378613,1.0,1.0,0.0,0.0,0.0,0.0005092763458378613,,,,,,,,,,,,,,,,,,,,,,,,,,,,,,,,,,,,,,,,,,,,,,,,,,,,
12,4444,,,0.032207489013671875,0.41009521484375,16.0,1.0,1.0,1.0,1.0,1.0,1.0,1.0,1.0,0.0,0.0,0.0,0.0,0.0,0.0,0.0,0.0,0.0,27.0,1.0,0.0014889456797391176,1.0,0.8964614868164062,0.9598388671875,0.028014421463012695,0.015625,0.0279541015625,0.0,1.0,0.038136307150125504,1.0,16.30815887451172,0.4970703125,0.255859375,0.8969465494155884,0.91796875,0.2412109375,0.9296875,0.18161480128765106,0.0,1.0,0.0625,1.0,0.0005582728190347552,1.0,1.0,0.0,0.0,0.0,0.0005582728190347552,,,,,,,,,,,,,,,,,,,,,,,,,,,,,,,,,,,,,,,,,,,,,,,,,,,,
12,4449,,,0.028451919555664062,0.40667724609375,16.0,1.0,1.0,1.0,1.0,1.0,1.0,1.0,1.0,0.0,0.0,0.0,0.0,0.0,0.0,0.0,0.0,0.0,27.0,1.0,0.00231163646094501,1.0,0.8949651718139648,0.9453125,0.0279676616191864,0.015625,0.0279541015625,0.0,1.0,0.04163862392306328,1.0,16.30764389038086,0.494140625,0.2568359375,0.9030418395996094,0.9259259104728699,0.2373046875,0.93212890625,0.19667421281337738,0.0,0.90625,0.056525737047195435,1.0,0.0008805904071778059,1.0,1.0,0.0,0.0,0.0,0.0008805904071778059,,,,,,,,,,,,,,,,,,,,,,,,,,,,,,,,,,,,,,,,,,,,,,,,,,,,
12,4454,,,0.027263641357421875,0.40899658203125,16.0,1.0,1.0,1.0,1.0,1.0,1.0,1.0,1.0,0.0,0.0,0.0,0.0,0.0,0.0,0.0,0.0,0.0,27.0,1.0,0.0021296674385666847,1.0,0.8894681930541992,0.9503173828125,0.027795881032943726,0.015625,0.02783203125,0.0,1.0,0.03860335052013397,1.0,16.305755615234375,0.49853515625,0.2548828125,0.8984674215316772,0.9142300486564636,0.24365234375,0.9326171875,0.18241426348686218,0.0,0.84375,0.052619487047195435,1.0,0.0007585006533190608,1.0,1.0,0.0,0.0,0.0,0.0007585006533190608,,,,,,,,,,,,,,,,,,,,,,,,,,,,,,,,,,,,,,,,,,,,,,,,,,,,
12,4459,,,0.02978992462158203,0.408721923828125,16.0,1.0,1.0,1.0,1.0,1.0,1.0,1.0,1.0,0.0,0.0,0.0,0.0,0.0,0.0,0.0,0.0,0.0,27.0,1.0,0.005368618760257959,1.0,0.8930301666259766,0.9420166015625,0.027907192707061768,0.015625,0.0279541015625,0.0,1.0,0.04511474817991257,1.0,16.306978225708008,0.5078125,0.25146484375,0.9184466004371643,0.923828125,0.25634765625,0.93212890625,0.20555086433887482,0.0,0.875,0.0546875,1.0,0.0018037622794508934,1.0,1.0,0.0,0.0,0.0,0.0018037622794508934,,,,,,,,,,,,,,,,,,,,,,,,,,,,,,,,,,,,,,,,,,,,,,,,,,,,
12,4464,,,0.03199005126953125,0.40631103515625,16.0,1.0,1.0,1.0,1.0,1.0,1.0,1.0,1.0,0.0,0.0,0.0,0.0,0.0,0.0,0.0,0.0,0.0,27.0,1.0,0.002178515773266554,1.0,0.9234933853149414,0.9393310546875,0.02885916829109192,0.015625,0.02880859375,0.0,1.0,0.0424046516418457,1.0,16.31745147705078,0.49951171875,0.248046875,0.9173228144645691,0.91015625,0.25146484375,0.93603515625,0.2018168717622757,0.0,0.875,0.0546875,1.0,0.0006007288466207683,1.0,1.0,0.0,0.0,0.0,0.0006007288466207683,,,,,,,,,,,,,,,,,,,,,,,,,,,,,,,,,,,,,,,,,,,,,,,,,,,,
12,4469,,,0.027486801147460938,0.40631103515625,16.0,1.0,1.0,1.0,1.0,1.0,1.0,1.0,1.0,0.0,0.0,0.0,0.0,0.0,0.0,0.0,0.0,0.0,27.0,1.0,0.0015402737772092223,1.0,0.9483728408813477,0.9490966796875,0.029636651277542114,0.015625,0.0296630859375,0.0,1.0,0.04683629795908928,1.0,16.326004028320312,0.49462890625,0.2490234375,0.9039215445518494,0.900390625,0.24560546875,0.91650390625,0.2248949557542801,0.0,0.84375,0.052734375,1.0,0.0006022778688929975,1.0,1.0,0.0,0.0,0.0,0.0006022778688929975,,,,,,,,,,,,,,,,,,,,,,,,,,,,,,,,,,,,,,,,,,,,,,,,,,,,
12,4474,,,0.03433704376220703,0.413299560546875,16.0,1.0,1.0,1.0,1.0,1.0,1.0,1.0,1.0,0.0,0.0,0.0,0.0,0.0,0.0,0.0,0.0,0.0,27.0,1.0,0.0033874833025038242,1.0,0.9303550720214844,0.952880859375,0.029073596000671387,0.015625,0.029052734375,0.0,1.0,0.03938472270965576,1.0,16.319808959960938,0.5029296875,0.26171875,0.9067164063453674,0.94921875,0.2412109375,0.9345703125,0.1831614375114441,0.0,0.90625,0.056640625,1.0,0.0009823607979342341,1.0,1.0,0.0,0.0,0.0,0.0009823607979342341,,,,,,,,,,,,,,,,,,,,,,,,,,,,,,,,,,,,,,,,,,,,,,,,,,,,
12,4479,,,0.02980518341064453,0.405792236328125,16.0,1.0,1.0,1.0,1.0,1.0,1.0,1.0,1.0,0.0,0.0,0.0,0.0,0.0,0.0,0.0,0.0,0.0,27.0,1.0,0.0021544452756643295,1.0,0.9662637710571289,0.962158203125,0.03019574284553528,0.015625,0.0301513671875,0.0,1.0,0.03810007870197296,1.0,16.3321533203125,0.49609375,0.24853515625,0.9155206084251404,0.91015625,0.24755859375,0.92919921875,0.1798989474773407,0.0,0.875,0.0546875,1.0,0.0006809063488617539,1.0,1.0,0.0,0.0,0.0,0.0006809063488617539,,,,,,,,,,,,,,,,,,,,,,,,,,,,,,,,,,,,,,,,,,,,,,,,,,,,
12,4484,,,0.03270244598388672,0.411163330078125,16.0,1.0,1.0,1.0,1.0,1.0,1.0,1.0,1.0,0.0,0.0,0.0,0.0,0.0,0.0,0.0,0.0,0.0,27.0,1.0,0.002054452197626233,1.0,0.9731969833374023,0.9619140625,0.030412405729293823,0.015625,0.0303955078125,0.0,1.0,0.054160527884960175,1.0,16.334535598754883,0.494140625,0.25244140625,0.8704062104225159,0.87890625,0.24169921875,0.89990234375,0.26000097393989563,0.0,1.0,0.0625,1.0,0.0007131584570743144,1.0,1.0,0.0,0.0,0.0,0.0007131584570743144,,,,,,,,,,,,,,,,,,,,,,,,,,,,,,,,,,,,,,,,,,,,,,,,,,,,
12,4489,,,0.026526451110839844,0.409820556640625,16.0,1.0,1.0,1.0,1.0,1.0,1.0,0.9375,0.99609375,0.0,0.0,1.0,0.0625,0.0,0.0,0.4499988555908203,0.0009765625,0.0,27.0,0.9375,0.0026820215862244368,1.0,0.9301633834838867,0.956298828125,0.02906760573387146,0.015625,0.029052734375,0.0,1.0,0.04293230548501015,0.9990079998970032,16.319744110107422,0.50244140625,0.26123046875,0.8971962332725525,0.9375,0.2412109375,0.9296875,0.19867616891860962,0.0,1.0,0.0625,0.9990234375,0.0016814668197184801,1.0,1.0,0.0,0.0,0.0,0.0016814668197184801,,,,,,,,,,,,,,,,,,,,,,,,,,,,,,,,,,,,,,,,,,,,,,,,,,,,
12,4494,,,0.02803802490234375,0.4061279296875,16.0,1.0,1.0,1.0,1.0,1.0,1.0,1.0,1.0,0.0,0.0,0.0,0.0,0.0,0.0,0.0,0.0,0.0,27.0,1.0,0.0021845160517841578,1.0,0.9394354820251465,0.9549560546875,0.029357358813285828,0.015625,0.029296875,0.0,1.0,0.045393191277980804,1.0,16.32293128967285,0.498046875,0.244140625,0.921999990940094,0.900390625,0.25390625,0.9248046875,0.21672183275222778,0.0,1.0,0.0625,1.0,0.0006348522729240358,1.0,1.0,0.0,0.0,0.0,0.0006348522729240358,,,,,,,,,,,,,,,,,,,,,,,,,,,,,,,,,,,,,,,,,,,,,,,,,,,,
,4500,185.88790479433334,8.069379240460009,,,,,,,,,,,,,,,,,,,,,,,,,,,,,,,,,,,,,,,,,,,,,,,,,,,,,,,,,,,,,,,,,,,,,,,,,,,,,,,,,,,,,,,,,,,,,,,,,,,,,,,,
12,4499,,,0.0281219482421875,0.40777587890625,16.0,1.0,1.0,0.96875,0.998046875,1.0,1.0,1.0,1.0,0.0,0.0,1.0,0.03125,0.0,0.0,0.0,0.00048828125,0.0,27.0,0.96875,0.004139076918363571,1.0,1.0093269348144531,0.9227294921875,0.03154146671295166,0.015625,0.031494140625,0.0,1.0,0.042110875248909,0.999504029750824,16.346956253051758,0.5009765625,0.2607421875,0.8745318055152893,0.9103313684463501,0.240234375,0.92333984375,0.19473984837532043,0.0,0.78125,0.048713237047195435,0.99951171875,0.0012174901785328984,1.0,1.0,0.0,0.0,0.0,0.0012174901785328984,,,,,,,,,,,,,,,,,,,,,,,,,,,,,,,,,,,,,,,,,,,,,,,,,,,,
12,4504,,,0.0289154052734375,0.4078369140625,16.0,1.0,1.0,1.0,1.0,1.0,1.0,1.0,1.0,0.0,0.0,0.0,0.0,0.0,0.0,0.0,0.0,0.0,27.0,1.0,0.0018097433494403958,1.0,0.9279727935791016,0.923583984375,0.028999149799346924,0.015625,0.029052734375,0.0,1.0,0.04343631491065025,1.0,16.31899070739746,0.498046875,0.25146484375,0.9339805841445923,0.939453125,0.24658203125,0.93798828125,0.20728221535682678,0.0,0.875,0.0546875,1.0,0.0006584494840353727,1.0,1.0,0.0,0.0,0.0,0.0006584494840353727,,,,,,,,,,,,,,,,,,,,,,,,,,,,,,,,,,,,,,,,,,,,,,,,,,,,
12,4509,,,0.02980518341064453,0.406951904296875,16.0,1.0,1.0,1.0,1.0,1.0,1.0,1.0,1.0,0.0,0.0,0.0,0.0,0.0,0.0,0.0,0.0,0.0,27.0,1.0,0.0028945785015821457,1.0,0.9167656898498535,0.925537109375,0.028648927807807922,0.015625,0.0286865234375,0.0,1.0,0.04074615612626076,1.0,16.31513786315918,0.50146484375,0.26171875,0.9123134613037109,0.955078125,0.23974609375,0.94091796875,0.1911008358001709,0.0,0.71875,0.044921875,1.0,0.000932086375541985,1.0,1.0,0.0,0.0,0.0,0.000932086375541985,,,,,,,,,,,,,,,,,,,,,,,,,,,,,,,,,,,,,,,,,,,,,,,,,,,,
12,4514,,,0.027693748474121094,0.417938232421875,16.0,1.0,1.0,1.0,1.0,1.0,1.0,1.0,1.0,0.0,0.0,0.0,0.0,0.0,0.0,0.0,0.0,0.0,27.0,1.0,0.0014236441347748041,1.0,0.8353581428527832,0.942138671875,0.026104941964149475,0.015625,0.026123046875,0.0,1.0,0.04518095403909683,1.0,16.287155151367188,0.50341796875,0.25146484375,0.9029126167297363,0.908203125,0.251953125,0.9228515625,0.21695564687252045,0.0,0.84375,0.052734375,1.0,0.0006343616987578571,1.0,1.0,0.0,0.0,0.0,0.0006343616987578571,,,,,,,,,,,,,,,,,,,,,,,,,,,,,,,,,,,,,,,,,,,,,,,,,,,,
12,4519,,,0.02978229522705078,0.406646728515625,16.0,1.0,1.0,1.0,1.0,1.0,1.0,1.0,1.0,0.0,0.0,0.0,0.0,0.0,0.0,0.0,0.0,0.0,27.0,1.0,0.002001427114009857,1.0,0.8361630439758301,0.9219970703125,0.02613009512424469,0.015625,0.026123046875,0.0,1.0,0.04779001697897911,1.0,16.287431716918945,0.49609375,0.2529296875,0.9034749269485474,0.9140625,0.2431640625,0.92236328125,0.22877822816371918,0.0,0.59375,0.037109375,1.0,0.0007135773194022477,1.0,1.0,0.0,0.0,0.0,0.0007135773194022477,,,,,,,,,,,,,,,,,,,,,,,,,,,,,,,,,,,,,,,,,,,,,,,,,,,,
12,4523,,,,,,,,,,,,,,,,,,,,,,,,,,,,,,,,,,,,,,,,,,,,,,,,,,,,,,,0.02393219619989395,0.4112659692764282,16.0,1.0,1.0,1.0,1.0,1.0,1.0,1.0,1.0,0.0,0.0,0.0,0.0,0.0,0.0,0.0,0.0,0.0,27.0,1.0,0.00298208836466074,1.0,0.8388360738754272,0.9527698755264282,0.0262136273086071,0.015625,0.026222921907901764,0.0,1.0,0.04298681393265724,1.0,16.288347244262695,0.5021306872367859,0.2563920319080353,0.8975073099136353,0.9178498983383179,0.24573864042758942,0.9254261255264282,0.2013433575630188,0.0,0.9545454382896423,0.05949195846915245,1.0,0.0012086075730621815,1.0,1.0,0.0,0.0,0.0,0.0012086075730621815
12,4524,,,0.0302886962890625,0.41461181640625,16.0,1.0,1.0,1.0,1.0,1.0,1.0,1.0,1.0,0.0,0.0,0.0,0.0,0.0,0.0,0.0,0.0,0.0,27.0,1.0,0.00422697514295578,1.0,0.8424158096313477,0.9569091796875,0.026325494050979614,0.015625,0.0263671875,0.0,1.0,0.046630870550870895,1.0,16.289581298828125,0.50439453125,0.26123046875,0.8915888071060181,0.931640625,0.2431640625,0.9208984375,0.21393634378910065,0.0,1.0,0.0625,1.0,0.001957542495802045,1.0,1.0,0.0,0.0,0.0,0.001957542495802045,,,,,,,,,,,,,,,,,,,,,,,,,,,,,,,,,,,,,,,,,,,,,,,,,,,,
12,4529,,,0.02728557586669922,0.412445068359375,16.0,1.0,1.0,1.0,1.0,1.0,1.0,1.0,1.0,0.0,0.0,0.0,0.0,0.0,0.0,0.0,0.0,0.0,27.0,1.0,0.0021189984399825335,1.0,0.8612780570983887,0.9407958984375,0.026914939284324646,0.015625,0.02685546875,0.0,1.0,0.04026077315211296,1.0,16.296064376831055,0.4970703125,0.25341796875,0.9094412326812744,0.921875,0.24365234375,0.9296875,0.1908579021692276,0.0,0.8125,0.05078125,1.0,0.0007487128023058176,1.0,1.0,0.0,0.0,0.0,0.0007487128023058176,,,,,,,,,,,,,,,,,,,,,,,,,,,,,,,,,,,,,,,,,,,,,,,,,,,,
12,4534,,,0.034287452697753906,0.406280517578125,16.0,1.0,1.0,1.0,1.0,1.0,1.0,1.0,1.0,0.0,0.0,0.0,0.0,0.0,0.0,0.0,0.0,0.0,27.0,1.0,0.002301267348229885,1.0,0.8939990997314453,0.9493408203125,0.027937471866607666,0.015625,0.0279541015625,0.0,1.0,0.03566708415746689,1.0,16.30731201171875,0.50244140625,0.25244140625,0.9032881855964661,0.912109375,0.25,0.9365234375,0.16612450778484344,0.0,0.96875,0.060546875,1.0,0.0009632302680984139,1.0,1.0,0.0,0.0,0.0,0.0009632302680984139,,,,,,,,,,,,,,,,,,,,,,,,,,,,,,,,,,,,,,,,,,,,,,,,,,,,
12,4539,,,0.03334999084472656,0.41082763671875,16.0,1.0,1.0,1.0,1.0,1.0,1.0,1.0,1.0,0.0,0.0,0.0,0.0,0.0,0.0,0.0,0.0,0.0,27.0,1.0,0.0021839523687958717,1.0,0.810206413269043,0.9481201171875,0.025318950414657593,0.015625,0.0252685546875,0.0,1.0,0.034999195486307144,1.0,16.27850914001465,0.49853515625,0.25244140625,0.9129593968391418,0.921875,0.24609375,0.9443359375,0.16464251279830933,0.0,0.875,0.0546875,1.0,0.0006876623374409974,1.0,1.0,0.0,0.0,0.0,0.0006876623374409974,,,,,,,,,,,,,,,,,,,,,,,,,,,,,,,,,,,,,,,,,,,,,,,,,,,,
12,4544,,,0.02971172332763672,0.410919189453125,16.0,1.0,1.0,1.0,1.0,1.0,1.0,1.0,1.0,0.0,0.0,0.0,0.0,0.0,0.0,0.0,0.0,0.0,27.0,1.0,0.0019052749266847968,1.0,0.8816614151000977,0.952392578125,0.027551919221878052,0.015625,0.027587890625,0.0,1.0,0.049218013882637024,1.0,16.303071975708008,0.50146484375,0.24853515625,0.917485237121582,0.9067960977554321,0.2529296875,0.921875,0.23579105734825134,0.0,0.875,0.0546875,1.0,0.0007332336972467601,1.0,1.0,0.0,0.0,0.0,0.0007332336972467601,,,,,,,,,,,,,,,,,,,,,,,,,,,,,,,,,,,,,,,,,,,,,,,,,,,,
12,4549,,,0.028499603271484375,0.41412353515625,16.0,1.0,1.0,1.0,1.0,1.0,1.0,1.0,1.0,0.0,0.0,0.0,0.0,0.0,0.0,0.0,0.0,0.0,27.0,1.0,0.0018820016412064433,1.0,0.9285717010498047,0.9522705078125,0.029017865657806396,0.015625,0.029052734375,0.0,1.0,0.04662206768989563,1.0,16.319196701049805,0.5029296875,0.2568359375,0.9049429893493652,0.9296875,0.24609375,0.92431640625,0.22303539514541626,0.0,0.96875,0.060546875,1.0,0.0006796556408517063,1.0,1.0,0.0,0.0,0.0,0.0006796556408517063,,,,,,,,,,,,,,,,,,,,,,,,,,,,,,,,,,,,,,,,,,,,,,,,,,,,
12,4554,,,0.033310890197753906,0.412567138671875,16.0,1.0,1.0,1.0,1.0,1.0,1.0,1.0,1.0,0.0,0.0,0.0,0.0,0.0,0.0,0.0,0.0,0.0,27.0,1.0,0.0023172488436102867,1.0,0.9436855316162109,0.956787109375,0.029490172863006592,0.015625,0.029541015625,0.0,1.0,0.06317676603794098,1.0,16.324392318725586,0.517578125,0.25341796875,0.8863198161125183,0.8949416279792786,0.26416015625,0.89501953125,0.30478549003601074,0.0,0.78125,0.04859834536910057,1.0,0.0007159683736972511,1.0,1.0,0.0,0.0,0.0,0.0007159683736972511,,,,,,,,,,,,,,,,,,,,,,,,,,,,,,,,,,,,,,,,,,,,,,,,,,,,
12,4559,,,0.034079551696777344,0.408538818359375,16.0,1.0,1.0,1.0,1.0,1.0,1.0,1.0,1.0,0.0,0.0,0.0,0.0,0.0,0.0,0.0,0.0,0.0,27.0,1.0,0.0033157500438392162,1.0,0.9291658401489258,0.963623046875,0.02903643250465393,0.015625,0.029052734375,0.0,1.0,0.06258527934551239,1.0,16.319400787353516,0.5068359375,0.2470703125,0.8913043737411499,0.880859375,0.259765625,0.89453125,0.301072895526886,0.0,0.96875,0.060546875,1.0,0.0006211296422407031,1.0,1.0,0.0,0.0,0.0,0.0006211296422407031,,,,,,,,,,,,,,,,,,,,,,,,,,,,,,,,,,,,,,,,,,,,,,,,,,,,
12,4564,,,0.03849029541015625,0.40771484375,16.0,1.0,1.0,1.0,1.0,1.0,1.0,1.0,1.0,0.0,0.0,0.0,0.0,0.0,0.0,0.0,0.0,0.0,27.0,1.0,0.00309810065664351,1.0,0.9345064163208008,0.9560546875,0.029203325510025024,0.015625,0.0291748046875,0.0,1.0,0.05390217527747154,1.0,16.32123565673828,0.50244140625,0.25927734375,0.8907721042633057,0.9202334880828857,0.2431640625,0.90771484375,0.25625255703926086,0.0,0.8125,0.05055147036910057,1.0,0.0009085861383937299,1.0,1.0,0.0,0.0,0.0,0.0009085861383937299,,,,,,,,,,,,,,,,,,,,,,,,,,,,,,,,,,,,,,,,,,,,,,,,,,,,
12,4569,,,0.029117584228515625,0.4091796875,16.0,1.0,1.0,1.0,1.0,1.0,1.0,1.0,1.0,0.0,0.0,0.0,0.0,0.0,0.0,0.0,0.0,0.0,27.0,1.0,0.003116271924227476,1.0,0.9603300094604492,0.967041015625,0.030010312795639038,0.015625,0.030029296875,0.0,1.0,0.06132575869560242,1.0,16.330114364624023,0.49169921875,0.26025390625,0.8649155497550964,0.900390625,0.2314453125,0.892578125,0.2920912206172943,0.0,0.90625,0.056640625,1.0,0.0012383636785671115,1.0,1.0,0.0,0.0,0.0,0.0012383636785671115,,,,,,,,,,,,,,,,,,,,,,,,,,,,,,,,,,,,,,,,,,,,,,,,,,,,
12,4574,,,0.028716087341308594,0.413238525390625,16.0,0.96875,0.998046875,1.0,1.0,1.0,1.0,1.0,1.0,0.0,0.0,1.0,0.03125,0.0,0.0,0.0,0.00048828125,0.0,27.0,0.96875,0.004008231684565544,1.0,0.8855581283569336,0.9715576171875,0.027673691511154175,0.015625,0.0277099609375,0.0,1.0,0.05962114408612251,0.999504029750824,16.304410934448242,0.52197265625,0.2666015625,0.8644688725471497,0.921875,0.25537109375,0.89404296875,0.27965813875198364,0.0,1.0,0.0625,0.99951171875,0.001847165054641664,1.0,1.0,0.0,0.0,0.0,0.001847165054641664,,,,,,,,,,,,,,,,,,,,,,,,,,,,,,,,,,,,,,,,,,,,,,,,,,,,
13,4579,,,0.030714035034179688,0.40777587890625,16.0,1.0,1.0,1.0,1.0,1.0,1.0,1.0,1.0,0.0,0.0,0.0,0.0,0.0,0.0,0.0,0.0,0.0,27.0,1.0,0.002896116813644767,1.0,0.9567384719848633,0.9678955078125,0.029898077249526978,0.015625,0.0299072265625,0.0,1.0,0.06231647729873657,1.0,16.32887840270996,0.484375,0.24658203125,0.8891088962554932,0.876953125,0.23779296875,0.89013671875,0.2978593111038208,0.0,0.96875,0.060546875,1.0,0.0011145395692437887,1.0,1.0,0.0,0.0,0.0,0.0011145395692437887,,,,,,,,,,,,,,,,,,,,,,,,,,,,,,,,,,,,,,,,,,,,,,,,,,,,
13,4584,,,0.03458404541015625,0.40966796875,16.0,1.0,1.0,1.0,1.0,1.0,1.0,1.0,1.0,0.0,0.0,0.0,0.0,0.0,0.0,0.0,0.0,0.0,27.0,1.0,0.002300216117873788,1.0,0.9059591293334961,0.9656982421875,0.028311222791671753,0.015625,0.0283203125,0.0,1.0,0.05482267215847969,1.0,16.311424255371094,0.4775390625,0.24853515625,0.9155206084251404,0.91015625,0.22900390625,0.904296875,0.2631165683269501,0.0,1.0,0.0625,1.0,0.0007138908258639276,1.0,1.0,0.0,0.0,0.0,0.0007138908258639276,,,,,,,,,,,,,,,,,,,,,,,,,,,,,,,,,,,,,,,,,,,,,,,,,,,,
13,4589,,,0.030853271484375,0.41217041015625,16.0,1.0,1.0,1.0,1.0,1.0,1.0,1.0,1.0,0.0,0.0,0.0,0.0,0.0,0.0,0.0,0.0,0.0,27.0,1.0,0.004145368933677673,1.0,0.946319580078125,0.9688720703125,0.029572486877441406,0.015625,0.029541015625,0.0,1.0,0.056234389543533325,1.0,16.325298309326172,0.494140625,0.26318359375,0.8608534336090088,0.90625,0.23095703125,0.9013671875,0.26412588357925415,0.0,0.9375,0.05859375,1.0,0.0014730581315234303,1.0,1.0,0.0,0.0,0.0,0.0014730581315234303,,,,,,,,,,,,,,,,,,,,,,,,,,,,,,,,,,,,,,,,,,,,,,,,,,,,
13,4594,,,0.029603958129882812,0.416748046875,16.0,1.0,1.0,1.0,1.0,1.0,1.0,0.96875,0.998046875,0.0,0.0,1.0,0.03125,0.0,0.0,0.0,0.00048828125,0.0,27.0,0.96875,0.006274479441344738,1.0,0.9746923446655273,0.9766845703125,0.03045913577079773,0.015625,0.030517578125,0.0,1.0,0.05617514252662659,0.999504029750824,16.335050582885742,0.48193359375,0.255859375,0.8797709941864014,0.8951456546783447,0.22607421875,0.8994140625,0.25272172689437866,0.0,0.9375,0.05824907869100571,0.99951171875,0.003155783750116825,1.0,1.0,0.0,0.0,0.0,0.003155783750116825,,,,,,,,,,,,,,,,,,,,,,,,,,,,,,,,,,,,,,,,,,,,,,,,,,,,
,4600,174.1422226730869,8.039405828810322,,,,,,,,,,,,,,,,,,,,,,,,,,,,,,,,,,,,,,,,,,,,,,,,,,,,,,,,,,,,,,,,,,,,,,,,,,,,,,,,,,,,,,,,,,,,,,,,,,,,,,,,
13,4599,,,0.032578468322753906,0.414520263671875,16.0,1.0,1.0,1.0,1.0,1.0,1.0,1.0,1.0,0.0,0.0,0.0,0.0,0.0,0.0,0.0,0.0,0.0,27.0,1.0,0.0024629002436995506,1.0,0.8642892837524414,0.9736328125,0.027009040117263794,0.015625,0.0269775390625,0.0,1.0,0.04835667833685875,1.0,16.297100067138672,0.48193359375,0.25390625,0.8903846144676208,0.904296875,0.22802734375,0.90673828125,0.23029986023902893,0.0,1.0,0.0625,1.0,0.000817321939393878,1.0,1.0,0.0,0.0,0.0,0.000817321939393878,,,,,,,,,,,,,,,,,,,,,,,,,,,,,,,,,,,,,,,,,,,,,,,,,,,,
13,4604,,,0.028560638427734375,0.4090576171875,16.0,1.0,1.0,1.0,1.0,1.0,1.0,1.0,1.0,0.0,0.0,0.0,0.0,0.0,0.0,0.0,0.0,0.0,27.0,1.0,0.001788165420293808,1.0,0.9197978973388672,0.9757080078125,0.0287436842918396,0.015625,0.0286865234375,0.0,1.0,0.05596790090203285,1.0,16.316181182861328,0.49462890625,0.251953125,0.8972868323326111,0.904296875,0.24267578125,0.9013671875,0.27005472779273987,0.0,1.0,0.0625,1.0,0.0006521031027659774,1.0,1.0,0.0,0.0,0.0,0.0006521031027659774,,,,,,,,,,,,,,,,,,,,,,,,,,,,,,,,,,,,,,,,,,,,,,,,,,,,
13,4609,,,0.030356407165527344,0.414276123046875,16.0,1.0,1.0,1.0,1.0,1.0,1.0,1.0,1.0,0.0,0.0,0.0,0.0,0.0,0.0,0.0,0.0,0.0,27.0,1.0,0.002522200345993042,1.0,0.8014578819274902,0.97119140625,0.02504555881023407,0.015625,0.0250244140625,0.0,1.0,0.050484441220760345,1.0,16.275501251220703,0.49609375,0.25927734375,0.8775894641876221,0.9083820581436157,0.23681640625,0.90625,0.24088096618652344,0.0,1.0,0.062385112047195435,1.0,0.000874407822266221,1.0,1.0,0.0,0.0,0.0,0.000874407822266221,,,,,,,,,,,,,,,,,,,,,,,,,,,,,,,,,,,,,,,,,,,,,,,,,,,,
13,4614,,,0.02688121795654297,0.415679931640625,16.0,1.0,1.0,1.0,1.0,1.0,1.0,1.0,1.0,0.0,0.0,0.0,0.0,0.0,0.0,0.0,0.0,0.0,27.0,1.0,0.002538541331887245,1.0,0.7840614318847656,0.97216796875,0.024501919746398926,0.015625,0.0245361328125,0.0,1.0,0.052404601126909256,1.0,16.269521713256836,0.50146484375,0.25927734375,0.8832391500473022,0.916015625,0.2421875,0.9033203125,0.25070637464523315,0.0,0.96875,0.060546875,1.0,0.0008677829173393548,1.0,1.0,0.0,0.0,0.0,0.0008677829173393548,,,,,,,,,,,,,,,,,,,,,,,,,,,,,,,,,,,,,,,,,,,,,,,,,,,,
13,4619,,,0.027960777282714844,0.417022705078125,16.0,1.0,1.0,1.0,1.0,1.0,1.0,1.0,1.0,0.0,0.0,0.0,0.0,0.0,0.0,0.0,0.0,0.0,27.0,1.0,0.0018154503777623177,1.0,0.8365178108215332,0.9727783203125,0.026141181588172913,0.015625,0.026123046875,0.0,1.0,0.05471964180469513,1.0,16.287553787231445,0.48876953125,0.25048828125,0.9259259104728699,0.927734375,0.23828125,0.9111328125,0.26383692026138306,0.0,1.0,0.0625,1.0,0.0006961741019040346,1.0,1.0,0.0,0.0,0.0,0.0006961741019040346,,,,,,,,,,,,,,,,,,,,,,,,,,,,,,,,,,,,,,,,,,,,,,,,,,,,
13,4624,,,0.026693344116210938,0.415771484375,16.0,1.0,1.0,1.0,1.0,1.0,1.0,1.0,1.0,0.0,0.0,0.0,0.0,0.0,0.0,0.0,0.0,0.0,27.0,1.0,0.0017942385748028755,1.0,0.8416833877563477,0.9737548828125,0.026302605867385864,0.015625,0.0262451171875,0.0,1.0,0.0455838143825531,1.0,16.289329528808594,0.4970703125,0.255859375,0.9064885377883911,0.927734375,0.2412109375,0.91796875,0.21825341880321503,0.0,0.96875,0.060546875,1.0,0.0006912110256962478,1.0,1.0,0.0,0.0,0.0,0.0006912110256962478,,,,,,,,,,,,,,,,,,,,,,,,,,,,,,,,,,,,,,,,,,,,,,,,,,,,
13,4629,,,0.03261566162109375,0.41510009765625,16.0,1.0,1.0,1.0,1.0,1.0,1.0,1.0,1.0,0.0,0.0,0.0,0.0,0.0,0.0,0.0,0.0,0.0,27.0,1.0,0.00168574636336416,1.0,0.8295660018920898,0.9688720703125,0.025923937559127808,0.015625,0.02587890625,0.0,1.0,0.04033125936985016,1.0,16.28516387939453,0.498046875,0.26611328125,0.8935779929161072,0.951171875,0.23193359375,0.93017578125,0.19225022196769714,0.0,1.0,0.0625,1.0,0.0006148233660496771,1.0,1.0,0.0,0.0,0.0,0.0006148233660496771,,,,,,,,,,,,,,,,,,,,,,,,,,,,,,,,,,,,,,,,,,,,,,,,,,,,
13,4634,,,0.029514312744140625,0.41357421875,16.0,1.0,1.0,1.0,1.0,1.0,1.0,1.0,1.0,0.0,0.0,0.0,0.0,0.0,0.0,0.0,0.0,0.0,27.0,1.0,0.00205586152151227,1.0,0.8463201522827148,0.9764404296875,0.02644750475883484,0.015625,0.0264892578125,0.0,1.0,0.05379121005535126,1.0,16.290922164916992,0.4912109375,0.25048828125,0.9181286692619324,0.9163424372673035,0.24072265625,0.91162109375,0.2585192620754242,0.0,1.0,0.06227022036910057,1.0,0.0007480067433789372,1.0,1.0,0.0,0.0,0.0,0.0007480067433789372,,,,,,,,,,,,,,,,,,,,,,,,,,,,,,,,,,,,,,,,,,,,,,,,,,,,
13,4639,,,0.02893829345703125,0.41455078125,16.0,1.0,1.0,1.0,1.0,1.0,1.0,1.0,1.0,0.0,0.0,0.0,0.0,0.0,0.0,0.0,0.0,0.0,27.0,1.0,0.003225822001695633,1.0,0.8331804275512695,0.971435546875,0.026036888360977173,0.015625,0.0260009765625,0.0,1.0,0.044100504368543625,1.0,16.286405563354492,0.48681640625,0.25146484375,0.9339805841445923,0.939453125,0.2353515625,0.92822265625,0.20548824965953827,0.0,1.0,0.0625,1.0,0.0013882145285606384,1.0,1.0,0.0,0.0,0.0,0.0013882145285606384,,,,,,,,,,,,,,,,,,,,,,,,,,,,,,,,,,,,,,,,,,,,,,,,,,,,
13,4644,,,0.03056049346923828,0.409271240234375,16.0,1.0,1.0,1.0,1.0,1.0,1.0,1.0,1.0,0.0,0.0,0.0,0.0,0.0,0.0,0.0,0.0,0.0,27.0,1.0,0.004310677293688059,1.0,0.9003252983093262,0.978515625,0.028135165572166443,0.015625,0.028076171875,0.0,1.0,0.04748782515525818,1.0,16.309486389160156,0.4921875,0.25390625,0.9115384817123413,0.9203883409500122,0.23828125,0.9287109375,0.22249546647071838,0.0,1.0,0.06215532869100571,1.0,0.0010446968954056501,1.0,1.0,0.0,0.0,0.0,0.0010446968954056501,,,,,,,,,,,,,,,,,,,,,,,,,,,,,,,,,,,,,,,,,,,,,,,,,,,,
13,4649,,,0.031024932861328125,0.41265869140625,16.0,1.0,1.0,1.0,1.0,1.0,1.0,1.0,1.0,0.0,0.0,0.0,0.0,0.0,0.0,0.0,0.0,0.0,27.0,1.0,0.001731787109747529,1.0,0.8830533027648926,0.9775390625,0.027595415711402893,0.015625,0.027587890625,0.0,1.0,0.04586036875844002,1.0,16.30354881286621,0.48828125,0.2490234375,0.9313725233078003,0.927734375,0.2392578125,0.93115234375,0.21757981181144714,0.0,1.0,0.0625,1.0,0.0010480808559805155,1.0,1.0,0.0,0.0,0.0,0.0010480808559805155,,,,,,,,,,,,,,,,,,,,,,,,,,,,,,,,,,,,,,,,,,,,,,,,,,,,
13,4654,,,0.03181266784667969,0.4114990234375,16.0,1.0,1.0,1.0,1.0,1.0,1.0,1.0,1.0,0.0,0.0,0.0,0.0,0.0,0.0,0.0,0.0,0.0,27.0,1.0,0.003977600019425154,1.0,0.8733735084533691,0.9791259765625,0.027292922139167786,0.015625,0.02734375,0.0,1.0,0.05357159674167633,1.0,16.300222396850586,0.48193359375,0.25146484375,0.8990291357040405,0.904296875,0.23046875,0.9033203125,0.25481027364730835,0.0,1.0,0.0625,1.0,0.0007515134057030082,1.0,1.0,0.0,0.0,0.0,0.0007515134057030082,,,,,,,,,,,,,,,,,,,,,,,,,,,,,,,,,,,,,,,,,,,,,,,,,,,,
13,4659,,,0.030942916870117188,0.41876220703125,16.0,1.0,1.0,1.0,1.0,1.0,1.0,1.0,1.0,0.0,0.0,0.0,0.0,0.0,0.0,0.0,0.0,0.0,27.0,1.0,0.0025672181509435177,1.0,0.8297486305236816,0.9674072265625,0.02592964470386505,0.015625,0.02587890625,0.0,1.0,0.05956752225756645,1.0,16.285226821899414,0.47802734375,0.25,0.890625,0.890625,0.22802734375,0.89013671875,0.2872195243835449,0.0,0.9375,0.05859375,1.0,0.0006535824504680932,1.0,1.0,0.0,0.0,0.0,0.0006535824504680932,,,,,,,,,,,,,,,,,,,,,,,,,,,,,,,,,,,,,,,,,,,,,,,,,,,,
13,4664,,,0.028197288513183594,0.416961669921875,16.0,0.96875,0.998046875,1.0,1.0,1.0,1.0,1.0,1.0,0.0,0.0,1.0,0.03125,0.0,0.0,0.0,0.00048828125,0.0,27.0,0.96875,0.0025419159792363644,1.0,0.817133903503418,0.966552734375,0.02553543448448181,0.015625,0.0255126953125,0.0,1.0,0.04835450276732445,0.999504029750824,16.2808895111084,0.4921875,0.25732421875,0.8956356644630432,0.9200779795646667,0.23486328125,0.904296875,0.22818723320960999,0.0,0.96875,0.060431987047195435,0.99951171875,0.0012884351890534163,1.0,1.0,0.0,0.0,0.0,0.0012884351890534163,,,,,,,,,,,,,,,,,,,,,,,,,,,,,,,,,,,,,,,,,,,,,,,,,,,,
13,4669,,,0.02774810791015625,0.41827392578125,16.0,1.0,1.0,1.0,1.0,1.0,1.0,1.0,1.0,0.0,0.0,0.0,0.0,0.0,0.0,0.0,0.0,0.0,27.0,1.0,0.002503541298210621,1.0,0.8063869476318359,0.9598388671875,0.025199592113494873,0.015625,0.025146484375,0.0,1.0,0.05679774656891823,1.0,16.27719497680664,0.50341796875,0.24755859375,0.8994082808494568,0.890625,0.255859375,0.91064453125,0.27236437797546387,0.0,0.96875,0.060546875,1.0,0.0009179639164358377,1.0,1.0,0.0,0.0,0.0,0.0009179639164358377,,,,,,,,,,,,,,,,,,,,,,,,,,,,,,,,,,,,,,,,,,,,,,,,,,,,
13,4674,,,0.028865814208984375,0.4202880859375,16.0,1.0,1.0,1.0,1.0,1.0,1.0,1.0,1.0,0.0,0.0,0.0,0.0,0.0,0.0,0.0,0.0,0.0,27.0,1.0,0.0019333879463374615,1.0,0.7837643623352051,0.962890625,0.02449263632297516,0.015625,0.0245361328125,0.0,1.0,0.06110571697354317,1.0,16.269418716430664,0.49072265625,0.25146484375,0.8796116709709167,0.8796116709709167,0.2392578125,0.8974609375,0.294650673866272,0.0,0.90625,0.05629595369100571,1.0,0.000911479874048382,1.0,1.0,0.0,0.0,0.0,0.000911479874048382,,,,,,,,,,,,,,,,,,,,,,,,,,,,,,,,,,,,,,,,,,,,,,,,,,,,
13,4679,,,0.03204536437988281,0.411376953125,16.0,1.0,1.0,1.0,1.0,1.0,1.0,1.0,1.0,0.0,0.0,0.0,0.0,0.0,0.0,0.0,0.0,0.0,27.0,1.0,0.003971360623836517,1.0,0.8245100975036621,0.96435546875,0.02576594054698944,0.015625,0.0257568359375,0.0,1.0,0.05266758054494858,1.0,16.283424377441406,0.50048828125,0.26806640625,0.8451730608940125,0.8992248177528381,0.232421875,0.89306640625,0.24916847050189972,0.0,1.0,0.06204044073820114,1.0,0.001005607657134533,1.0,1.0,0.0,0.0,0.0,0.001005607657134533,,,,,,,,,,,,,,,,,,,,,,,,,,,,,,,,,,,,,,,,,,,,,,,,,,,,
13,4684,,,0.02598285675048828,0.417388916015625,16.0,1.0,1.0,1.0,1.0,1.0,1.0,1.0,1.0,0.0,0.0,0.0,0.0,0.0,0.0,0.0,0.0,0.0,27.0,1.0,0.0024047857150435448,1.0,0.7733283042907715,0.9600830078125,0.02416650950908661,0.015625,0.024169921875,0.0,1.0,0.05051686614751816,1.0,16.265830993652344,0.5009765625,0.26171875,0.888059675693512,0.9296875,0.2392578125,0.91162109375,0.24193257093429565,0.0,1.0,0.0625,1.0,0.0007867690292187035,1.0,1.0,0.0,0.0,0.0,0.0007867690292187035,,,,,,,,,,,,,,,,,,,,,,,,,,,,,,,,,,,,,,,,,,,,,,,,,,,,
13,4689,,,0.029478073120117188,0.41387939453125,16.0,1.0,1.0,1.0,1.0,1.0,1.0,1.0,1.0,0.0,0.0,0.0,0.0,0.0,0.0,0.0,0.0,0.0,27.0,1.0,0.0031909768003970385,1.0,0.7768979072570801,0.9658203125,0.024278059601783752,0.015625,0.0242919921875,0.0,1.0,0.05536554008722305,1.0,16.267059326171875,0.49658203125,0.26025390625,0.8761726021766663,0.9085603356361389,0.236328125,0.90869140625,0.26153576374053955,0.0,1.0,0.06227022036910057,1.0,0.0014794855378568172,1.0,1.0,0.0,0.0,0.0,0.0014794855378568172,,,,,,,,,,,,,,,,,,,,,,,,,,,,,,,,,,,,,,,,,,,,,,,,,,,,
13,4694,,,0.031470298767089844,0.413787841796875,16.0,1.0,1.0,1.0,1.0,1.0,1.0,1.0,1.0,0.0,0.0,0.0,0.0,0.0,0.0,0.0,0.0,0.0,27.0,1.0,0.0019870647229254246,1.0,0.7557306289672852,0.9727783203125,0.02361658215522766,0.015625,0.0235595703125,0.0,1.0,0.05794127658009529,1.0,16.259782791137695,0.49072265625,0.2548828125,0.8984674215316772,0.9142300486564636,0.23583984375,0.904296875,0.27953046560287476,0.0,0.96875,0.060431987047195435,1.0,0.000752599211409688,1.0,1.0,0.0,0.0,0.0,0.000752599211409688,,,,,,,,,,,,,,,,,,,,,,,,,,,,,,,,,,,,,,,,,,,,,,,,,,,,
,4700,161.449795648617,8.052038683463865,,,,,,,,,,,,,,,,,,,,,,,,,,,,,,,,,,,,,,,,,,,,,,,,,,,,,,,,,,,,,,,,,,,,,,,,,,,,,,,,,,,,,,,,,,,,,,,,,,,,,,,,
13,4699,,,0.02782917022705078,0.417877197265625,16.0,1.0,1.0,1.0,1.0,1.0,1.0,1.0,1.0,0.0,0.0,0.0,0.0,0.0,0.0,0.0,0.0,0.0,27.0,1.0,0.002353806048631668,1.0,0.7565784454345703,0.9654541015625,0.023643076419830322,0.015625,0.023681640625,0.0,1.0,0.05086926743388176,1.0,16.260074615478516,0.4931640625,0.25927734375,0.903954803943634,0.9375,0.23388671875,0.91357421875,0.24370302259922028,0.0,0.96875,0.060546875,1.0,0.0007888966356404126,1.0,1.0,0.0,0.0,0.0,0.0007888966356404126,,,,,,,,,,,,,,,,,,,,,,,,,,,,,,,,,,,,,,,,,,,,,,,,,,,,
13,4704,,,0.030065536499023438,0.4124755859375,16.0,1.0,1.0,1.0,1.0,1.0,1.0,1.0,1.0,0.0,0.0,0.0,0.0,0.0,0.0,0.0,0.0,0.0,27.0,1.0,0.0025432780385017395,1.0,0.8283982276916504,0.973388671875,0.025887444615364075,0.015625,0.02587890625,0.0,1.0,0.05557069182395935,1.0,16.284761428833008,0.4931640625,0.25537109375,0.866156816482544,0.8830409646034241,0.23779296875,0.8974609375,0.26669108867645264,0.0,0.96875,0.060431987047195435,1.0,0.0007771982345730066,1.0,1.0,0.0,0.0,0.0,0.0007771982345730066,,,,,,,,,,,,,,,,,,,,,,,,,,,,,,,,,,,,,,,,,,,,,,,,,,,,
13,4709,,,0.026782989501953125,0.41607666015625,16.0,1.0,1.0,1.0,1.0,1.0,1.0,1.0,1.0,0.0,0.0,0.0,0.0,0.0,0.0,0.0,0.0,0.0,27.0,1.0,0.001834301045164466,1.0,0.7721695899963379,0.9769287109375,0.02413029968738556,0.015625,0.024169921875,0.0,1.0,0.04855400696396828,1.0,16.26543426513672,0.4990234375,0.25830078125,0.9111531376838684,0.94140625,0.24072265625,0.92724609375,0.23310750722885132,0.0,1.0,0.0625,1.0,0.0007235400844365358,1.0,1.0,0.0,0.0,0.0,0.0007235400844365358,,,,,,,,,,,,,,,,,,,,,,,,,,,,,,,,,,,,,,,,,,,,,,,,,,,,
13,4714,,,0.03385448455810547,0.411163330078125,16.0,1.0,1.0,1.0,1.0,1.0,1.0,1.0,1.0,0.0,0.0,0.0,0.0,0.0,0.0,0.0,0.0,0.0,27.0,1.0,0.0034585099201649427,1.0,0.811154842376709,0.9761962890625,0.025348588824272156,0.015625,0.025390625,0.0,1.0,0.05655103921890259,1.0,16.27883529663086,0.49853515625,0.2587890625,0.8886792659759521,0.9181286692619324,0.23974609375,0.9169921875,0.269060343503952,0.0,0.96875,0.060431987047195435,1.0,0.0010284455493092537,1.0,1.0,0.0,0.0,0.0,0.0010284455493092537,,,,,,,,,,,,,,,,,,,,,,,,,,,,,,,,,,,,,,,,,,,,,,,,,,,,
13,4719,,,0.030300140380859375,0.4166259765625,16.0,1.0,1.0,1.0,1.0,1.0,1.0,1.0,1.0,0.0,0.0,0.0,0.0,0.0,0.0,0.0,0.0,0.0,27.0,1.0,0.001949809491634369,1.0,0.7895960807800293,0.9735107421875,0.024674877524375916,0.015625,0.024658203125,0.0,1.0,0.05274266377091408,1.0,16.27142333984375,0.4951171875,0.2509765625,0.9027237296104431,0.90625,0.244140625,0.912109375,0.2534424662590027,0.0,0.90625,0.056640625,1.0,0.0007716203690506518,1.0,1.0,0.0,0.0,0.0,0.0007716203690506518,,,,,,,,,,,,,,,,,,,,,,,,,,,,,,,,,,,,,,,,,,,,,,,,,,,,
13,4724,,,0.033143043518066406,0.405670166015625,16.0,1.0,1.0,1.0,1.0,1.0,1.0,1.0,1.0,0.0,0.0,0.0,0.0,0.0,0.0,0.0,0.0,0.0,27.0,1.0,0.0022417970467358828,1.0,0.8894081115722656,0.9666748046875,0.0277940034866333,0.015625,0.02783203125,0.0,1.0,0.05356501042842865,1.0,16.305734634399414,0.4990234375,0.25732421875,0.8785578608512878,0.904296875,0.24169921875,0.908203125,0.2566913962364197,0.0,0.875,0.0546875,1.0,0.0007779025472700596,1.0,1.0,0.0,0.0,0.0,0.0007779025472700596,,,,,,,,,,,,,,,,,,,,,,,,,,,,,,,,,,,,,,,,,,,,,,,,,,,,
13,4729,,,0.034949302673339844,0.404632568359375,16.0,1.0,1.0,1.0,1.0,1.0,1.0,1.0,1.0,0.0,0.0,0.0,0.0,0.0,0.0,0.0,0.0,0.0,27.0,1.0,0.0036756841000169516,1.0,0.9579439163208008,0.97119140625,0.029935747385025024,0.015625,0.0299072265625,0.0,1.0,0.038739245384931564,1.0,16.32929229736328,0.50537109375,0.26025390625,0.9268292784690857,0.96484375,0.2451171875,0.93701171875,0.17981190979480743,0.0,0.96875,0.060546875,1.0,0.0009095382411032915,1.0,1.0,0.0,0.0,0.0,0.0009095382411032915,,,,,,,,,,,,,,,,,,,,,,,,,,,,,,,,,,,,,,,,,,,,,,,,,,,,
13,4734,,,0.031174659729003906,0.415374755859375,16.0,1.0,1.0,1.0,1.0,1.0,1.0,1.0,1.0,0.0,0.0,0.0,0.0,0.0,0.0,0.0,0.0,0.0,27.0,1.0,0.003443225985392928,1.0,0.928164005279541,0.97314453125,0.029005125164985657,0.015625,0.029052734375,0.0,1.0,0.04647781327366829,1.0,16.319055557250977,0.50341796875,0.2509765625,0.9338521361351013,0.9338521361351013,0.25244140625,0.93408203125,0.21825149655342102,0.0,1.0,0.06227022036910057,1.0,0.001075125765055418,1.0,1.0,0.0,0.0,0.0,0.001075125765055418,,,,,,,,,,,,,,,,,,,,,,,,,,,,,,,,,,,,,,,,,,,,,,,,,,,,
13,4739,,,0.030794143676757812,0.41455078125,16.0,1.0,1.0,1.0,1.0,1.0,1.0,1.0,1.0,0.0,0.0,0.0,0.0,0.0,0.0,0.0,0.0,0.0,27.0,1.0,0.0016408355440944433,1.0,0.8914923667907715,0.9732666015625,0.02785913646221161,0.015625,0.02783203125,0.0,1.0,0.04965028539299965,1.0,16.30644989013672,0.4951171875,0.2529296875,0.9343629479408264,0.9453125,0.2421875,0.9296875,0.2388528287410736,0.0,1.0,0.0625,1.0,0.0006046203779987991,1.0,1.0,0.0,0.0,0.0,0.0006046203779987991,,,,,,,,,,,,,,,,,,,,,,,,,,,,,,,,,,,,,,,,,,,,,,,,,,,,
13,4744,,,0.028520584106445312,0.414306640625,16.0,1.0,1.0,1.0,1.0,1.0,1.0,1.0,1.0,0.0,0.0,0.0,0.0,0.0,0.0,0.0,0.0,0.0,27.0,1.0,0.0015179356560111046,1.0,0.9026279449462891,0.9737548828125,0.028207123279571533,0.015625,0.0281982421875,0.0,1.0,0.04273984208703041,1.0,16.310277938842773,0.48974609375,0.25341796875,0.9479768872261047,0.955339789390564,0.236328125,0.93115234375,0.20486271381378174,0.0,0.90625,0.056640625,1.0,0.0005380365764722228,1.0,1.0,0.0,0.0,0.0,0.0005380365764722228,,,,,,,,,,,,,,,,,,,,,,,,,,,,,,,,,,,,,,,,,,,,,,,,,,,,
13,4749,,,0.031235694885253906,0.406219482421875,16.0,1.0,1.0,1.0,1.0,1.0,1.0,1.0,1.0,0.0,0.0,0.0,0.0,0.0,0.0,0.0,0.0,0.0,27.0,1.0,0.0017134682275354862,1.0,0.9105205535888672,0.976806640625,0.0284537672996521,0.015625,0.0284423828125,0.0,1.0,0.05405020713806152,1.0,16.312992095947266,0.4853515625,0.25390625,0.9038461446762085,0.91796875,0.2314453125,0.9111328125,0.26093119382858276,0.0,0.9375,0.05859375,1.0,0.0005548545159399509,1.0,1.0,0.0,0.0,0.0,0.0005548545159399509,,,,,,,,,,,,,,,,,,,,,,,,,,,,,,,,,,,,,,,,,,,,,,,,,,,,
13,4754,,,0.03129005432128906,0.41845703125,16.0,1.0,1.0,1.0,1.0,1.0,1.0,1.0,1.0,0.0,0.0,0.0,0.0,0.0,0.0,0.0,0.0,0.0,27.0,1.0,0.010300904512405396,1.0,0.8293108940124512,0.97900390625,0.0259159654378891,0.015625,0.02587890625,0.0,1.0,0.05360736697912216,1.0,16.285076141357422,0.486328125,0.2548828125,0.9214559197425842,0.939453125,0.2314453125,0.9169921875,0.24051615595817566,0.0,1.0,0.0625,1.0,0.0020972094498574734,1.0,1.0,0.0,0.0,0.0,0.0020972094498574734,,,,,,,,,,,,,,,,,,,,,,,,,,,,,,,,,,,,,,,,,,,,,,,,,,,,
13,4759,,,0.03945350646972656,0.412353515625,16.0,1.0,1.0,1.0,1.0,1.0,1.0,1.0,1.0,0.0,0.0,0.0,0.0,0.0,0.0,0.0,0.0,0.0,27.0,1.0,0.001894872635602951,1.0,0.8940305709838867,0.9769287109375,0.02793845534324646,0.015625,0.0279541015625,0.0,1.0,0.04784371331334114,1.0,16.307323455810547,0.48779296875,0.25390625,0.9346153736114502,0.94921875,0.23388671875,0.9296875,0.22892586886882782,0.0,1.0,0.0625,1.0,0.0006295261555351317,1.0,1.0,0.0,0.0,0.0,0.0006295261555351317,,,,,,,,,,,,,,,,,,,,,,,,,,,,,,,,,,,,,,,,,,,,,,,,,,,,
13,4764,,,0.031386375427246094,0.416961669921875,16.0,1.0,1.0,1.0,1.0,1.0,1.0,1.0,1.0,0.0,0.0,0.0,0.0,0.0,0.0,0.0,0.0,0.0,27.0,1.0,0.0031124865636229515,1.0,0.8616499900817871,0.9815673828125,0.026926562190055847,0.015625,0.0269775390625,0.0,1.0,0.0425027497112751,1.0,16.296192169189453,0.50244140625,0.2490234375,0.929411768913269,0.9203883409500122,0.25341796875,0.935546875,0.2007451057434082,0.0,1.0,0.06215532869100571,1.0,0.0007238684338517487,1.0,1.0,0.0,0.0,0.0,0.0007238684338517487,,,,,,,,,,,,,,,,,,,,,,,,,,,,,,,,,,,,,,,,,,,,,,,,,,,,
13,4769,,,0.030210494995117188,0.40997314453125,16.0,1.0,1.0,1.0,1.0,1.0,1.0,1.0,1.0,0.0,0.0,0.0,0.0,0.0,0.0,0.0,0.0,0.0,27.0,1.0,0.002742898417636752,1.0,0.8901100158691406,0.9708251953125,0.027815937995910645,0.015625,0.02783203125,0.0,1.0,0.037590391933918,1.0,16.30597496032715,0.49951171875,0.26025390625,0.9249531030654907,0.962890625,0.2392578125,0.94091796875,0.17708717286586761,0.0,0.9375,0.05859375,1.0,0.0006281840614974499,1.0,1.0,0.0,0.0,0.0,0.0006281840614974499,,,,,,,,,,,,,,,,,,,,,,,,,,,,,,,,,,,,,,,,,,,,,,,,,,,,
13,4774,,,0.03095722198486328,0.415191650390625,16.0,1.0,1.0,1.0,1.0,1.0,1.0,1.0,1.0,0.0,0.0,0.0,0.0,0.0,0.0,0.0,0.0,0.0,27.0,1.0,0.0022326218895614147,1.0,0.8673796653747559,0.9793701171875,0.02710561454296112,0.015625,0.027099609375,0.0,1.0,0.0448918454349041,1.0,16.29816246032715,0.49560546875,0.24365234375,0.9378757476806641,0.9140625,0.251953125,0.92236328125,0.21324023604393005,0.0,0.96875,0.060546875,1.0,0.00083438481669873,1.0,1.0,0.0,0.0,0.0,0.00083438481669873,,,,,,,,,,,,,,,,,,,,,,,,,,,,,,,,,,,,,,,,,,,,,,,,,,,,
13,4779,,,0.029578208923339844,0.412139892578125,16.0,0.96875,0.998046875,1.0,1.0,1.0,1.0,1.0,1.0,0.0,0.0,1.0,0.03125,0.0,0.0,0.0,0.00048828125,0.0,27.0,0.96875,0.0031063242349773645,1.0,0.9335241317749023,0.976806640625,0.029172629117965698,0.015625,0.0291748046875,0.0,1.0,0.0455857552587986,0.999504029750824,16.320898056030273,0.50634765625,0.248046875,0.9448819160461426,0.9375,0.25830078125,0.9248046875,0.2096710056066513,0.0,0.9375,0.05859375,0.99951171875,0.0019955416209995747,1.0,1.0,0.0,0.0,0.0,0.0019955416209995747,,,,,,,,,,,,,,,,,,,,,,,,,,,,,,,,,,,,,,,,,,,,,,,,,,,,
13,4784,,,0.02892017364501953,0.413116455078125,16.0,1.0,1.0,1.0,1.0,1.0,1.0,1.0,1.0,0.0,0.0,0.0,0.0,0.0,0.0,0.0,0.0,0.0,27.0,1.0,0.001822416903451085,1.0,0.8503150939941406,0.9693603515625,0.026572346687316895,0.015625,0.026611328125,0.0,1.0,0.05042131617665291,1.0,16.292295455932617,0.49755859375,0.24462890625,0.9281437397003174,0.908203125,0.2529296875,0.9189453125,0.24240528047084808,0.0,0.875,0.0546875,1.0,0.0006613937439396977,1.0,1.0,0.0,0.0,0.0,0.0006613937439396977,,,,,,,,,,,,,,,,,,,,,,,,,,,,,,,,,,,,,,,,,,,,,,,,,,,,
13,4789,,,0.03404045104980469,0.40625,16.0,1.0,1.0,1.0,1.0,1.0,1.0,1.0,1.0,0.0,0.0,0.0,0.0,0.0,0.0,0.0,0.0,0.0,27.0,1.0,0.0020600943826138973,1.0,0.8365316390991211,0.9627685546875,0.026141613721847534,0.015625,0.026123046875,0.0,1.0,0.05870520696043968,1.0,16.28755760192871,0.49462890625,0.24560546875,0.9244532585144043,0.9064327478408813,0.2490234375,0.9033203125,0.283291220664978,0.0,1.0,0.062385112047195435,1.0,0.0006689191795885563,1.0,1.0,0.0,0.0,0.0,0.0006689191795885563,,,,,,,,,,,,,,,,,,,,,,,,,,,,,,,,,,,,,,,,,,,,,,,,,,,,
13,4794,,,0.02978515625,0.41058349609375,16.0,1.0,1.0,1.0,1.0,1.0,1.0,1.0,1.0,0.0,0.0,0.0,0.0,0.0,0.0,0.0,0.0,0.0,27.0,1.0,0.0025464806240051985,1.0,0.8024272918701172,0.969970703125,0.025075852870941162,0.015625,0.0250244140625,0.0,1.0,0.05983021482825279,1.0,16.275835037231445,0.50439453125,0.2529296875,0.8938223719596863,0.904296875,0.25146484375,0.89599609375,0.2872595191001892,0.0,1.0,0.0625,1.0,0.0009441127185709774,1.0,1.0,0.0,0.0,0.0,0.0009441127185709774,,,,,,,,,,,,,,,,,,,,,,,,,,,,,,,,,,,,,,,,,,,,,,,,,,,,
,4800,148.8054971595,8.064218210391497,,,,,,,,,,,,,,,,,,,,,,,,,,,,,,,,,,,,,,,,,,,,,,,,,,,,,,,,,,,,,,,,,,,,,,,,,,,,,,,,,,,,,,,,,,,,,,,,,,,,,,,,
13,4799,,,0.031217575073242188,0.4119873046875,16.0,1.0,1.0,1.0,1.0,1.0,1.0,1.0,1.0,0.0,0.0,0.0,0.0,0.0,0.0,0.0,0.0,0.0,27.0,1.0,0.00218416890129447,1.0,0.8344988822937012,0.969970703125,0.02607809007167816,0.015625,0.026123046875,0.0,1.0,0.056143127381801605,1.0,16.2868595123291,0.5029296875,0.2568359375,0.8859315514564514,0.91015625,0.24609375,0.90576171875,0.27001556754112244,0.0,0.96875,0.060546875,1.0,0.000759179936721921,1.0,1.0,0.0,0.0,0.0,0.000759179936721921,,,,,,,,,,,,,,,,,,,,,,,,,,,,,,,,,,,,,,,,,,,,,,,,,,,,
13,4804,,,0.03212547302246094,0.41748046875,16.0,1.0,1.0,1.0,1.0,1.0,1.0,0.96875,0.998046875,0.0,0.0,1.0,0.03125,0.0,0.0,0.0,0.00048828125,0.0,27.0,0.96875,0.006279327906668186,1.0,0.8173508644104004,0.95263671875,0.025542214512825012,0.015625,0.0255126953125,0.0,1.0,0.058359093964099884,0.999504029750824,16.280963897705078,0.48974609375,0.2451171875,0.8984063863754272,0.880859375,0.24462890625,0.90234375,0.2680082321166992,0.0,0.84375,0.052734375,0.99951171875,0.0023551899939775467,1.0,1.0,0.0,0.0,0.0,0.0023551899939775467,,,,,,,,,,,,,,,,,,,,,,,,,,,,,,,,,,,,,,,,,,,,,,,,,,,,
13,4809,,,0.03240680694580078,0.408599853515625,16.0,1.0,1.0,1.0,1.0,1.0,1.0,1.0,1.0,0.0,0.0,0.0,0.0,0.0,0.0,0.0,0.0,0.0,27.0,1.0,0.0030091581866145134,1.0,0.876894474029541,0.9329833984375,0.027402952313423157,0.015625,0.02734375,0.0,1.0,0.05871080979704857,1.0,16.30143165588379,0.49169921875,0.25537109375,0.885277271270752,0.904296875,0.236328125,0.89892578125,0.2808871865272522,0.0,0.65625,0.041015625,1.0,0.0009115117136389017,1.0,1.0,0.0,0.0,0.0,0.0009115117136389017,,,,,,,,,,,,,,,,,,,,,,,,,,,,,,,,,,,,,,,,,,,,,,,,,,,,
13,4814,,,0.029262542724609375,0.41058349609375,16.0,1.0,1.0,1.0,1.0,1.0,1.0,1.0,1.0,0.0,0.0,0.0,0.0,0.0,0.0,0.0,0.0,0.0,27.0,1.0,0.002186350291594863,1.0,0.9331426620483398,0.965087890625,0.02916070818901062,0.015625,0.0291748046875,0.0,1.0,0.057384803891181946,1.0,16.320768356323242,0.50341796875,0.25927734375,0.8757061958312988,0.908203125,0.244140625,0.88818359375,0.2765894830226898,0.0,0.96875,0.060546875,1.0,0.0006440436118282378,1.0,1.0,0.0,0.0,0.0,0.0006440436118282378,,,,,,,,,,,,,,,,,,,,,,,,,,,,,,,,,,,,,,,,,,,,,,,,,,,,
13,4819,,,0.03083324432373047,0.408599853515625,16.0,1.0,1.0,1.0,1.0,1.0,1.0,1.0,1.0,0.0,0.0,0.0,0.0,0.0,0.0,0.0,0.0,0.0,27.0,1.0,0.0021524284966289997,1.0,0.9260072708129883,0.963134765625,0.028937727212905884,0.015625,0.0289306640625,0.0,1.0,0.05554531514644623,1.0,16.318315505981445,0.486328125,0.24755859375,0.9092702269554138,0.900390625,0.23876953125,0.90869140625,0.2671283483505249,0.0,1.0,0.0625,1.0,0.0006933710537850857,1.0,1.0,0.0,0.0,0.0,0.0006933710537850857,,,,,,,,,,,,,,,,,,,,,,,,,,,,,,,,,,,,,,,,,,,,,,,,,,,,
13,4824,,,0.02910327911376953,0.407867431640625,16.0,1.0,1.0,1.0,1.0,1.0,1.0,1.0,1.0,0.0,0.0,0.0,0.0,0.0,0.0,0.0,0.0,0.0,27.0,1.0,0.0022349185310304165,1.0,0.9665622711181641,0.947998046875,0.030205070972442627,0.015625,0.0301513671875,0.0,1.0,0.049491386860609055,1.0,16.332256317138672,0.50048828125,0.24951171875,0.9178082346916199,0.916015625,0.2509765625,0.9189453125,0.23642835021018982,0.0,1.0,0.0625,1.0,0.0007532285526394844,1.0,1.0,0.0,0.0,0.0,0.0007532285526394844,,,,,,,,,,,,,,,,,,,,,,,,,,,,,,,,,,,,,,,,,,,,,,,,,,,,
13,4829,,,0.028848648071289062,0.41094970703125,16.0,1.0,1.0,1.0,1.0,1.0,1.0,1.0,1.0,0.0,0.0,0.0,0.0,0.0,0.0,0.0,0.0,0.0,27.0,1.0,0.0024491420481354,1.0,0.9386105537414551,0.9571533203125,0.02933157980442047,0.015625,0.029296875,0.0,1.0,0.046847060322761536,1.0,16.322647094726562,0.50390625,0.2646484375,0.9114391207695007,0.96484375,0.2392578125,0.923828125,0.22363144159317017,0.0,1.0,0.0625,1.0,0.0006325349095277488,1.0,1.0,0.0,0.0,0.0,0.0006325349095277488,,,,,,,,,,,,,,,,,,,,,,,,,,,,,,,,,,,,,,,,,,,,,,,,,,,,
13,4834,,,0.028456687927246094,0.409698486328125,16.0,1.0,1.0,1.0,1.0,1.0,1.0,1.0,1.0,0.0,0.0,0.0,0.0,0.0,0.0,0.0,0.0,0.0,27.0,1.0,0.0017644725739955902,1.0,0.945012092590332,0.966064453125,0.029531627893447876,0.015625,0.029541015625,0.0,1.0,0.04546242952346802,1.0,16.324848175048828,0.5078125,0.25439453125,0.9289827346801758,0.9453125,0.25341796875,0.91552734375,0.2179175317287445,0.0,1.0,0.0625,1.0,0.0005619595758616924,1.0,1.0,0.0,0.0,0.0,0.0005619595758616924,,,,,,,,,,,,,,,,,,,,,,,,,,,,,,,,,,,,,,,,,,,,,,,,,,,,
13,4839,,,0.02985668182373047,0.412261962890625,16.0,1.0,1.0,1.0,1.0,1.0,1.0,1.0,1.0,0.0,0.0,0.0,0.0,0.0,0.0,0.0,0.0,0.0,27.0,1.0,0.0020112134516239166,1.0,0.8966202735900879,0.9652099609375,0.028019383549690247,0.015625,0.028076171875,0.0,1.0,0.051363129168748856,1.0,16.308212280273438,0.505859375,0.25341796875,0.9190751314163208,0.9280155897140503,0.25244140625,0.904296875,0.24735766649246216,0.0,0.96875,0.060431987047195435,1.0,0.0005294634029269218,1.0,1.0,0.0,0.0,0.0,0.0005294634029269218,,,,,,,,,,,,,,,,,,,,,,,,,,,,,,,,,,,,,,,,,,,,,,,,,,,,
13,4844,,,0.028829574584960938,0.41046142578125,16.0,1.0,1.0,0.9375,0.99609375,0.90625,0.994140625,1.0,1.0,0.0,0.0,1.0,0.15625,0.0,1.0,1.0,0.00244140625,0.0,27.0,0.84375,0.012902197428047657,1.0,0.866633415222168,0.966796875,0.02708229422569275,0.015625,0.027099609375,0.0,1.0,0.06861104816198349,0.9975199103355408,16.29790496826172,0.513671875,0.25830078125,0.9111531376838684,0.94140625,0.25537109375,0.90771484375,0.2473001480102539,0.0,1.0,0.0625,0.99755859375,0.015095485374331474,1.0,1.0,0.0,0.0,0.0,0.015095485374331474,,,,,,,,,,,,,,,,,,,,,,,,,,,,,,,,,,,,,,,,,,,,,,,,,,,,
13,4849,,,0.030139923095703125,0.4117431640625,16.0,1.0,1.0,1.0,1.0,1.0,1.0,1.0,1.0,0.0,0.0,0.0,0.0,0.0,0.0,0.0,0.0,0.0,27.0,1.0,0.003948573488742113,1.0,0.8290596008300781,0.9571533203125,0.02590811252593994,0.015625,0.02587890625,0.0,1.0,0.06066036969423294,1.0,16.284988403320312,0.50341796875,0.259765625,0.8796992301940918,0.9140625,0.24365234375,0.8896484375,0.2885897159576416,0.0,0.9375,0.05859375,1.0,0.0011350840795785189,1.0,1.0,0.0,0.0,0.0,0.0011350840795785189,,,,,,,,,,,,,,,,,,,,,,,,,,,,,,,,,,,,,,,,,,,,,,,,,,,,
13,4854,,,0.02939319610595703,0.411407470703125,16.0,1.0,1.0,1.0,1.0,1.0,1.0,1.0,1.0,0.0,0.0,0.0,0.0,0.0,0.0,0.0,0.0,0.0,27.0,1.0,0.0073363143019378185,1.0,1.019749641418457,0.97314453125,0.03186717629432678,0.015625,0.031982421875,0.0,1.0,0.07086209207773209,1.0,16.35053825378418,0.541015625,0.2890625,0.8074324131011963,0.93359375,0.251953125,0.86767578125,0.3345518708229065,0.0,0.96875,0.060546875,1.0,0.0011828364804387093,1.0,1.0,0.0,0.0,0.0,0.0011828364804387093,,,,,,,,,,,,,,,,,,,,,,,,,,,,,,,,,,,,,,,,,,,,,,,,,,,,
13,4859,,,0.03656291961669922,0.402618408203125,16.0,1.0,1.0,1.0,1.0,1.0,1.0,1.0,1.0,0.0,0.0,0.0,0.0,0.0,0.0,0.0,0.0,0.0,27.0,1.0,0.00274232542142272,1.0,0.8293404579162598,0.9649658203125,0.025916889309883118,0.015625,0.02587890625,0.0,1.0,0.061688777059316635,1.0,16.285085678100586,0.482421875,0.23486328125,0.9147608876228333,0.859375,0.24755859375,0.875,0.29642677307128906,0.0,1.0,0.0625,1.0,0.000833412108477205,1.0,1.0,0.0,0.0,0.0,0.000833412108477205,,,,,,,,,,,,,,,,,,,,,,,,,,,,,,,,,,,,,,,,,,,,,,,,,,,,
13,4864,,,0.025261878967285156,0.411773681640625,16.0,1.0,1.0,1.0,1.0,1.0,1.0,1.0,1.0,0.0,0.0,0.0,0.0,0.0,0.0,0.0,0.0,0.0,27.0,1.0,0.00531634408980608,1.0,0.8457670211791992,0.977783203125,0.026430219411849976,0.015625,0.0264892578125,0.0,1.0,0.05217112973332405,1.0,16.290733337402344,0.51416015625,0.26806640625,0.8779599070549011,0.94140625,0.24609375,0.90283203125,0.24494968354701996,0.0,1.0,0.0625,1.0,0.0010692467913031578,1.0,1.0,0.0,0.0,0.0,0.0010692467913031578,,,,,,,,,,,,,,,,,,,,,,,,,,,,,,,,,,,,,,,,,,,,,,,,,,,,
13,4869,,,0.034313201904296875,0.41290283203125,16.0,1.0,1.0,1.0,1.0,1.0,1.0,1.0,1.0,0.0,0.0,0.0,0.0,0.0,0.0,0.0,0.0,0.0,27.0,1.0,0.002056088764220476,1.0,0.8530817031860352,0.9805908203125,0.0266588032245636,0.015625,0.026611328125,0.0,1.0,0.05476614460349083,1.0,16.29324722290039,0.51416015625,0.26025390625,0.891182005405426,0.927734375,0.25390625,0.89453125,0.2636432349681854,0.0,1.0,0.0625,1.0,0.0006462823366746306,1.0,1.0,0.0,0.0,0.0,0.0006462823366746306,,,,,,,,,,,,,,,,,,,,,,,,,,,,,,,,,,,,,,,,,,,,,,,,,,,,
13,4874,,,0.028801918029785156,0.414276123046875,16.0,1.0,1.0,1.0,1.0,1.0,1.0,1.0,1.0,0.0,0.0,0.0,0.0,0.0,0.0,0.0,0.0,0.0,27.0,1.0,0.0021926616318523884,1.0,0.8452281951904297,0.95556640625,0.026413381099700928,0.015625,0.0263671875,0.0,1.0,0.04656291380524635,1.0,16.290546417236328,0.50048828125,0.2333984375,0.9581589698791504,0.89453125,0.26708984375,0.91552734375,0.22360610961914062,0.0,0.875,0.0546875,1.0,0.00047907797852531075,1.0,1.0,0.0,0.0,0.0,0.00047907797852531075,,,,,,,,,,,,,,,,,,,,,,,,,,,,,,,,,,,,,,,,,,,,,,,,,,,,
13,4875,,,,,,,,,,,,,,,,,,,,,,,,,,,,,,,,,,,,,,,,,,,,,,,,,,,,,,,0.02420373447239399,0.4102894067764282,16.0,1.0,1.0,1.0,1.0,1.0,1.0,1.0,1.0,0.0,0.0,0.0,0.0,0.0,0.0,0.0,0.0,0.0,27.0,1.0,0.0024845143780112267,1.0,0.844780683517456,0.9685724377632141,0.0263993963599205,0.015625,0.026411576196551323,0.0,1.0,0.04912799596786499,1.0,16.29039192199707,0.4964488744735718,0.2521306872367859,0.9295879006385803,0.9375,0.2443181872367859,0.9197443127632141,0.23546390235424042,0.0,0.9090909361839294,0.05681818351149559,1.0,0.0006435419782064855,1.0,1.0,0.0,0.0,0.0,0.0006435419782064855
13,4879,,,0.028232574462890625,0.4124755859375,16.0,1.0,1.0,1.0,1.0,1.0,1.0,1.0,1.0,0.0,0.0,0.0,0.0,0.0,0.0,0.0,0.0,0.0,27.0,1.0,0.002909233793616295,1.0,0.8532271385192871,0.976806640625,0.026663348078727722,0.015625,0.026611328125,0.0,1.0,0.04902888834476471,1.0,16.293296813964844,0.4970703125,0.25634765625,0.9352381229400635,0.9571149945259094,0.24072265625,0.9248046875,0.232911616563797,0.0,1.0,0.062385112047195435,1.0,0.0009028737549670041,1.0,1.0,0.0,0.0,0.0,0.0009028737549670041,,,,,,,,,,,,,,,,,,,,,,,,,,,,,,,,,,,,,,,,,,,,,,,,,,,,
13,4884,,,0.02899169921875,0.4139404296875,16.0,1.0,1.0,1.0,1.0,1.0,1.0,1.0,1.0,0.0,0.0,0.0,0.0,0.0,0.0,0.0,0.0,0.0,27.0,1.0,0.001934631378389895,1.0,0.8565435409545898,0.9818115234375,0.026766985654830933,0.015625,0.0267333984375,0.0,1.0,0.048584360629320145,1.0,16.294437408447266,0.50146484375,0.2607421875,0.8970037698745728,0.935546875,0.24072265625,0.9169921875,0.23206573724746704,0.0,1.0,0.0625,1.0,0.000863579916767776,1.0,1.0,0.0,0.0,0.0,0.000863579916767776,,,,,,,,,,,,,,,,,,,,,,,,,,,,,,,,,,,,,,,,,,,,,,,,,,,,
13,4889,,,0.027439117431640625,0.41387939453125,16.0,1.0,1.0,1.0,1.0,1.0,1.0,1.0,1.0,0.0,0.0,0.0,0.0,0.0,0.0,0.0,0.0,0.0,27.0,1.0,0.002785211428999901,1.0,0.8055071830749512,0.975341796875,0.025172099471092224,0.015625,0.025146484375,0.0,1.0,0.05060885101556778,1.0,16.276893615722656,0.498046875,0.251953125,0.9089147448539734,0.9124513864517212,0.24609375,0.91650390625,0.2401251494884491,0.0,0.9375,0.05836397036910057,1.0,0.0011095867957919836,1.0,1.0,0.0,0.0,0.0,0.0011095867957919836,,,,,,,,,,,,,,,,,,,,,,,,,,,,,,,,,,,,,,,,,,,,,,,,,,,,
13,4894,,,0.027212142944335938,0.41107177734375,16.0,1.0,1.0,1.0,1.0,1.0,1.0,1.0,1.0,0.0,0.0,0.0,0.0,0.0,0.0,0.0,0.0,0.0,27.0,1.0,0.001563639147207141,1.0,0.7629246711730957,0.9793701171875,0.02384139597415924,0.015625,0.0238037109375,0.0,1.0,0.04805682227015495,1.0,16.26225471496582,0.50830078125,0.248046875,0.9192913174629211,0.9085603356361389,0.26025390625,0.9013671875,0.23133903741836548,0.0,1.0,0.06227022036910057,1.0,0.0006491480744443834,1.0,1.0,0.0,0.0,0.0,0.0006491480744443834,,,,,,,,,,,,,,,,,,,,,,,,,,,,,,,,,,,,,,,,,,,,,,,,,,,,
,4900,136.8772370482449,8.036398335628917,,,,,,,,,,,,,,,,,,,,,,,,,,,,,,,,,,,,,,,,,,,,,,,,,,,,,,,,,,,,,,,,,,,,,,,,,,,,,,,,,,,,,,,,,,,,,,,,,,,,,,,,
13,4899,,,0.029857635498046875,0.40606689453125,16.0,1.0,1.0,1.0,1.0,1.0,1.0,1.0,1.0,0.0,0.0,0.0,0.0,0.0,0.0,0.0,0.0,0.0,27.0,1.0,0.0016401071334257722,1.0,0.757662296295166,0.9801025390625,0.023676946759223938,0.015625,0.023681640625,0.0,1.0,0.041788242757320404,1.0,16.260446548461914,0.5087890625,0.25439453125,0.9097888469696045,0.92578125,0.25439453125,0.91748046875,0.2004745602607727,0.0,1.0,0.0625,1.0,0.000511706224642694,1.0,1.0,0.0,0.0,0.0,0.000511706224642694,,,,,,,,,,,,,,,,,,,,,,,,,,,,,,,,,,,,,,,,,,,,,,,,,,,,
13,4904,,,0.03522014617919922,0.403961181640625,16.0,1.0,1.0,1.0,1.0,1.0,1.0,1.0,1.0,0.0,0.0,0.0,0.0,0.0,0.0,0.0,0.0,0.0,27.0,1.0,0.0017006450798362494,1.0,0.7921051979064941,0.98046875,0.024753287434577942,0.015625,0.0247802734375,0.0,1.0,0.047146350145339966,1.0,16.27228546142578,0.513671875,0.25390625,0.9115384817123413,0.92578125,0.259765625,0.90966796875,0.22632840275764465,0.0,1.0,0.0625,1.0,0.0006073930999264121,1.0,1.0,0.0,0.0,0.0,0.0006073930999264121,,,,,,,,,,,,,,,,,,,,,,,,,,,,,,,,,,,,,,,,,,,,,,,,,,,,
13,4909,,,0.03220844268798828,0.409027099609375,16.0,1.0,1.0,1.0,1.0,1.0,1.0,1.0,1.0,0.0,0.0,0.0,0.0,0.0,0.0,0.0,0.0,0.0,27.0,1.0,0.0015932940877974033,1.0,0.764012336730957,0.980224609375,0.023875385522842407,0.015625,0.02392578125,0.0,1.0,0.04762205481529236,1.0,16.26262855529785,0.5107421875,0.2626953125,0.8717471957206726,0.916015625,0.248046875,0.9091796875,0.2289915680885315,0.0,1.0,0.0625,1.0,0.0006245911354199052,1.0,1.0,0.0,0.0,0.0,0.0006245911354199052,,,,,,,,,,,,,,,,,,,,,,,,,,,,,,,,,,,,,,,,,,,,,,,,,,,,
13,4914,,,0.029474258422851562,0.4044189453125,16.0,1.0,1.0,1.0,1.0,1.0,1.0,1.0,1.0,0.0,0.0,0.0,0.0,0.0,0.0,0.0,0.0,0.0,27.0,1.0,0.002145918784663081,1.0,0.768916130065918,0.9732666015625,0.024028629064559937,0.015625,0.0240478515625,0.0,1.0,0.0461122952401638,1.0,16.264314651489258,0.5029296875,0.25,0.921875,0.921875,0.2529296875,0.9150390625,0.21954935789108276,0.0,1.0,0.0625,1.0,0.0008905455470085144,1.0,1.0,0.0,0.0,0.0,0.0008905455470085144,,,,,,,,,,,,,,,,,,,,,,,,,,,,,,,,,,,,,,,,,,,,,,,,,,,,
13,4919,,,0.0322265625,0.4100341796875,16.0,1.0,1.0,1.0,1.0,1.0,1.0,1.0,1.0,0.0,0.0,0.0,0.0,0.0,0.0,0.0,0.0,0.0,27.0,1.0,0.0022528227418661118,1.0,0.7851929664611816,0.9710693359375,0.024537280201911926,0.015625,0.0245361328125,0.0,1.0,0.050718311220407486,1.0,16.26991081237793,0.4970703125,0.24609375,0.9146825671195984,0.900390625,0.2509765625,0.91943359375,0.24297936260700226,0.0,0.96875,0.060546875,1.0,0.0007448719115927815,1.0,1.0,0.0,0.0,0.0,0.0007448719115927815,,,,,,,,,,,,,,,,,,,,,,,,,,,,,,,,,,,,,,,,,,,,,,,,,,,,
13,4924,,,0.03162097930908203,0.409088134765625,16.0,1.0,1.0,1.0,1.0,1.0,1.0,1.0,1.0,0.0,0.0,0.0,0.0,0.0,0.0,0.0,0.0,0.0,27.0,1.0,0.0017982420977205038,1.0,0.7957444190979004,0.9630126953125,0.024867013096809387,0.015625,0.02490234375,0.0,1.0,0.04228790104389191,1.0,16.273536682128906,0.49462890625,0.2568359375,0.9068440794944763,0.9280155897140503,0.23779296875,0.921875,0.20192894339561462,0.0,1.0,0.06227022036910057,1.0,0.0006366150337271392,1.0,1.0,0.0,0.0,0.0,0.0006366150337271392,,,,,,,,,,,,,,,,,,,,,,,,,,,,,,,,,,,,,,,,,,,,,,,,,,,,
14,4929,,,0.02788257598876953,0.406524658203125,16.0,1.0,1.0,1.0,1.0,1.0,1.0,1.0,1.0,0.0,0.0,0.0,0.0,0.0,0.0,0.0,0.0,0.0,27.0,1.0,0.0026385474484413862,1.0,0.887932300567627,0.97119140625,0.027747884392738342,0.015625,0.0277099609375,0.0,1.0,0.04860765114426613,1.0,16.305227279663086,0.50439453125,0.26171875,0.9085820913314819,0.951171875,0.24267578125,0.916015625,0.23107028007507324,0.0,1.0,0.0625,1.0,0.0009020029101520777,1.0,1.0,0.0,0.0,0.0,0.0009020029101520777,,,,,,,,,,,,,,,,,,,,,,,,,,,,,,,,,,,,,,,,,,,,,,,,,,,,
14,4934,,,0.02684307098388672,0.404998779296875,16.0,1.0,1.0,1.0,1.0,1.0,1.0,1.0,1.0,0.0,0.0,0.0,0.0,0.0,0.0,0.0,0.0,0.0,27.0,1.0,0.0014761150814592838,1.0,0.850438117980957,0.96484375,0.026576191186904907,0.015625,0.026611328125,0.0,1.0,0.04290200024843216,1.0,16.29233741760254,0.4970703125,0.26171875,0.9104477763175964,0.953125,0.2353515625,0.9287109375,0.20657142996788025,0.0,0.9375,0.05859375,1.0,0.00041619857074692845,1.0,1.0,0.0,0.0,0.0,0.00041619857074692845,,,,,,,,,,,,,,,,,,,,,,,,,,,,,,,,,,,,,,,,,,,,,,,,,,,,
14,4939,,,0.028647422790527344,0.406463623046875,16.0,1.0,1.0,1.0,1.0,1.0,1.0,1.0,1.0,0.0,0.0,0.0,0.0,0.0,0.0,0.0,0.0,0.0,27.0,1.0,0.001446128822863102,1.0,0.8326516151428223,0.9710693359375,0.026020362973213196,0.015625,0.0260009765625,0.0,1.0,0.04032772779464722,1.0,16.286224365234375,0.4990234375,0.255859375,0.9160305261611938,0.9375,0.2431640625,0.92626953125,0.19373741745948792,0.0,0.875,0.0546875,1.0,0.0004134365590289235,1.0,1.0,0.0,0.0,0.0,0.0004134365590289235,,,,,,,,,,,,,,,,,,,,,,,,,,,,,,,,,,,,,,,,,,,,,,,,,,,,
14,4944,,,0.02707195281982422,0.408477783203125,16.0,1.0,1.0,1.0,1.0,1.0,1.0,1.0,1.0,0.0,0.0,0.0,0.0,0.0,0.0,0.0,0.0,0.0,27.0,1.0,0.001339123584330082,1.0,0.7956233024597168,0.9736328125,0.02486322820186615,0.015625,0.02490234375,0.0,1.0,0.049226440489292145,1.0,16.273494720458984,0.5009765625,0.25830078125,0.9130434989929199,0.943359375,0.24267578125,0.91259765625,0.2382029891014099,0.0,1.0,0.0625,1.0,0.0004806159413419664,1.0,1.0,0.0,0.0,0.0,0.0004806159413419664,,,,,,,,,,,,,,,,,,,,,,,,,,,,,,,,,,,,,,,,,,,,,,,,,,,,
14,4949,,,0.030953407287597656,0.404266357421875,16.0,0.96875,0.998046875,1.0,1.0,1.0,1.0,1.0,1.0,0.0,0.0,1.0,0.03125,0.0,0.0,0.0,0.00048828125,0.0,27.0,0.96875,0.003455587662756443,1.0,0.7261481285095215,0.9739990234375,0.022692129015922546,0.015625,0.022705078125,0.0,1.0,0.041949570178985596,0.999504029750824,16.24961280822754,0.50341796875,0.2548828125,0.9291187524795532,0.947265625,0.24853515625,0.93798828125,0.1919698864221573,0.0,1.0,0.0625,0.99951171875,0.0019282109569758177,1.0,1.0,0.0,0.0,0.0,0.0019282109569758177,,,,,,,,,,,,,,,,,,,,,,,,,,,,,,,,,,,,,,,,,,,,,,,,,,,,
14,4954,,,0.029794692993164062,0.4046630859375,16.0,1.0,1.0,1.0,1.0,1.0,1.0,1.0,1.0,0.0,0.0,0.0,0.0,0.0,0.0,0.0,0.0,0.0,27.0,1.0,0.001790637499652803,1.0,0.7618942260742188,0.9796142578125,0.023809194564819336,0.015625,0.0238037109375,0.0,1.0,0.042524728924036026,1.0,16.26190185546875,0.49853515625,0.25537109375,0.9120458960533142,0.9298245906829834,0.2431640625,0.92919921875,0.20325811207294464,0.0,1.0,0.062385112047195435,1.0,0.0006506623467430472,1.0,1.0,0.0,0.0,0.0,0.0006506623467430472,,,,,,,,,,,,,,,,,,,,,,,,,,,,,,,,,,,,,,,,,,,,,,,,,,,,
14,4959,,,0.02985382080078125,0.40606689453125,16.0,1.0,1.0,1.0,1.0,1.0,1.0,1.0,1.0,0.0,0.0,0.0,0.0,0.0,0.0,0.0,0.0,0.0,27.0,1.0,0.0014351124409586191,1.0,0.7131485939025879,0.9764404296875,0.02228589355945587,0.015625,0.0223388671875,0.0,1.0,0.03781505674123764,1.0,16.24514389038086,0.4970703125,0.2578125,0.9242424368858337,0.953125,0.2392578125,0.93603515625,0.18081986904144287,0.0,1.0,0.0625,1.0,0.000547445029951632,1.0,1.0,0.0,0.0,0.0,0.000547445029951632,,,,,,,,,,,,,,,,,,,,,,,,,,,,,,,,,,,,,,,,,,,,,,,,,,,,
14,4964,,,0.029315948486328125,0.40435791015625,16.0,1.0,1.0,1.0,1.0,1.0,1.0,1.0,1.0,0.0,0.0,0.0,0.0,0.0,0.0,0.0,0.0,0.0,27.0,1.0,0.001559155061841011,1.0,0.7207584381103516,0.975830078125,0.022523701190948486,0.015625,0.0225830078125,0.0,1.0,0.03486158698797226,1.0,16.247760772705078,0.484375,0.26025390625,0.9287054538726807,0.966796875,0.22412109375,0.94091796875,0.1659391224384308,0.0,0.90625,0.056640625,1.0,0.0005387701094150543,1.0,1.0,0.0,0.0,0.0,0.0005387701094150543,,,,,,,,,,,,,,,,,,,,,,,,,,,,,,,,,,,,,,,,,,,,,,,,,,,,
14,4969,,,0.036640167236328125,0.4046630859375,16.0,1.0,1.0,1.0,1.0,1.0,1.0,1.0,1.0,0.0,0.0,0.0,0.0,0.0,0.0,0.0,0.0,0.0,27.0,1.0,0.0013908909168094397,1.0,0.6770114898681641,0.9801025390625,0.021156609058380127,0.015625,0.0211181640625,0.0,1.0,0.03662504628300667,1.0,16.232723236083984,0.48974609375,0.25537109375,0.913957953453064,0.93359375,0.234375,0.9345703125,0.1750382035970688,0.0,0.96875,0.060546875,1.0,0.00048175646224990487,1.0,1.0,0.0,0.0,0.0,0.00048175646224990487,,,,,,,,,,,,,,,,,,,,,,,,,,,,,,,,,,,,,,,,,,,,,,,,,,,,
14,4974,,,0.027543067932128906,0.403472900390625,16.0,1.0,1.0,1.0,1.0,1.0,1.0,1.0,1.0,0.0,0.0,0.0,0.0,0.0,0.0,0.0,0.0,0.0,27.0,1.0,0.0020074050407856703,1.0,0.6887750625610352,0.9765625,0.02152422070503235,0.015625,0.021484375,0.0,1.0,0.03751135990023613,1.0,16.236766815185547,0.49609375,0.25244140625,0.924564778804779,0.9317739009857178,0.24365234375,0.93115234375,0.1780601441860199,0.0,1.0,0.062385112047195435,1.0,0.0006928950315341353,1.0,1.0,0.0,0.0,0.0,0.0006928950315341353,,,,,,,,,,,,,,,,,,,,,,,,,,,,,,,,,,,,,,,,,,,,,,,,,,,,
14,4979,,,0.029893875122070312,0.401611328125,16.0,1.0,1.0,1.0,1.0,1.0,1.0,1.0,1.0,0.0,0.0,0.0,0.0,0.0,0.0,0.0,0.0,0.0,27.0,1.0,0.0019055739976465702,1.0,0.6918892860412598,0.974609375,0.021621540188789368,0.015625,0.0216064453125,0.0,1.0,0.046172451227903366,1.0,16.237836837768555,0.49560546875,0.2568359375,0.8802281618118286,0.904296875,0.23876953125,0.91455078125,0.2217741757631302,0.0,1.0,0.0625,1.0,0.0006093129049986601,1.0,1.0,0.0,0.0,0.0,0.0006093129049986601,,,,,,,,,,,,,,,,,,,,,,,,,,,,,,,,,,,,,,,,,,,,,,,,,,,,
14,4984,,,0.029639244079589844,0.407379150390625,16.0,1.0,1.0,1.0,1.0,1.0,1.0,1.0,1.0,0.0,0.0,0.0,0.0,0.0,0.0,0.0,0.0,0.0,27.0,1.0,0.0020286026410758495,1.0,0.6452498435974121,0.9755859375,0.02016405761241913,0.015625,0.0201416015625,0.0,1.0,0.050230201333761215,1.0,16.221805572509766,0.48291015625,0.24951171875,0.8943248391151428,0.892578125,0.2333984375,0.908203125,0.2420034557580948,0.0,0.9375,0.05859375,1.0,0.0006235145265236497,1.0,1.0,0.0,0.0,0.0,0.0006235145265236497,,,,,,,,,,,,,,,,,,,,,,,,,,,,,,,,,,,,,,,,,,,,,,,,,,,,
14,4989,,,0.030501365661621094,0.410064697265625,16.0,1.0,1.0,1.0,1.0,1.0,1.0,1.0,1.0,0.0,0.0,0.0,0.0,0.0,0.0,0.0,0.0,0.0,27.0,1.0,0.0014373156009241939,1.0,0.6845636367797852,0.9794921875,0.021392613649368286,0.015625,0.0213623046875,0.0,1.0,0.04377013444900513,1.0,16.235319137573242,0.50439453125,0.25146484375,0.9184466004371643,0.923828125,0.2529296875,0.9306640625,0.21099044382572174,0.0,1.0,0.0625,1.0,0.00048045924631878734,1.0,1.0,0.0,0.0,0.0,0.00048045924631878734,,,,,,,,,,,,,,,,,,,,,,,,,,,,,,,,,,,,,,,,,,,,,,,,,,,,
14,4994,,,0.02898406982421875,0.4044189453125,16.0,1.0,1.0,1.0,1.0,1.0,1.0,1.0,1.0,0.0,0.0,0.0,0.0,0.0,0.0,0.0,0.0,0.0,27.0,1.0,0.002658766694366932,1.0,0.6747565269470215,0.9837646484375,0.02108614146709442,0.015625,0.0211181640625,0.0,1.0,0.04440014809370041,1.0,16.23194694519043,0.50830078125,0.259765625,0.9060150384902954,0.9395711421966553,0.24853515625,0.92822265625,0.21031823754310608,0.0,1.0,0.062385112047195435,1.0,0.0009604419465176761,1.0,1.0,0.0,0.0,0.0,0.0009604419465176761,,,,,,,,,,,,,,,,,,,,,,,,,,,,,,,,,,,,,,,,,,,,,,,,,,,,
,5000,124.25084910099999,8.048234738316584,,,,,,,,,,,,,,,,,,,,,,,,,,,,,,,,,,,,,,,,,,,,,,,,,,,,,,,,,,,,,,,,,,,,,,,,,,,,,,,,,,,,,,,,,,,,,,,,,,,,,,,,
14,4999,,,0.029338836669921875,0.403564453125,16.0,1.0,1.0,1.0,1.0,1.0,1.0,1.0,1.0,0.0,0.0,0.0,0.0,0.0,0.0,0.0,0.0,0.0,27.0,1.0,0.001728162169456482,1.0,0.6662888526916504,0.984375,0.020821526646614075,0.015625,0.0208740234375,0.0,1.0,0.04959949478507042,1.0,16.229036331176758,0.50390625,0.25830078125,0.9054820537567139,0.9319066405296326,0.24560546875,0.91796875,0.23887014389038086,0.0,1.0,0.06227022036910057,1.0,0.0006823302246630192,1.0,1.0,0.0,0.0,0.0,0.0006823302246630192,,,,,,,,,,,,,,,,,,,,,,,,,,,,,,,,,,,,,,,,,,,,,,,,,,,,
14,5004,,,0.028413772583007812,0.40325927734375,16.0,1.0,1.0,1.0,1.0,1.0,1.0,1.0,1.0,0.0,0.0,0.0,0.0,0.0,0.0,0.0,0.0,0.0,27.0,1.0,0.0019402087200433016,1.0,0.6914262771606445,0.9815673828125,0.02160707116127014,0.015625,0.0216064453125,0.0,1.0,0.055681921541690826,1.0,16.23767852783203,0.48681640625,0.255859375,0.8912213444709778,0.912109375,0.23095703125,0.90283203125,0.2691022753715515,0.0,0.96875,0.060546875,1.0,0.0006593051366508007,1.0,1.0,0.0,0.0,0.0,0.0006593051366508007,,,,,,,,,,,,,,,,,,,,,,,,,,,,,,,,,,,,,,,,,,,,,,,,,,,,
14,5009,,,0.032263755798339844,0.403717041015625,16.0,1.0,1.0,1.0,1.0,1.0,1.0,1.0,1.0,0.0,0.0,0.0,0.0,0.0,0.0,0.0,0.0,0.0,27.0,1.0,0.002243026625365019,1.0,0.7062830924987793,0.9827880859375,0.022071346640586853,0.015625,0.0220947265625,0.0,1.0,0.060853105038404465,1.0,16.24278450012207,0.4892578125,0.25634765625,0.8857142925262451,0.908203125,0.23291015625,0.880859375,0.29143208265304565,0.0,1.0,0.0625,1.0,0.001240789657458663,1.0,1.0,0.0,0.0,0.0,0.001240789657458663,,,,,,,,,,,,,,,,,,,,,,,,,,,,,,,,,,,,,,,,,,,,,,,,,,,,
14,5014,,,0.0328369140625,0.3953857421875,16.0,1.0,1.0,1.0,1.0,1.0,1.0,1.0,1.0,0.0,0.0,0.0,0.0,0.0,0.0,0.0,0.0,0.0,27.0,1.0,0.001686963252723217,1.0,0.7353277206420898,0.975830078125,0.022978991270065308,0.015625,0.02294921875,0.0,1.0,0.07399272918701172,1.0,16.252769470214844,0.47802734375,0.24658203125,0.9207921028137207,0.908203125,0.2314453125,0.85888671875,0.3609998822212219,0.0,1.0,0.0625,1.0,0.0005829737638123333,1.0,1.0,0.0,0.0,0.0,0.0005829737638123333,,,,,,,,,,,,,,,,,,,,,,,,,,,,,,,,,,,,,,,,,,,,,,,,,,,,
14,5019,,,0.02889537811279297,0.406524658203125,16.0,1.0,1.0,1.0,1.0,1.0,1.0,1.0,1.0,0.0,0.0,0.0,0.0,0.0,0.0,0.0,0.0,0.0,27.0,1.0,0.0021978404838591814,1.0,0.7332229614257812,0.9754638671875,0.022913217544555664,0.015625,0.02294921875,0.0,1.0,0.08653196692466736,1.0,16.252044677734375,0.47509765625,0.26025390625,0.908067524433136,0.9453125,0.21484375,0.818359375,0.42138317227363586,0.0,1.0,0.0625,1.0,0.0009572446579113603,1.0,1.0,0.0,0.0,0.0,0.0009572446579113603,,,,,,,,,,,,,,,,,,,,,,,,,,,,,,,,,,,,,,,,,,,,,,,,,,,,
14,5024,,,0.030858993530273438,0.40338134765625,16.0,1.0,1.0,1.0,1.0,1.0,1.0,1.0,1.0,0.0,0.0,0.0,0.0,0.0,0.0,0.0,0.0,0.0,27.0,1.0,0.0018521917518228292,1.0,0.7286233901977539,0.962646484375,0.02276948094367981,0.015625,0.0228271484375,0.0,1.0,0.10315743833780289,1.0,16.250463485717773,0.5302734375,0.2421875,0.9153226017951965,0.88671875,0.2880859375,0.7900390625,0.5062577724456787,0.0,1.0,0.0625,1.0,0.0006783892749808729,1.0,1.0,0.0,0.0,0.0,0.0006783892749808729,,,,,,,,,,,,,,,,,,,,,,,,,,,,,,,,,,,,,,,,,,,,,,,,,,,,
14,5029,,,0.025023460388183594,0.407928466796875,16.0,1.0,1.0,1.0,1.0,1.0,1.0,1.0,1.0,0.0,0.0,0.0,0.0,0.0,0.0,0.0,0.0,0.0,27.0,1.0,0.003973253071308136,1.0,0.764958381652832,0.9700927734375,0.023904949426651,0.015625,0.02392578125,0.0,1.0,0.08500991761684418,1.0,16.262954711914062,0.40185546875,0.2548828125,0.9099617004394531,0.924124538898468,0.14697265625,0.83984375,0.40967780351638794,0.0,0.90625,0.05641084536910057,1.0,0.0013520626816898584,1.0,1.0,0.0,0.0,0.0,0.0013520626816898584,,,,,,,,,,,,,,,,,,,,,,,,,,,,,,,,,,,,,,,,,,,,,,,,,,,,
14,5034,,,0.029270172119140625,0.41046142578125,16.0,1.0,1.0,1.0,1.0,1.0,1.0,1.0,1.0,0.0,0.0,0.0,0.0,0.0,0.0,0.0,0.0,0.0,27.0,1.0,0.0018180599436163902,1.0,0.8397173881530762,0.9722900390625,0.02624116837978363,0.015625,0.0262451171875,0.0,1.0,0.07974181324243546,1.0,16.288652420043945,0.41259765625,0.2646484375,0.8782287836074829,0.9296875,0.14794921875,0.830078125,0.3895092010498047,0.0,1.0,0.0625,1.0,0.0005663253832608461,1.0,1.0,0.0,0.0,0.0,0.0005663253832608461,,,,,,,,,,,,,,,,,,,,,,,,,,,,,,,,,,,,,,,,,,,,,,,,,,,,
14,5039,,,0.028807640075683594,0.401824951171875,16.0,1.0,1.0,1.0,1.0,1.0,1.0,1.0,1.0,0.0,0.0,0.0,0.0,0.0,0.0,0.0,0.0,0.0,27.0,1.0,0.003597587114199996,1.0,0.9516315460205078,0.988525390625,0.02973848581314087,0.015625,0.02978515625,0.0,1.0,0.07135366648435593,1.0,16.327123641967773,0.482421875,0.26611328125,0.9009174108505249,0.9552529454231262,0.21630859375,0.8818359375,0.3404475450515747,0.0,1.0,0.06227022036910057,1.0,0.0014815926551818848,1.0,1.0,0.0,0.0,0.0,0.0014815926551818848,,,,,,,,,,,,,,,,,,,,,,,,,,,,,,,,,,,,,,,,,,,,,,,,,,,,
14,5044,,,0.028530120849609375,0.40655517578125,16.0,1.0,1.0,1.0,1.0,1.0,1.0,1.0,1.0,0.0,0.0,0.0,0.0,0.0,0.0,0.0,0.0,0.0,27.0,1.0,0.001460628816857934,1.0,0.8386192321777344,0.9827880859375,0.0262068510055542,0.015625,0.0262451171875,0.0,1.0,0.0676480308175087,1.0,16.28827476501465,0.42578125,0.2451171875,0.9322709441184998,0.9122806787490845,0.1806640625,0.8681640625,0.3298379182815552,0.0,0.96875,0.060431987047195435,1.0,0.0005035641952417791,1.0,1.0,0.0,0.0,0.0,0.0005035641952417791,,,,,,,,,,,,,,,,,,,,,,,,,,,,,,,,,,,,,,,,,,,,,,,,,,,,
14,5049,,,0.03150367736816406,0.40679931640625,16.0,1.0,1.0,1.0,1.0,1.0,1.0,1.0,1.0,0.0,0.0,0.0,0.0,0.0,0.0,0.0,0.0,0.0,27.0,1.0,0.0010846860241144896,1.0,0.7884621620178223,0.977294921875,0.024639442563056946,0.015625,0.024658203125,0.0,1.0,0.06404425203800201,1.0,16.271034240722656,0.45068359375,0.2470703125,0.9130434989929199,0.9005848169326782,0.20361328125,0.875,0.31285083293914795,0.0,0.96875,0.060431987047195435,1.0,0.0003957750741392374,1.0,1.0,0.0,0.0,0.0,0.0003957750741392374,,,,,,,,,,,,,,,,,,,,,,,,,,,,,,,,,,,,,,,,,,,,,,,,,,,,
14,5054,,,0.03206634521484375,0.40423583984375,16.0,1.0,1.0,1.0,1.0,1.0,1.0,1.0,1.0,0.0,0.0,0.0,0.0,0.0,0.0,0.0,0.0,0.0,27.0,1.0,0.0018029415514320135,1.0,0.7446422576904297,0.9805908203125,0.023270070552825928,0.015625,0.0233154296875,0.0,1.0,0.05974236875772476,1.0,16.255970001220703,0.50390625,0.2822265625,0.8148788809776306,0.919921875,0.2216796875,0.8896484375,0.28915512561798096,0.0,1.0,0.0625,1.0,0.0006745510618202388,1.0,1.0,0.0,0.0,0.0,0.0006745510618202388,,,,,,,,,,,,,,,,,,,,,,,,,,,,,,,,,,,,,,,,,,,,,,,,,,,,
14,5059,,,0.030569076538085938,0.40625,16.0,1.0,1.0,1.0,1.0,1.0,1.0,1.0,1.0,0.0,0.0,0.0,0.0,0.0,0.0,0.0,0.0,0.0,27.0,1.0,0.0017381340730935335,1.0,0.6380887031555176,0.965576171875,0.019940271973609924,0.015625,0.0198974609375,0.0,1.0,0.054803140461444855,1.0,16.219343185424805,0.49951171875,0.27880859375,0.817863404750824,0.912109375,0.220703125,0.89013671875,0.2654498219490051,0.0,0.65625,0.041015625,1.0,0.0005743156652897596,1.0,1.0,0.0,0.0,0.0,0.0005743156652897596,,,,,,,,,,,,,,,,,,,,,,,,,,,,,,,,,,,,,,,,,,,,,,,,,,,,
14,5064,,,0.02753162384033203,0.406707763671875,16.0,1.0,1.0,1.0,1.0,1.0,1.0,1.0,1.0,0.0,0.0,0.0,0.0,0.0,0.0,0.0,0.0,0.0,27.0,1.0,0.001784859225153923,1.0,0.5497591495513916,0.96337890625,0.017179973423480988,0.015625,0.0172119140625,0.0,1.0,0.06053541600704193,1.0,16.188980102539062,0.49169921875,0.25927734375,0.8719397187232971,0.904296875,0.232421875,0.89306640625,0.2940788269042969,0.0,0.875,0.0546875,1.0,0.0006547954981215298,1.0,1.0,0.0,0.0,0.0,0.0006547954981215298,,,,,,,,,,,,,,,,,,,,,,,,,,,,,,,,,,,,,,,,,,,,,,,,,,,,
14,5069,,,0.027620315551757812,0.41033935546875,16.0,1.0,1.0,1.0,1.0,1.0,1.0,1.0,1.0,0.0,0.0,0.0,0.0,0.0,0.0,0.0,0.0,0.0,27.0,1.0,0.001876144204288721,1.0,0.5536613464355469,0.9708251953125,0.01730191707611084,0.015625,0.017333984375,0.0,1.0,0.05706188455224037,1.0,16.19032096862793,0.4970703125,0.255859375,0.8969465494155884,0.91796875,0.2412109375,0.9033203125,0.2759125828742981,0.0,0.9375,0.05859375,1.0,0.0007869923720136285,1.0,1.0,0.0,0.0,0.0,0.0007869923720136285,,,,,,,,,,,,,,,,,,,,,,,,,,,,,,,,,,,,,,,,,,,,,,,,,,,,
14,5074,,,0.03458213806152344,0.40789794921875,16.0,1.0,1.0,1.0,1.0,1.0,1.0,1.0,1.0,0.0,0.0,0.0,0.0,0.0,0.0,0.0,0.0,0.0,27.0,1.0,0.001698627369478345,1.0,0.5823864936828613,0.9732666015625,0.018199577927589417,0.015625,0.0181884765625,0.0,1.0,0.053106844425201416,1.0,16.2001953125,0.5009765625,0.26171875,0.871268630027771,0.9085603356361389,0.2392578125,0.904296875,0.2573334872722626,0.0,0.9375,0.05836397036910057,1.0,0.0005053648492321372,1.0,1.0,0.0,0.0,0.0,0.0005053648492321372,,,,,,,,,,,,,,,,,,,,,,,,,,,,,,,,,,,,,,,,,,,,,,,,,,,,
14,5079,,,0.02867603302001953,0.408660888671875,16.0,1.0,1.0,1.0,1.0,1.0,1.0,1.0,1.0,0.0,0.0,0.0,0.0,0.0,0.0,0.0,0.0,0.0,27.0,1.0,0.001558364019729197,1.0,0.6136870384216309,0.982421875,0.019177719950675964,0.015625,0.0191650390625,0.0,1.0,0.05612453818321228,1.0,16.210954666137695,0.4970703125,0.255859375,0.8664122223854065,0.8781431317329407,0.2412109375,0.89208984375,0.2726094126701355,0.0,1.0,0.061925552785396576,1.0,0.0005429241573438048,1.0,1.0,0.0,0.0,0.0,0.0005429241573438048,,,,,,,,,,,,,,,,,,,,,,,,,,,,,,,,,,,,,,,,,,,,,,,,,,,,
14,5084,,,0.02678966522216797,0.406646728515625,16.0,1.0,1.0,1.0,1.0,1.0,1.0,1.0,1.0,0.0,0.0,0.0,0.0,0.0,0.0,0.0,0.0,0.0,27.0,1.0,0.0011960964184254408,1.0,0.6199758052825928,0.9735107421875,0.019374243915081024,0.015625,0.0194091796875,0.0,1.0,0.057288601994514465,1.0,16.213117599487305,0.47998046875,0.25244140625,0.8897485733032227,0.893203854560852,0.2275390625,0.89892578125,0.27917006611824036,0.0,1.0,0.06215532869100571,1.0,0.0004985681152902544,1.0,1.0,0.0,0.0,0.0,0.0004985681152902544,,,,,,,,,,,,,,,,,,,,,,,,,,,,,,,,,,,,,,,,,,,,,,,,,,,,
14,5089,,,0.03155517578125,0.4080810546875,16.0,1.0,1.0,1.0,1.0,1.0,1.0,1.0,1.0,0.0,0.0,0.0,0.0,0.0,0.0,0.0,0.0,0.0,27.0,1.0,0.0016649478347972035,1.0,0.60453200340271,0.9793701171875,0.018891625106334686,0.015625,0.0189208984375,0.0,1.0,0.053764864802360535,1.0,16.207807540893555,0.48828125,0.265625,0.8547794222831726,0.908203125,0.22265625,0.9033203125,0.26060187816619873,0.0,0.9375,0.05859375,1.0,0.0005350434221327305,1.0,1.0,0.0,0.0,0.0,0.0005350434221327305,,,,,,,,,,,,,,,,,,,,,,,,,,,,,,,,,,,,,,,,,,,,,,,,,,,,
14,5094,,,0.02918720245361328,0.407928466796875,16.0,1.0,1.0,1.0,1.0,1.0,1.0,1.0,1.0,0.0,0.0,0.0,0.0,0.0,0.0,0.0,0.0,0.0,27.0,1.0,0.0024494340177625418,1.0,0.5742092132568359,0.9736328125,0.017944037914276123,0.015625,0.0179443359375,0.0,1.0,0.058305978775024414,1.0,16.197383880615234,0.484375,0.2607421875,0.9044944047927856,0.943359375,0.2236328125,0.9072265625,0.2799806594848633,0.0,0.90625,0.056640625,1.0,0.0010470349807292223,1.0,1.0,0.0,0.0,0.0,0.0010470349807292223,,,,,,,,,,,,,,,,,,,,,,,,,,,,,,,,,,,,,,,,,,,,,,,,,,,,
,5100,111.66951413964706,8.05949597734002,,,,,,,,,,,,,,,,,,,,,,,,,,,,,,,,,,,,,,,,,,,,,,,,,,,,,,,,,,,,,,,,,,,,,,,,,,,,,,,,,,,,,,,,,,,,,,,,,,,,,,,,
14,5099,,,0.02917957305908203,0.412506103515625,16.0,1.0,1.0,1.0,1.0,1.0,1.0,1.0,1.0,0.0,0.0,0.0,0.0,0.0,0.0,0.0,0.0,0.0,27.0,1.0,0.0012104413472115993,1.0,0.5447485446929932,0.9615478515625,0.017023392021656036,0.015625,0.0169677734375,0.0,1.0,0.05420001596212387,1.0,16.187257766723633,0.46923828125,0.2548828125,0.9080459475517273,0.92578125,0.21435546875,0.89892578125,0.2638036608695984,0.0,0.90625,0.056640625,1.0,0.0005053718341514468,1.0,1.0,0.0,0.0,0.0,0.0005053718341514468,,,,,,,,,,,,,,,,,,,,,,,,,,,,,,,,,,,,,,,,,,,,,,,,,,,,
14,5104,,,0.02835369110107422,0.411468505859375,16.0,1.0,1.0,1.0,1.0,1.0,1.0,1.0,1.0,0.0,0.0,0.0,0.0,0.0,0.0,0.0,0.0,0.0,27.0,1.0,0.0015717253554612398,1.0,0.5508811473846436,0.9735107421875,0.01721503585577011,0.015625,0.0172119140625,0.0,1.0,0.06337346136569977,1.0,16.18936538696289,0.48046875,0.251953125,0.9031007885932922,0.91015625,0.228515625,0.89111328125,0.30850833654403687,0.0,0.84375,0.052734375,1.0,0.0006520033348351717,1.0,1.0,0.0,0.0,0.0,0.0006520033348351717,,,,,,,,,,,,,,,,,,,,,,,,,,,,,,,,,,,,,,,,,,,,,,,,,,,,
14,5109,,,0.02983570098876953,0.410247802734375,16.0,1.0,1.0,1.0,1.0,1.0,1.0,1.0,1.0,0.0,0.0,0.0,0.0,0.0,0.0,0.0,0.0,0.0,27.0,1.0,0.001903641503304243,1.0,0.5505387783050537,0.97021484375,0.01720433682203293,0.015625,0.0172119140625,0.0,1.0,0.0495007261633873,1.0,16.189247131347656,0.4892578125,0.26025390625,0.909943699836731,0.947265625,0.22900390625,0.91015625,0.23703807592391968,0.0,1.0,0.0625,1.0,0.0009755212813615799,1.0,1.0,0.0,0.0,0.0,0.0009755212813615799,,,,,,,,,,,,,,,,,,,,,,,,,,,,,,,,,,,,,,,,,,,,,,,,,,,,
14,5114,,,0.02892017364501953,0.409759521484375,16.0,1.0,1.0,1.0,1.0,1.0,1.0,1.0,1.0,0.0,0.0,0.0,0.0,0.0,0.0,0.0,0.0,0.0,27.0,1.0,0.0018633101135492325,1.0,0.5199353694915771,0.9674072265625,0.016247980296611786,0.015625,0.0162353515625,0.0,1.0,0.05350249260663986,1.0,16.178728103637695,0.4921875,0.26220703125,0.8864059448242188,0.9296875,0.22998046875,0.90673828125,0.2583548128604889,0.0,0.84375,0.052734375,1.0,0.000752249441575259,1.0,1.0,0.0,0.0,0.0,0.000752249441575259,,,,,,,,,,,,,,,,,,,,,,,,,,,,,,,,,,,,,,,,,,,,,,,,,,,,
14,5119,,,0.027650833129882812,0.408203125,16.0,1.0,1.0,1.0,1.0,1.0,1.0,1.0,1.0,0.0,0.0,0.0,0.0,0.0,0.0,0.0,0.0,0.0,27.0,1.0,0.002361669670790434,1.0,0.5390572547912598,0.9818115234375,0.016845539212226868,0.015625,0.016845703125,0.0,1.0,0.051744792610406876,1.0,16.185300827026367,0.4921875,0.2607421875,0.8745318055152893,0.912109375,0.2314453125,0.9033203125,0.2476913034915924,0.0,1.0,0.0625,1.0,0.0010020023910328746,1.0,1.0,0.0,0.0,0.0,0.0010020023910328746,,,,,,,,,,,,,,,,,,,,,,,,,,,,,,,,,,,,,,,,,,,,,,,,,,,,
14,5124,,,0.02696704864501953,0.410430908203125,16.0,1.0,1.0,1.0,1.0,1.0,1.0,1.0,1.0,0.0,0.0,0.0,0.0,0.0,0.0,0.0,0.0,0.0,27.0,1.0,0.0027388310991227627,1.0,0.5062286853790283,0.9752197265625,0.015819646418094635,0.015625,0.015869140625,0.0,1.0,0.05063841491937637,1.0,16.17401695251465,0.5048828125,0.26904296875,0.8656987547874451,0.931640625,0.23583984375,0.91259765625,0.23965419828891754,0.0,0.96875,0.060546875,1.0,0.0014365745009854436,1.0,1.0,0.0,0.0,0.0,0.0014365745009854436,,,,,,,,,,,,,,,,,,,,,,,,,,,,,,,,,,,,,,,,,,,,,,,,,,,,
14,5129,,,0.031011581420898438,0.41094970703125,16.0,1.0,1.0,1.0,1.0,1.0,1.0,1.0,1.0,0.0,0.0,0.0,0.0,0.0,0.0,0.0,0.0,0.0,27.0,1.0,0.002072755014523864,1.0,0.5059072971343994,0.9783935546875,0.01580960303544998,0.015625,0.015869140625,0.0,1.0,0.05006308853626251,1.0,16.173906326293945,0.5048828125,0.26220703125,0.884543776512146,0.9223300814628601,0.24267578125,0.92138671875,0.2401602566242218,0.0,0.90625,0.05629595369100571,1.0,0.0008861109963618219,1.0,1.0,0.0,0.0,0.0,0.0008861109963618219,,,,,,,,,,,,,,,,,,,,,,,,,,,,,,,,,,,,,,,,,,,,,,,,,,,,
14,5134,,,0.029148101806640625,0.4122314453125,16.0,1.0,1.0,1.0,1.0,1.0,1.0,1.0,1.0,0.0,0.0,0.0,0.0,0.0,0.0,0.0,0.0,0.0,27.0,1.0,0.001995041035115719,1.0,0.5143487453460693,0.96923828125,0.016073398292064667,0.015625,0.01611328125,0.0,1.0,0.043571360409259796,1.0,16.176807403564453,0.50732421875,0.2548828125,0.8946360349655151,0.912109375,0.25244140625,0.91748046875,0.2081362009048462,0.0,1.0,0.0625,1.0,0.0008315388695336878,1.0,1.0,0.0,0.0,0.0,0.0008315388695336878,,,,,,,,,,,,,,,,,,,,,,,,,,,,,,,,,,,,,,,,,,,,,,,,,,,,
14,5139,,,0.027998924255371094,0.413543701171875,16.0,1.0,1.0,1.0,1.0,1.0,1.0,1.0,1.0,0.0,0.0,0.0,0.0,0.0,0.0,0.0,0.0,0.0,27.0,1.0,0.001517729600891471,1.0,0.5297346115112305,0.9656982421875,0.016554206609725952,0.015625,0.0166015625,0.0,1.0,0.04888070374727249,1.0,16.182096481323242,0.505859375,0.26513671875,0.8729282021522522,0.9203883409500122,0.24072265625,0.9169921875,0.23616544902324677,0.0,0.96875,0.06020220369100571,1.0,0.0006563155329786241,1.0,1.0,0.0,0.0,0.0,0.0006563155329786241,,,,,,,,,,,,,,,,,,,,,,,,,,,,,,,,,,,,,,,,,,,,,,,,,,,,
14,5144,,,0.030691146850585938,0.40972900390625,16.0,1.0,1.0,1.0,1.0,1.0,1.0,1.0,1.0,0.0,0.0,0.0,0.0,0.0,0.0,0.0,0.0,0.0,27.0,1.0,0.0015453133964911103,1.0,0.5912139415740967,0.977783203125,0.01847543567419052,0.015625,0.0184326171875,0.0,1.0,0.04832984134554863,1.0,16.203229904174805,0.501953125,0.25927734375,0.8888888955116272,0.921875,0.24267578125,0.92626953125,0.23329704999923706,0.0,1.0,0.0625,1.0,0.0006090716342441738,1.0,1.0,0.0,0.0,0.0,0.0006090716342441738,,,,,,,,,,,,,,,,,,,,,,,,,,,,,,,,,,,,,,,,,,,,,,,,,,,,
14,5149,,,0.030735015869140625,0.4140625,16.0,1.0,1.0,1.0,1.0,1.0,1.0,1.0,1.0,0.0,0.0,0.0,0.0,0.0,0.0,0.0,0.0,0.0,27.0,1.0,0.001476452685892582,1.0,0.5759444236755371,0.975341796875,0.017998263239860535,0.015625,0.0179443359375,0.0,1.0,0.04309039190411568,1.0,16.197980880737305,0.51171875,0.26123046875,0.8841121792793274,0.923828125,0.25048828125,0.92236328125,0.20744538307189941,0.0,1.0,0.0625,1.0,0.0005662709008902311,1.0,1.0,0.0,0.0,0.0,0.0005662709008902311,,,,,,,,,,,,,,,,,,,,,,,,,,,,,,,,,,,,,,,,,,,,,,,,,,,,
14,5154,,,0.03039836883544922,0.410491943359375,16.0,1.0,1.0,1.0,1.0,1.0,1.0,1.0,1.0,0.0,0.0,0.0,0.0,0.0,0.0,0.0,0.0,0.0,27.0,1.0,0.0020958101376891136,1.0,0.5799658298492432,0.96875,0.01812393218278885,0.015625,0.01806640625,0.0,1.0,0.035711437463760376,1.0,16.199363708496094,0.50048828125,0.255859375,0.9007633328437805,0.921875,0.24462890625,0.94287109375,0.16895455121994019,0.0,1.0,0.0625,1.0,0.0007320993463508785,1.0,1.0,0.0,0.0,0.0,0.0007320993463508785,,,,,,,,,,,,,,,,,,,,,,,,,,,,,,,,,,,,,,,,,,,,,,,,,,,,
14,5159,,,0.028023719787597656,0.411407470703125,16.0,1.0,1.0,1.0,1.0,1.0,1.0,1.0,1.0,0.0,0.0,0.0,0.0,0.0,0.0,0.0,0.0,0.0,27.0,1.0,0.0015423607546836138,1.0,0.5862531661987305,0.9771728515625,0.018320411443710327,0.015625,0.018310546875,0.0,1.0,0.04706531763076782,1.0,16.20152473449707,0.5078125,0.25048828125,0.916179358959198,0.9108527302742004,0.25732421875,0.91650390625,0.22764235734939575,0.0,1.0,0.06204044073820114,1.0,0.0005048083839938045,1.0,1.0,0.0,0.0,0.0,0.0005048083839938045,,,,,,,,,,,,,,,,,,,,,,,,,,,,,,,,,,,,,,,,,,,,,,,,,,,,
14,5164,,,0.03098011016845703,0.414337158203125,16.0,1.0,1.0,1.0,1.0,1.0,1.0,1.0,1.0,0.0,0.0,0.0,0.0,0.0,0.0,0.0,0.0,0.0,27.0,1.0,0.0011852497700601816,1.0,0.5860185623168945,0.9774169921875,0.018313080072402954,0.015625,0.018310546875,0.0,1.0,0.040623199194669724,1.0,16.201444625854492,0.50439453125,0.25341796875,0.9248554706573486,0.9375,0.2509765625,0.9365234375,0.19612336158752441,0.0,1.0,0.0625,1.0,0.00042620243038982153,1.0,1.0,0.0,0.0,0.0,0.00042620243038982153,,,,,,,,,,,,,,,,,,,,,,,,,,,,,,,,,,,,,,,,,,,,,,,,,,,,
14,5169,,,0.02886199951171875,0.41314697265625,16.0,1.0,1.0,1.0,1.0,1.0,1.0,1.0,1.0,0.0,0.0,0.0,0.0,0.0,0.0,0.0,0.0,0.0,27.0,1.0,0.0013047903776168823,1.0,0.5888195037841797,0.976806640625,0.018400609493255615,0.015625,0.0184326171875,0.0,1.0,0.04375939071178436,1.0,16.20240592956543,0.4853515625,0.24951171875,0.9236790537834167,0.921875,0.23583984375,0.923828125,0.21155259013175964,0.0,1.0,0.0625,1.0,0.000465939287096262,1.0,1.0,0.0,0.0,0.0,0.000465939287096262,,,,,,,,,,,,,,,,,,,,,,,,,,,,,,,,,,,,,,,,,,,,,,,,,,,,
14,5174,,,0.027368545532226562,0.41583251953125,16.0,1.0,1.0,1.0,1.0,1.0,1.0,1.0,1.0,0.0,0.0,0.0,0.0,0.0,0.0,0.0,0.0,0.0,27.0,1.0,0.0012491735396906734,1.0,0.5933184623718262,0.98095703125,0.018541201949119568,0.015625,0.0185546875,0.0,1.0,0.045614082366228104,1.0,16.20395278930664,0.48828125,0.25830078125,0.9073724150657654,0.9338521361351013,0.22998046875,0.91455078125,0.22109246253967285,0.0,1.0,0.06227022036910057,1.0,0.00043767865281552076,1.0,1.0,0.0,0.0,0.0,0.00043767865281552076,,,,,,,,,,,,,,,,,,,,,,,,,,,,,,,,,,,,,,,,,,,,,,,,,,,,
14,5179,,,0.0284423828125,0.41650390625,16.0,1.0,1.0,1.0,1.0,1.0,1.0,1.0,1.0,0.0,0.0,0.0,0.0,0.0,0.0,0.0,0.0,0.0,27.0,1.0,0.0014714886201545596,1.0,0.5810146331787109,0.9759521484375,0.018156707286834717,0.015625,0.0181884765625,0.0,1.0,0.0428549163043499,1.0,16.199724197387695,0.49853515625,0.2587890625,0.9018868207931519,0.93359375,0.23974609375,0.9267578125,0.20666572451591492,0.0,0.96875,0.060546875,1.0,0.0005051696789450943,1.0,1.0,0.0,0.0,0.0,0.0005051696789450943,,,,,,,,,,,,,,,,,,,,,,,,,,,,,,,,,,,,,,,,,,,,,,,,,,,,
14,5184,,,0.03326225280761719,0.41552734375,16.0,1.0,1.0,1.0,1.0,1.0,1.0,1.0,1.0,0.0,0.0,0.0,0.0,0.0,0.0,0.0,0.0,0.0,27.0,1.0,0.0012760402169078588,1.0,0.5586967468261719,0.9710693359375,0.01745927333831787,0.015625,0.0174560546875,0.0,1.0,0.03963121026754379,1.0,16.192052841186523,0.50244140625,0.2392578125,0.9387755393981934,0.8984375,0.26318359375,0.92041015625,0.1906464695930481,0.0,1.0,0.0625,1.0,0.0005012383335269988,1.0,1.0,0.0,0.0,0.0,0.0005012383335269988,,,,,,,,,,,,,,,,,,,,,,,,,,,,,,,,,,,,,,,,,,,,,,,,,,,,
14,5189,,,0.03419685363769531,0.41107177734375,16.0,1.0,1.0,1.0,1.0,1.0,1.0,1.0,1.0,0.0,0.0,0.0,0.0,0.0,0.0,0.0,0.0,0.0,27.0,1.0,0.0016198302619159222,1.0,0.5787694454193115,0.9761962890625,0.018086545169353485,0.015625,0.01806640625,0.0,1.0,0.038723330944776535,1.0,16.198951721191406,0.501953125,0.2548828125,0.9214559197425842,0.9376218318939209,0.2470703125,0.92626953125,0.1850537657737732,0.0,1.0,0.062385112047195435,1.0,0.0006051605450920761,1.0,1.0,0.0,0.0,0.0,0.0006051605450920761,,,,,,,,,,,,,,,,,,,,,,,,,,,,,,,,,,,,,,,,,,,,,,,,,,,,
14,5194,,,0.027215957641601562,0.4127197265625,16.0,1.0,1.0,1.0,1.0,1.0,1.0,1.0,1.0,0.0,0.0,0.0,0.0,0.0,0.0,0.0,0.0,0.0,27.0,1.0,0.001559970434755087,1.0,0.5683541297912598,0.9820556640625,0.017761066555976868,0.015625,0.0177001953125,0.0,1.0,0.04194340482354164,1.0,16.195371627807617,0.5,0.25341796875,0.9171483516693115,0.9278752207756042,0.24658203125,0.9306640625,0.20180952548980713,0.0,1.0,0.062385112047195435,1.0,0.0005645786295644939,1.0,1.0,0.0,0.0,0.0,0.0005645786295644939,,,,,,,,,,,,,,,,,,,,,,,,,,,,,,,,,,,,,,,,,,,,,,,,,,,,
,5200,99.12943044430769,8.07025720226902,,,,,,,,,,,,,,,,,,,,,,,,,,,,,,,,,,,,,,,,,,,,,,,,,,,,,,,,,,,,,,,,,,,,,,,,,,,,,,,,,,,,,,,,,,,,,,,,,,,,,,,,
14,5199,,,0.028815269470214844,0.414703369140625,16.0,1.0,1.0,1.0,1.0,1.0,1.0,1.0,1.0,0.0,0.0,0.0,0.0,0.0,0.0,0.0,0.0,0.0,27.0,1.0,0.0022101453505456448,1.0,0.5656881332397461,0.97265625,0.017677754163742065,0.015625,0.0177001953125,0.0,1.0,0.042307544499635696,1.0,16.194456100463867,0.4970703125,0.2626953125,0.8791821599006653,0.923828125,0.234375,0.919921875,0.20210564136505127,0.0,1.0,0.0625,1.0,0.0006909621297381818,1.0,1.0,0.0,0.0,0.0,0.0006909621297381818,,,,,,,,,,,,,,,,,,,,,,,,,,,,,,,,,,,,,,,,,,,,,,,,,,,,
14,5204,,,0.03342437744140625,0.412353515625,16.0,1.0,1.0,0.96875,0.998046875,1.0,1.0,1.0,1.0,0.0,0.0,1.0,0.03125,0.0,0.0,0.0,0.00048828125,0.0,27.0,0.96875,0.0036391615867614746,1.0,0.5864219665527344,0.9835205078125,0.01832568645477295,0.015625,0.018310546875,0.0,1.0,0.05407630652189255,0.999504029750824,16.201581954956055,0.49072265625,0.26123046875,0.8915888071060181,0.9244186282157898,0.2294921875,0.90673828125,0.25495749711990356,0.0,1.0,0.06204044073820114,0.99951171875,0.0014745593070983887,1.0,1.0,0.0,0.0,0.0,0.0014745593070983887,,,,,,,,,,,,,,,,,,,,,,,,,,,,,,,,,,,,,,,,,,,,,,,,,,,,
14,5209,,,0.031889915466308594,0.407745361328125,16.0,1.0,1.0,1.0,1.0,1.0,1.0,1.0,1.0,0.0,0.0,0.0,0.0,0.0,0.0,0.0,0.0,0.0,27.0,1.0,0.001467586844228208,1.0,0.6093792915344238,0.9739990234375,0.019043102860450745,0.015625,0.01904296875,0.0,1.0,0.04693307355046272,1.0,16.209474563598633,0.48828125,0.251953125,0.8740310072898865,0.880859375,0.236328125,0.904296875,0.22680076956748962,0.0,0.875,0.0546875,1.0,0.000505653559230268,1.0,1.0,0.0,0.0,0.0,0.000505653559230268,,,,,,,,,,,,,,,,,,,,,,,,,,,,,,,,,,,,,,,,,,,,,,,,,,,,
14,5214,,,0.029331207275390625,0.41082763671875,16.0,1.0,1.0,1.0,1.0,1.0,1.0,1.0,1.0,0.0,0.0,0.0,0.0,0.0,0.0,0.0,0.0,0.0,27.0,1.0,0.0018997591687366366,1.0,0.5973625183105469,0.97119140625,0.01866757869720459,0.015625,0.0186767578125,0.0,1.0,0.04491312801837921,1.0,16.20534324645996,0.486328125,0.25390625,0.8999999761581421,0.9140625,0.232421875,0.91796875,0.21620485186576843,0.0,1.0,0.0625,1.0,0.000530063349287957,1.0,1.0,0.0,0.0,0.0,0.000530063349287957,,,,,,,,,,,,,,,,,,,,,,,,,,,,,,,,,,,,,,,,,,,,,,,,,,,,
14,5219,,,0.02800750732421875,0.41033935546875,16.0,1.0,1.0,1.0,1.0,1.0,1.0,1.0,1.0,0.0,0.0,0.0,0.0,0.0,0.0,0.0,0.0,0.0,27.0,1.0,0.001839537755586207,1.0,0.6324048042297363,0.971923828125,0.01976265013217926,0.015625,0.019775390625,0.0,1.0,0.0400390587747097,1.0,16.217390060424805,0.49072265625,0.25390625,0.8961538672447205,0.9083820581436157,0.23681640625,0.9267578125,0.19174765050411224,0.0,1.0,0.062385112047195435,1.0,0.0005547460168600082,1.0,1.0,0.0,0.0,0.0,0.0005547460168600082,,,,,,,,,,,,,,,,,,,,,,,,,,,,,,,,,,,,,,,,,,,,,,,,,,,,
14,5224,,,0.032828330993652344,0.414337158203125,16.0,1.0,1.0,1.0,1.0,1.0,1.0,1.0,1.0,0.0,0.0,0.0,0.0,0.0,0.0,0.0,0.0,0.0,27.0,1.0,0.001559996628202498,1.0,0.5563235282897949,0.9737548828125,0.01738511025905609,0.015625,0.017333984375,0.0,1.0,0.04108666256070137,1.0,16.19123649597168,0.49072265625,0.2509765625,0.881322979927063,0.884765625,0.23974609375,0.92236328125,0.19743309915065765,0.0,1.0,0.0625,1.0,0.0005346215330064297,1.0,1.0,0.0,0.0,0.0,0.0005346215330064297,,,,,,,,,,,,,,,,,,,,,,,,,,,,,,,,,,,,,,,,,,,,,,,,,,,,
14,5227,,,,,,,,,,,,,,,,,,,,,,,,,,,,,,,,,,,,,,,,,,,,,,,,,,,,,,,0.02400224842131138,0.4111328125,16.0,1.0,1.0,1.0,1.0,1.0,1.0,1.0,1.0,0.0,0.0,0.0,0.0,0.0,0.0,0.0,0.0,0.0,27.0,1.0,0.0016436752630397677,1.0,0.6193341612815857,0.9742542505264282,0.019354192540049553,0.015625,0.019364790990948677,0.0,1.0,0.043108679354190826,1.0,16.212892532348633,0.4879261255264282,0.2514204680919647,0.9096457958221436,0.9147727489471436,0.2365056872367859,0.9282670617103577,0.20748430490493774,0.0,0.9090909361839294,0.05681818351149559,1.0,0.0005736880120821297,1.0,1.0,0.0,0.0,0.0,0.0005736880120821297
14,5229,,,0.030221939086914062,0.41162109375,16.0,1.0,1.0,1.0,1.0,1.0,1.0,1.0,1.0,0.0,0.0,0.0,0.0,0.0,0.0,0.0,0.0,0.0,27.0,1.0,0.001961573725566268,1.0,0.6382713317871094,0.9688720703125,0.019945979118347168,0.015625,0.0198974609375,0.0,1.0,0.039531487971544266,1.0,16.219406127929688,0.494140625,0.255859375,0.9179389476776123,0.939453125,0.23828125,0.939453125,0.188658207654953,0.0,0.875,0.0546875,1.0,0.0006085963104851544,1.0,1.0,0.0,0.0,0.0,0.0006085963104851544,,,,,,,,,,,,,,,,,,,,,,,,,,,,,,,,,,,,,,,,,,,,,,,,,,,,
14,5234,,,0.027008056640625,0.41473388671875,16.0,1.0,1.0,1.0,1.0,1.0,1.0,1.0,1.0,0.0,0.0,0.0,0.0,0.0,0.0,0.0,0.0,0.0,27.0,1.0,0.001482304884120822,1.0,0.610590934753418,0.9722900390625,0.01908096671104431,0.015625,0.01904296875,0.0,1.0,0.04417908936738968,1.0,16.209890365600586,0.48388671875,0.25341796875,0.9017341136932373,0.9140625,0.23046875,0.92529296875,0.21304622292518616,0.0,0.875,0.0546875,1.0,0.0005477163358591497,1.0,1.0,0.0,0.0,0.0,0.0005477163358591497,,,,,,,,,,,,,,,,,,,,,,,,,,,,,,,,,,,,,,,,,,,,,,,,,,,,
14,5239,,,0.03325653076171875,0.41326904296875,16.0,1.0,1.0,1.0,1.0,1.0,1.0,1.0,1.0,0.0,0.0,0.0,0.0,0.0,0.0,0.0,0.0,0.0,27.0,1.0,0.001688340213149786,1.0,0.6008100509643555,0.9852294921875,0.01877531409263611,0.015625,0.018798828125,0.0,1.0,0.04702563211321831,1.0,16.206527709960938,0.48193359375,0.2529296875,0.92277991771698,0.93359375,0.22900390625,0.92041015625,0.2270306497812271,0.0,0.9375,0.05859375,1.0,0.0004891057615168393,1.0,1.0,0.0,0.0,0.0,0.0004891057615168393,,,,,,,,,,,,,,,,,,,,,,,,,,,,,,,,,,,,,,,,,,,,,,,,,,,,
14,5244,,,0.03160858154296875,0.40576171875,16.0,1.0,1.0,1.0,1.0,1.0,1.0,1.0,1.0,0.0,0.0,0.0,0.0,0.0,0.0,0.0,0.0,0.0,27.0,1.0,0.001912008272483945,1.0,0.6979045867919922,0.9205322265625,0.021809518337249756,0.015625,0.0218505859375,0.0,1.0,0.051523081958293915,1.0,16.239904403686523,0.50927734375,0.2509765625,0.9105058312416077,0.9140625,0.25830078125,0.900390625,0.24869117140769958,0.0,0.625,0.0390625,1.0,0.0005539736594073474,1.0,1.0,0.0,0.0,0.0,0.0005539736594073474,,,,,,,,,,,,,,,,,,,,,,,,,,,,,,,,,,,,,,,,,,,,,,,,,,,,
14,5249,,,0.03330039978027344,0.41094970703125,16.0,1.0,1.0,1.0,1.0,1.0,1.0,1.0,1.0,0.0,0.0,0.0,0.0,0.0,0.0,0.0,0.0,0.0,27.0,1.0,0.0017319780308753252,1.0,0.7048130035400391,0.9034423828125,0.02202540636062622,0.015625,0.02197265625,0.0,1.0,0.05602745711803436,1.0,16.242279052734375,0.5,0.24609375,0.89682537317276,0.8828125,0.25390625,0.89453125,0.2714610695838928,0.0,0.71875,0.044921875,1.0,0.0005305556696839631,1.0,1.0,0.0,0.0,0.0,0.0005305556696839631,,,,,,,,,,,,,,,,,,,,,,,,,,,,,,,,,,,,,,,,,,,,,,,,,,,,
14,5254,,,0.03062152862548828,0.408660888671875,16.0,1.0,1.0,1.0,1.0,1.0,1.0,1.0,1.0,0.0,0.0,0.0,0.0,0.0,0.0,0.0,0.0,0.0,27.0,1.0,0.0032594730146229267,1.0,0.7528157234191895,0.9208984375,0.02352549135684967,0.015625,0.0235595703125,0.0,1.0,0.07916402071714401,1.0,16.258779525756836,0.474609375,0.27197265625,0.8456014394760132,0.919921875,0.20263671875,0.8662109375,0.38376882672309875,0.0,1.0,0.0625,1.0,0.0008180583827197552,1.0,1.0,0.0,0.0,0.0,0.0008180583827197552,,,,,,,,,,,,,,,,,,,,,,,,,,,,,,,,,,,,,,,,,,,,,,,,,,,,
14,5259,,,0.029504776000976562,0.41015625,16.0,1.0,1.0,1.0,1.0,1.0,1.0,1.0,1.0,0.0,0.0,0.0,0.0,0.0,0.0,0.0,0.0,0.0,27.0,1.0,0.0036087140906602144,1.0,0.649083137512207,0.919189453125,0.02028384804725647,0.015625,0.020263671875,0.0,1.0,0.0745859295129776,1.0,16.223121643066406,0.44384765625,0.26025390625,0.891182005405426,0.927734375,0.18359375,0.8671875,0.3604271411895752,0.0,0.875,0.0546875,1.0,0.0008989134803414345,1.0,1.0,0.0,0.0,0.0,0.0008989134803414345,,,,,,,,,,,,,,,,,,,,,,,,,,,,,,,,,,,,,,,,,,,,,,,,,,,,
14,5264,,,0.030481338500976562,0.40838623046875,16.0,1.0,1.0,1.0,1.0,0.96875,0.998046875,1.0,1.0,0.0,0.0,1.0,0.03125,0.0,0.0,0.0,0.00048828125,0.0,27.0,0.96875,0.0038279108703136444,1.0,0.6398472785949707,0.9232177734375,0.019995227456092834,0.015625,0.02001953125,0.0,1.0,0.06282563507556915,0.999504029750824,16.219947814941406,0.494140625,0.24169921875,0.9070706963539124,0.876953125,0.25244140625,0.90087890625,0.29821255803108215,0.0,0.9375,0.05859375,0.99951171875,0.001520792138762772,1.0,1.0,0.0,0.0,0.0,0.001520792138762772,,,,,,,,,,,,,,,,,,,,,,,,,,,,,,,,,,,,,,,,,,,,,,,,,,,,
14,5269,,,0.026845932006835938,0.4149169921875,16.0,1.0,1.0,1.0,1.0,1.0,1.0,1.0,1.0,0.0,0.0,0.0,0.0,0.0,0.0,0.0,0.0,0.0,27.0,1.0,0.0019594188779592514,1.0,0.6231427192687988,0.976806640625,0.019473209977149963,0.015625,0.01953125,0.0,1.0,0.07660593092441559,1.0,16.214204788208008,0.48046875,0.25048828125,0.9025341272354126,0.904296875,0.22998046875,0.86474609375,0.37420952320098877,0.0,0.96875,0.060546875,1.0,0.0006147014792077243,1.0,1.0,0.0,0.0,0.0,0.0006147014792077243,,,,,,,,,,,,,,,,,,,,,,,,,,,,,,,,,,,,,,,,,,,,,,,,,,,,
14,5274,,,0.027167320251464844,0.403961181640625,16.0,1.0,1.0,1.0,1.0,1.0,1.0,1.0,1.0,0.0,0.0,0.0,0.0,0.0,0.0,0.0,0.0,0.0,27.0,1.0,0.0021444617304950953,1.0,0.6974325180053711,0.9803466796875,0.021794766187667847,0.015625,0.0218505859375,0.0,1.0,0.08208351582288742,1.0,16.239742279052734,0.4892578125,0.24951171875,0.9021526575088501,0.8986355066299438,0.23974609375,0.8623046875,0.40056949853897095,0.0,1.0,0.062385112047195435,1.0,0.0007250435301102698,1.0,1.0,0.0,0.0,0.0,0.0007250435301102698,,,,,,,,,,,,,,,,,,,,,,,,,,,,,,,,,,,,,,,,,,,,,,,,,,,,
14,5279,,,0.03127288818359375,0.40472412109375,16.0,1.0,1.0,1.0,1.0,1.0,1.0,1.0,1.0,0.0,0.0,0.0,0.0,0.0,0.0,0.0,0.0,0.0,27.0,1.0,0.0025716284289956093,1.0,0.7383537292480469,0.976318359375,0.023073554039001465,0.015625,0.0230712890625,0.0,1.0,0.08985777199268341,1.0,16.253808975219727,0.47021484375,0.23974609375,0.9103869795799255,0.873046875,0.23046875,0.85205078125,0.438157856464386,0.0,0.96875,0.060546875,1.0,0.0008089831680990756,1.0,1.0,0.0,0.0,0.0,0.0008089831680990756,,,,,,,,,,,,,,,,,,,,,,,,,,,,,,,,,,,,,,,,,,,,,,,,,,,,
15,5284,,,0.028464317321777344,0.409881591796875,16.0,0.9375,0.99609375,1.0,1.0,1.0,1.0,1.0,1.0,0.0,0.0,1.0,0.0625,0.0,0.0,0.4499988555908203,0.0009765625,0.0,27.0,0.9375,0.004239586181938648,1.0,0.7072358131408691,0.982666015625,0.02210111916065216,0.015625,0.0220947265625,0.0,1.0,0.08199746906757355,0.9990079998970032,16.243112564086914,0.45556640625,0.2451171875,0.8944222927093506,0.876953125,0.21044921875,0.84375,0.3921285569667816,0.0,1.0,0.0625,0.9990234375,0.0017847141716629267,1.0,1.0,0.0,0.0,0.0,0.0017847141716629267,,,,,,,,,,,,,,,,,,,,,,,,,,,,,,,,,,,,,,,,,,,,,,,,,,,,
15,5289,,,0.03482818603515625,0.4110107421875,16.0,1.0,1.0,1.0,1.0,1.0,1.0,1.0,1.0,0.0,0.0,0.0,0.0,0.0,0.0,0.0,0.0,0.0,27.0,1.0,0.0023766555823385715,1.0,0.7003030776977539,0.97119140625,0.02188447117805481,0.015625,0.0218505859375,0.0,1.0,0.07690504193305969,1.0,16.2407283782959,0.46240234375,0.26904296875,0.8620689511299133,0.927734375,0.193359375,0.8505859375,0.37453222274780273,0.0,1.0,0.0625,1.0,0.0006193675217218697,1.0,1.0,0.0,0.0,0.0,0.0006193675217218697,,,,,,,,,,,,,,,,,,,,,,,,,,,,,,,,,,,,,,,,,,,,,,,,,,,,
15,5294,,,0.032314300537109375,0.4097900390625,16.0,1.0,1.0,1.0,1.0,1.0,1.0,1.0,1.0,0.0,0.0,0.0,0.0,0.0,0.0,0.0,0.0,0.0,27.0,1.0,0.0020594424568116665,1.0,0.7162961959838867,0.9654541015625,0.02238425612449646,0.015625,0.0223388671875,0.0,1.0,0.08836459368467331,1.0,16.246227264404297,0.48095703125,0.27294921875,0.8264758586883545,0.90234375,0.2080078125,0.8330078125,0.4315860867500305,0.0,1.0,0.0625,1.0,0.0007630488253198564,1.0,1.0,0.0,0.0,0.0,0.0007630488253198564,,,,,,,,,,,,,,,,,,,,,,,,,,,,,,,,,,,,,,,,,,,,,,,,,,,,
,5300,87.04127832267925,8.042161299664757,,,,,,,,,,,,,,,,,,,,,,,,,,,,,,,,,,,,,,,,,,,,,,,,,,,,,,,,,,,,,,,,,,,,,,,,,,,,,,,,,,,,,,,,,,,,,,,,,,,,,,,,
15,5299,,,0.02816295623779297,0.407745361328125,16.0,1.0,1.0,1.0,1.0,1.0,1.0,1.0,1.0,0.0,0.0,0.0,0.0,0.0,0.0,0.0,0.0,0.0,27.0,1.0,0.00345593667589128,1.0,0.6919536590576172,0.947265625,0.021623551845550537,0.015625,0.0216064453125,0.0,1.0,0.08103609085083008,1.0,16.23785972595215,0.4833984375,0.25732421875,0.8425047397613525,0.8671875,0.22607421875,0.87744140625,0.39301055669784546,0.0,0.96875,0.060546875,1.0,0.0008553992956876755,1.0,1.0,0.0,0.0,0.0,0.0008553992956876755,,,,,,,,,,,,,,,,,,,,,,,,,,,,,,,,,,,,,,,,,,,,,,,,,,,,
15,5304,,,0.030721664428710938,0.40814208984375,16.0,1.0,1.0,1.0,1.0,1.0,1.0,1.0,1.0,0.0,0.0,0.0,0.0,0.0,0.0,0.0,0.0,0.0,27.0,1.0,0.004834748804569244,1.0,0.7183384895324707,0.9593505859375,0.02244807779788971,0.015625,0.0224609375,0.0,1.0,0.06664986908435822,1.0,16.246929168701172,0.47705078125,0.26806640625,0.8469945192337036,0.908203125,0.208984375,0.88330078125,0.3161405324935913,0.0,1.0,0.0625,1.0,0.001455723075196147,1.0,1.0,0.0,0.0,0.0,0.001455723075196147,,,,,,,,,,,,,,,,,,,,,,,,,,,,,,,,,,,,,,,,,,,,,,,,,,,,
15,5309,,,0.031494140625,0.4075927734375,16.0,1.0,1.0,1.0,1.0,1.0,1.0,1.0,1.0,0.0,0.0,0.0,0.0,0.0,0.0,0.0,0.0,0.0,27.0,1.0,0.0020752358250319958,1.0,0.7477216720581055,0.968505859375,0.023366302251815796,0.015625,0.0233154296875,0.0,1.0,0.059625715017318726,1.0,16.257028579711914,0.4716796875,0.25830078125,0.8733459115028381,0.8970873951911926,0.21337890625,0.89990234375,0.2883448004722595,0.0,1.0,0.06215532869100571,1.0,0.0006576102459803224,1.0,1.0,0.0,0.0,0.0,0.0006576102459803224,,,,,,,,,,,,,,,,,,,,,,,,,,,,,,,,,,,,,,,,,,,,,,,,,,,,
15,5314,,,0.03151893615722656,0.41571044921875,16.0,1.0,1.0,1.0,1.0,1.0,1.0,1.0,1.0,0.0,0.0,0.0,0.0,0.0,0.0,0.0,0.0,0.0,27.0,1.0,0.004195168614387512,1.0,0.7508649826049805,0.98388671875,0.02346453070640564,0.015625,0.0234375,0.0,1.0,0.07289573550224304,1.0,16.25811004638672,0.49853515625,0.259765625,0.8627819418907166,0.8947368264198303,0.23876953125,0.880859375,0.34691721200942993,0.0,1.0,0.062385112047195435,1.0,0.0016791012603789568,1.0,1.0,0.0,0.0,0.0,0.0016791012603789568,,,,,,,,,,,,,,,,,,,,,,,,,,,,,,,,,,,,,,,,,,,,,,,,,,,,
15,5319,,,0.029344558715820312,0.41009521484375,16.0,1.0,1.0,1.0,1.0,0.90625,0.994140625,1.0,1.0,0.0,0.0,1.0,0.09375,0.0,0.0,1.0,0.00146484375,0.0,27.0,0.90625,0.007224785163998604,1.0,0.7569851875305176,0.9769287109375,0.023655787110328674,0.015625,0.023681640625,0.0,1.0,0.07111755758523941,0.9985119700431824,16.26021385192871,0.5361328125,0.2451171875,0.8685259222984314,0.8515625,0.291015625,0.8798828125,0.33122751116752625,0.0,1.0,0.0625,0.99853515625,0.0022993884049355984,1.0,1.0,0.0,0.0,0.0,0.0022993884049355984,,,,,,,,,,,,,,,,,,,,,,,,,,,,,,,,,,,,,,,,,,,,,,,,,,,,
15,5324,,,0.03245258331298828,0.411651611328125,16.0,1.0,1.0,1.0,1.0,1.0,1.0,1.0,1.0,0.0,0.0,0.0,0.0,0.0,0.0,0.0,0.0,0.0,27.0,1.0,0.0017749875551089644,1.0,0.7532839775085449,0.979248046875,0.02354012429714203,0.015625,0.0235595703125,0.0,1.0,0.06826560199260712,1.0,16.258941650390625,0.49951171875,0.23486328125,0.9147608876228333,0.859375,0.2646484375,0.86865234375,0.33265751600265503,0.0,1.0,0.0625,1.0,0.0004947160487063229,1.0,1.0,0.0,0.0,0.0,0.0004947160487063229,,,,,,,,,,,,,,,,,,,,,,,,,,,,,,,,,,,,,,,,,,,,,,,,,,,,
15,5329,,,0.027357101440429688,0.4097900390625,16.0,1.0,1.0,1.0,1.0,1.0,1.0,1.0,1.0,0.0,0.0,0.0,0.0,0.0,0.0,0.0,0.0,0.0,27.0,1.0,0.007291924208402634,1.0,0.813631534576416,0.95751953125,0.025425985455513,0.015625,0.025390625,0.0,1.0,0.062150657176971436,1.0,16.279685974121094,0.51611328125,0.259765625,0.8646616339683533,0.8984375,0.25634765625,0.87646484375,0.2938021421432495,0.0,0.9375,0.05859375,1.0,0.0007863192586228251,1.0,1.0,0.0,0.0,0.0,0.0007863192586228251,,,,,,,,,,,,,,,,,,,,,,,,,,,,,,,,,,,,,,,,,,,,,,,,,,,,
15,5334,,,0.03214550018310547,0.404632568359375,16.0,1.0,1.0,1.0,1.0,1.0,1.0,1.0,1.0,0.0,0.0,0.0,0.0,0.0,0.0,0.0,0.0,0.0,27.0,1.0,0.002480774186551571,1.0,0.8081178665161133,0.9527587890625,0.02525368332862854,0.015625,0.0252685546875,0.0,1.0,0.06401985883712769,1.0,16.277790069580078,0.48681640625,0.26220703125,0.8435754179954529,0.884765625,0.224609375,0.876953125,0.30883684754371643,0.0,0.96875,0.060546875,1.0,0.0008072977652773261,1.0,1.0,0.0,0.0,0.0,0.0008072977652773261,,,,,,,,,,,,,,,,,,,,,,,,,,,,,,,,,,,,,,,,,,,,,,,,,,,,
15,5339,,,0.02705669403076172,0.412078857421875,16.0,1.0,1.0,1.0,1.0,1.0,1.0,1.0,1.0,0.0,0.0,0.0,0.0,0.0,0.0,0.0,0.0,0.0,27.0,1.0,0.0018976374994963408,1.0,0.7333016395568848,0.9410400390625,0.02291567623615265,0.015625,0.02294921875,0.0,1.0,0.05385230481624603,1.0,16.252073287963867,0.490234375,0.2626953125,0.8494423627853394,0.892578125,0.2275390625,0.8955078125,0.26030078530311584,0.0,0.9375,0.05859375,1.0,0.0005875018541701138,1.0,1.0,0.0,0.0,0.0,0.0005875018541701138,,,,,,,,,,,,,,,,,,,,,,,,,,,,,,,,,,,,,,,,,,,,,,,,,,,,
15,5344,,,0.03357505798339844,0.4112548828125,16.0,1.0,1.0,1.0,1.0,1.0,1.0,1.0,1.0,0.0,0.0,0.0,0.0,0.0,0.0,0.0,0.0,0.0,27.0,1.0,0.002598891733214259,1.0,0.6707477569580078,0.93017578125,0.020960867404937744,0.015625,0.02099609375,0.0,1.0,0.05235559865832329,1.0,16.23056983947754,0.5,0.265625,0.8658088445663452,0.919921875,0.234375,0.90625,0.24992042779922485,0.0,0.875,0.0546875,1.0,0.0009664210956543684,1.0,1.0,0.0,0.0,0.0,0.0009664210956543684,,,,,,,,,,,,,,,,,,,,,,,,,,,,,,,,,,,,,,,,,,,,,,,,,,,,
15,5349,,,0.029326438903808594,0.408416748046875,16.0,1.0,1.0,1.0,1.0,1.0,1.0,1.0,1.0,0.0,0.0,0.0,0.0,0.0,0.0,0.0,0.0,0.0,27.0,1.0,0.0022457181476056576,1.0,0.6969122886657715,0.9635009765625,0.02177850902080536,0.015625,0.021728515625,0.0,1.0,0.053896840661764145,1.0,16.23956298828125,0.4970703125,0.255859375,0.8740457892417908,0.89453125,0.2412109375,0.9052734375,0.25888675451278687,0.0,1.0,0.0625,1.0,0.0008299206965602934,1.0,1.0,0.0,0.0,0.0,0.0008299206965602934,,,,,,,,,,,,,,,,,,,,,,,,,,,,,,,,,,,,,,,,,,,,,,,,,,,,
15,5354,,,0.031090736389160156,0.406524658203125,16.0,1.0,1.0,1.0,1.0,1.0,1.0,1.0,1.0,0.0,0.0,0.0,0.0,0.0,0.0,0.0,0.0,0.0,27.0,1.0,0.0018860150594264269,1.0,0.6912851333618164,0.9593505859375,0.021602660417556763,0.015625,0.0216064453125,0.0,1.0,0.04894394055008888,1.0,16.237628936767578,0.5029296875,0.24755859375,0.9112426042556763,0.90234375,0.25537109375,0.912109375,0.23519280552864075,0.0,1.0,0.0625,1.0,0.0006899979198351502,1.0,1.0,0.0,0.0,0.0,0.0006899979198351502,,,,,,,,,,,,,,,,,,,,,,,,,,,,,,,,,,,,,,,,,,,,,,,,,,,,
15,5359,,,0.029486656188964844,0.407745361328125,16.0,1.0,1.0,1.0,1.0,1.0,1.0,1.0,1.0,0.0,0.0,0.0,0.0,0.0,0.0,0.0,0.0,0.0,27.0,1.0,0.0019107026746496558,1.0,0.6783261299133301,0.96826171875,0.021197691559791565,0.015625,0.021240234375,0.0,1.0,0.048041388392448425,1.0,16.23317527770996,0.5068359375,0.2490234375,0.8999999761581421,0.896484375,0.2578125,0.90576171875,0.23056285083293915,0.0,1.0,0.0625,1.0,0.0007309371139854193,1.0,1.0,0.0,0.0,0.0,0.0007309371139854193,,,,,,,,,,,,,,,,,,,,,,,,,,,,,,,,,,,,,,,,,,,,,,,,,,,,
15,5364,,,0.029676437377929688,0.40557861328125,16.0,1.0,1.0,1.0,1.0,1.0,1.0,1.0,1.0,0.0,0.0,0.0,0.0,0.0,0.0,0.0,0.0,0.0,27.0,1.0,0.0018667192198336124,1.0,0.7257990837097168,0.9715576171875,0.02268122136592865,0.015625,0.022705078125,0.0,1.0,0.04860101640224457,1.0,16.249492645263672,0.5185546875,0.24853515625,0.9233791828155518,0.91796875,0.27001953125,0.91064453125,0.233840674161911,0.0,1.0,0.0625,1.0,0.0006154857692308724,1.0,1.0,0.0,0.0,0.0,0.0006154857692308724,,,,,,,,,,,,,,,,,,,,,,,,,,,,,,,,,,,,,,,,,,,,,,,,,,,,
15,5369,,,0.028374671936035156,0.409881591796875,16.0,1.0,1.0,1.0,1.0,1.0,1.0,1.0,1.0,0.0,0.0,0.0,0.0,0.0,0.0,0.0,0.0,0.0,27.0,1.0,0.002012598793953657,1.0,0.7305774688720703,0.9715576171875,0.022830545902252197,0.015625,0.0228271484375,0.0,1.0,0.048720210790634155,1.0,16.251136779785156,0.51318359375,0.24658203125,0.908910870552063,0.8929961323738098,0.2666015625,0.90673828125,0.23334211111068726,0.0,0.90625,0.05641084536910057,1.0,0.0008090373012237251,1.0,1.0,0.0,0.0,0.0,0.0008090373012237251,,,,,,,,,,,,,,,,,,,,,,,,,,,,,,,,,,,,,,,,,,,,,,,,,,,,
15,5374,,,0.02948474884033203,0.413421630859375,16.0,1.0,1.0,1.0,1.0,1.0,1.0,1.0,1.0,0.0,0.0,0.0,0.0,0.0,0.0,0.0,0.0,0.0,27.0,1.0,0.00200691563077271,1.0,0.7292966842651367,0.9749755859375,0.022790521383285522,0.015625,0.0228271484375,0.0,1.0,0.0450279675424099,1.0,16.250696182250977,0.505859375,0.2548828125,0.9176245331764221,0.935546875,0.2509765625,0.9228515625,0.2154640108346939,0.0,1.0,0.0625,1.0,0.0006827334291301668,1.0,1.0,0.0,0.0,0.0,0.0006827334291301668,,,,,,,,,,,,,,,,,,,,,,,,,,,,,,,,,,,,,,,,,,,,,,,,,,,,
15,5379,,,0.02748584747314453,0.415863037109375,16.0,1.0,1.0,1.0,1.0,1.0,1.0,1.0,1.0,0.0,0.0,0.0,0.0,0.0,0.0,0.0,0.0,0.0,27.0,1.0,0.001898192334920168,1.0,0.687230110168457,0.96435546875,0.021475940942764282,0.015625,0.021484375,0.0,1.0,0.042109519243240356,1.0,16.236234664916992,0.5009765625,0.24951171875,0.9432485103607178,0.934108555316925,0.25146484375,0.935546875,0.20170027017593384,0.0,0.84375,0.0523003488779068,1.0,0.000590906071010977,1.0,1.0,0.0,0.0,0.0,0.000590906071010977,,,,,,,,,,,,,,,,,,,,,,,,,,,,,,,,,,,,,,,,,,,,,,,,,,,,
15,5384,,,0.027845382690429688,0.4161376953125,16.0,1.0,1.0,1.0,1.0,1.0,1.0,1.0,1.0,0.0,0.0,0.0,0.0,0.0,0.0,0.0,0.0,0.0,27.0,1.0,0.0020874482579529285,1.0,0.7088828086853027,0.972900390625,0.02215258777141571,0.015625,0.0220947265625,0.0,1.0,0.04431488737463951,1.0,16.24367904663086,0.50732421875,0.2529296875,0.9401544332504272,0.9493177533149719,0.25439453125,0.92822265625,0.21191827952861786,0.0,1.0,0.062385112047195435,1.0,0.0006884089671075344,1.0,1.0,0.0,0.0,0.0,0.0006884089671075344,,,,,,,,,,,,,,,,,,,,,,,,,,,,,,,,,,,,,,,,,,,,,,,,,,,,
15,5389,,,0.02818775177001953,0.414581298828125,16.0,1.0,1.0,1.0,1.0,1.0,1.0,1.0,1.0,0.0,0.0,0.0,0.0,0.0,0.0,0.0,0.0,0.0,27.0,1.0,0.002171602565795183,1.0,0.7239298820495605,0.97216796875,0.022622808814048767,0.015625,0.0225830078125,0.0,1.0,0.04883567988872528,1.0,16.248851776123047,0.50244140625,0.25634765625,0.9028571248054504,0.92578125,0.24609375,0.90966796875,0.2345612645149231,0.0,1.0,0.0625,1.0,0.0006466088816523552,1.0,1.0,0.0,0.0,0.0,0.0006466088816523552,,,,,,,,,,,,,,,,,,,,,,,,,,,,,,,,,,,,,,,,,,,,,,,,,,,,
15,5394,,,0.028615951538085938,0.4085693359375,16.0,1.0,1.0,1.0,1.0,1.0,1.0,1.0,1.0,0.0,0.0,0.0,0.0,0.0,0.0,0.0,0.0,0.0,27.0,1.0,0.0026772385463118553,1.0,0.7543573379516602,0.9703369140625,0.02357366681098938,0.015625,0.0235595703125,0.0,1.0,0.050259094685316086,1.0,16.259309768676758,0.51025390625,0.25439453125,0.9213051795959473,0.9375,0.255859375,0.91064453125,0.24015109241008759,0.0,1.0,0.0625,1.0,0.000802289170678705,1.0,1.0,0.0,0.0,0.0,0.000802289170678705,,,,,,,,,,,,,,,,,,,,,,,,,,,,,,,,,,,,,,,,,,,,,,,,,,,,
,5400,74.51214295933333,8.052378795862353,,,,,,,,,,,,,,,,,,,,,,,,,,,,,,,,,,,,,,,,,,,,,,,,,,,,,,,,,,,,,,,,,,,,,,,,,,,,,,,,,,,,,,,,,,,,,,,,,,,,,,,,
15,5399,,,0.028142929077148438,0.40899658203125,16.0,1.0,1.0,1.0,1.0,1.0,1.0,1.0,1.0,0.0,0.0,0.0,0.0,0.0,0.0,0.0,0.0,0.0,27.0,1.0,0.0020148041658103466,1.0,0.7795853614807129,0.97412109375,0.024362042546272278,0.015625,0.0244140625,0.0,1.0,0.048911839723587036,1.0,16.267982482910156,0.5078125,0.248046875,0.9114173054695129,0.904296875,0.259765625,0.91259765625,0.23550301790237427,0.0,1.0,0.0625,1.0,0.000537824584171176,1.0,1.0,0.0,0.0,0.0,0.000537824584171176,,,,,,,,,,,,,,,,,,,,,,,,,,,,,,,,,,,,,,,,,,,,,,,,,,,,
15,5404,,,0.02988910675048828,0.413421630859375,16.0,1.0,1.0,1.0,1.0,1.0,1.0,1.0,1.0,0.0,0.0,0.0,0.0,0.0,0.0,0.0,0.0,0.0,27.0,1.0,0.0023908400908112526,1.0,0.7782754898071289,0.9578857421875,0.02432110905647278,0.015625,0.0242919921875,0.0,1.0,0.05873741954565048,1.0,16.267532348632812,0.4912109375,0.24072265625,0.906693696975708,0.873046875,0.25048828125,0.89501953125,0.28382474184036255,0.0,1.0,0.0625,1.0,0.0005894967471249402,1.0,1.0,0.0,0.0,0.0,0.0005894967471249402,,,,,,,,,,,,,,,,,,,,,,,,,,,,,,,,,,,,,,,,,,,,,,,,,,,,
15,5409,,,0.0346527099609375,0.4129638671875,16.0,1.0,1.0,1.0,1.0,1.0,1.0,1.0,1.0,0.0,0.0,0.0,0.0,0.0,0.0,0.0,0.0,0.0,27.0,1.0,0.00457308255136013,1.0,0.8046941757202148,0.9505615234375,0.025146692991256714,0.015625,0.025146484375,0.0,1.0,0.06282517313957214,1.0,16.276613235473633,0.51416015625,0.26513671875,0.8287292718887329,0.87890625,0.2490234375,0.87939453125,0.2978672385215759,0.0,1.0,0.0625,1.0,0.001258385949768126,1.0,1.0,0.0,0.0,0.0,0.001258385949768126,,,,,,,,,,,,,,,,,,,,,,,,,,,,,,,,,,,,,,,,,,,,,,,,,,,,
15,5414,,,0.02907085418701172,0.411895751953125,16.0,1.0,1.0,1.0,1.0,1.0,1.0,1.0,1.0,0.0,0.0,0.0,0.0,0.0,0.0,0.0,0.0,0.0,27.0,1.0,0.0070238918997347355,1.0,0.7500052452087402,0.919677734375,0.023437663912773132,0.015625,0.0234375,0.0,1.0,0.08072491735219955,1.0,16.257814407348633,0.50634765625,0.2529296875,0.8243243098258972,0.8307393193244934,0.25341796875,0.8388671875,0.38188591599464417,0.0,0.96875,0.06031709536910057,1.0,0.0018318418879061937,1.0,1.0,0.0,0.0,0.0,0.0018318418879061937,,,,,,,,,,,,,,,,,,,,,,,,,,,,,,,,,,,,,,,,,,,,,,,,,,,,
15,5419,,,0.029232025146484375,0.4072265625,16.0,1.0,1.0,1.0,1.0,1.0,1.0,1.0,1.0,0.0,0.0,0.0,0.0,0.0,0.0,0.0,0.0,0.0,27.0,1.0,0.004352312535047531,1.0,0.7345356941223145,0.9776611328125,0.022954240441322327,0.015625,0.02294921875,0.0,1.0,0.0717848688364029,1.0,16.25249671936035,0.5107421875,0.26025390625,0.8273921012878418,0.861328125,0.25048828125,0.85400390625,0.34186887741088867,0.0,0.90625,0.056640625,1.0,0.0015710208099335432,1.0,1.0,0.0,0.0,0.0,0.0015710208099335432,,,,,,,,,,,,,,,,,,,,,,,,,,,,,,,,,,,,,,,,,,,,,,,,,,,,
15,5424,,,0.031164169311523438,0.41064453125,16.0,1.0,1.0,1.0,1.0,1.0,1.0,1.0,1.0,0.0,0.0,0.0,0.0,0.0,0.0,0.0,0.0,0.0,27.0,1.0,0.0023157589603215456,1.0,0.7068653106689453,0.9849853515625,0.02208954095840454,0.015625,0.0220947265625,0.0,1.0,0.07326904684305191,1.0,16.242984771728516,0.51171875,0.27294921875,0.8282647728919983,0.904296875,0.23876953125,0.8662109375,0.354891300201416,0.0,0.9375,0.05859375,1.0,0.0009577006567269564,1.0,1.0,0.0,0.0,0.0,0.0009577006567269564,,,,,,,,,,,,,,,,,,,,,,,,,,,,,,,,,,,,,,,,,,,,,,,,,,,,
15,5429,,,0.029039382934570312,0.4102783203125,16.0,1.0,1.0,1.0,1.0,1.0,1.0,1.0,1.0,0.0,0.0,0.0,0.0,0.0,0.0,0.0,0.0,0.0,27.0,1.0,0.0018634682055562735,1.0,0.6936407089233398,0.9874267578125,0.02167627215385437,0.015625,0.021728515625,0.0,1.0,0.07433577626943588,1.0,16.238439559936523,0.50732421875,0.24853515625,0.8113948702812195,0.806640625,0.2587890625,0.85498046875,0.36228495836257935,0.0,0.96875,0.060546875,1.0,0.0006876431871205568,1.0,1.0,0.0,0.0,0.0,0.0006876431871205568,,,,,,,,,,,,,,,,,,,,,,,,,,,,,,,,,,,,,,,,,,,,,,,,,,,,
15,5434,,,0.03445243835449219,0.412109375,16.0,1.0,1.0,1.0,1.0,1.0,1.0,1.0,1.0,0.0,0.0,0.0,0.0,0.0,0.0,0.0,0.0,0.0,27.0,1.0,0.002195927081629634,1.0,0.6622323989868164,0.987060546875,0.020694762468338013,0.015625,0.020751953125,0.0,1.0,0.07067384570837021,1.0,16.227642059326172,0.50634765625,0.2685546875,0.8472727537155151,0.91015625,0.23779296875,0.86181640625,0.3417338728904724,0.0,1.0,0.0625,1.0,0.001017764676362276,1.0,1.0,0.0,0.0,0.0,0.001017764676362276,,,,,,,,,,,,,,,,,,,,,,,,,,,,,,,,,,,,,,,,,,,,,,,,,,,,
15,5439,,,0.03376197814941406,0.41168212890625,16.0,0.9375,0.99609375,0.96875,0.998046875,1.0,1.0,1.0,1.0,0.0,0.0,1.0,0.09375,0.0,0.0,1.0,0.00146484375,0.0,27.0,0.90625,0.006391813978552818,1.0,0.7401823997497559,0.9874267578125,0.02313069999217987,0.015625,0.0230712890625,0.0,0.90625,0.09017594158649445,1.0,16.254438400268555,0.4970703125,0.26513671875,0.8600368499755859,0.912109375,0.23193359375,0.8134765625,0.4207734763622284,0.0,1.0,0.0625,0.99853515625,0.0036240974441170692,1.0,1.0,0.0,0.0,0.0,0.0036240974441170692,,,,,,,,,,,,,,,,,,,,,,,,,,,,,,,,,,,,,,,,,,,,,,,,,,,,
15,5444,,,0.027692794799804688,0.413330078125,16.0,1.0,1.0,1.0,1.0,1.0,1.0,1.0,1.0,0.0,0.0,0.0,0.0,0.0,0.0,0.0,0.0,0.0,27.0,1.0,0.0027439186815172434,1.0,0.6932034492492676,0.9835205078125,0.021662607789039612,0.015625,0.0216064453125,0.0,1.0,0.09917515516281128,1.0,16.23828887939453,0.58984375,0.2412109375,0.9291498064994812,0.8929961323738098,0.3486328125,0.8037109375,0.4853307604789734,0.0,0.90625,0.05641084536910057,1.0,0.0007131232996471226,1.0,1.0,0.0,0.0,0.0,0.0007131232996471226,,,,,,,,,,,,,,,,,,,,,,,,,,,,,,,,,,,,,,,,,,,,,,,,,,,,
15,5449,,,0.0292816162109375,0.40704345703125,16.0,1.0,1.0,1.0,1.0,1.0,1.0,1.0,1.0,0.0,0.0,0.0,0.0,0.0,0.0,0.0,0.0,0.0,27.0,1.0,0.003852960653603077,1.0,0.8128776550292969,0.9813232421875,0.025402426719665527,0.015625,0.025390625,0.0,1.0,0.07907312363386154,1.0,16.27942657470703,0.4443359375,0.2451171875,0.9243028163909912,0.90625,0.19921875,0.865234375,0.38199320435523987,0.0,1.0,0.0625,1.0,0.0009110706741921604,1.0,1.0,0.0,0.0,0.0,0.0009110706741921604,,,,,,,,,,,,,,,,,,,,,,,,,,,,,,,,,,,,,,,,,,,,,,,,,,,,
15,5454,,,0.035274505615234375,0.4049072265625,16.0,1.0,1.0,1.0,1.0,1.0,1.0,1.0,1.0,0.0,0.0,0.0,0.0,0.0,0.0,0.0,0.0,0.0,27.0,1.0,0.003125443821772933,1.0,0.8878211975097656,0.980224609375,0.027744412422180176,0.015625,0.0277099609375,0.0,1.0,0.07586415112018585,1.0,16.30518913269043,0.4326171875,0.26025390625,0.894934356212616,0.931640625,0.17236328125,0.85009765625,0.36755019426345825,0.0,1.0,0.0625,1.0,0.0006668688147328794,1.0,1.0,0.0,0.0,0.0,0.0006668688147328794,,,,,,,,,,,,,,,,,,,,,,,,,,,,,,,,,,,,,,,,,,,,,,,,,,,,
15,5459,,,0.030782699584960938,0.406494140625,16.0,1.0,1.0,1.0,1.0,1.0,1.0,1.0,1.0,0.0,0.0,0.0,0.0,0.0,0.0,0.0,0.0,0.0,27.0,1.0,0.003560104174539447,1.0,0.9081768989562988,0.974365234375,0.02838052809238434,0.015625,0.0283203125,0.0,1.0,0.07762425392866135,1.0,16.312185287475586,0.51171875,0.263671875,0.8592592477798462,0.90625,0.248046875,0.861328125,0.37601378560066223,0.0,1.0,0.0625,1.0,0.0006590713164769113,1.0,1.0,0.0,0.0,0.0,0.0006590713164769113,,,,,,,,,,,,,,,,,,,,,,,,,,,,,,,,,,,,,,,,,,,,,,,,,,,,
15,5464,,,0.029876708984375,0.40478515625,16.0,1.0,1.0,1.0,1.0,1.0,1.0,1.0,1.0,0.0,0.0,0.0,0.0,0.0,0.0,0.0,0.0,0.0,27.0,1.0,0.004601160064339638,1.0,0.8660125732421875,0.952880859375,0.02706289291381836,0.015625,0.027099609375,0.0,1.0,0.06861990690231323,1.0,16.297691345214844,0.46142578125,0.2470703125,0.9011857509613037,0.8888888955116272,0.21435546875,0.87060546875,0.32848241925239563,0.0,0.9375,0.058478862047195435,1.0,0.0009326786966994405,1.0,1.0,0.0,0.0,0.0,0.0009326786966994405,,,,,,,,,,,,,,,,,,,,,,,,,,,,,,,,,,,,,,,,,,,,,,,,,,,,
15,5469,,,0.03632068634033203,0.408172607421875,16.0,1.0,1.0,1.0,1.0,1.0,1.0,1.0,1.0,0.0,0.0,0.0,0.0,0.0,0.0,0.0,0.0,0.0,27.0,1.0,0.0028726987075060606,1.0,0.8638949394226074,0.9755859375,0.026996716856956482,0.015625,0.0269775390625,0.0,1.0,0.06505752354860306,1.0,16.296964645385742,0.46484375,0.25439453125,0.9001919627189636,0.916015625,0.21044921875,0.8818359375,0.31408795714378357,0.0,1.0,0.0625,1.0,0.0006206755642779171,1.0,1.0,0.0,0.0,0.0,0.0006206755642779171,,,,,,,,,,,,,,,,,,,,,,,,,,,,,,,,,,,,,,,,,,,,,,,,,,,,
15,5474,,,0.034671783447265625,0.41229248046875,16.0,1.0,1.0,1.0,1.0,1.0,1.0,1.0,1.0,0.0,0.0,0.0,0.0,0.0,0.0,0.0,0.0,0.0,27.0,1.0,0.00408913241699338,1.0,0.7282629013061523,0.9521484375,0.02275821566581726,0.015625,0.022705078125,0.0,1.0,0.07099877297878265,1.0,16.25033950805664,0.50048828125,0.2509765625,0.8657587766647339,0.8657587766647339,0.24951171875,0.88427734375,0.34314942359924316,0.0,1.0,0.06227022036910057,1.0,0.0005459407111629844,1.0,1.0,0.0,0.0,0.0,0.0005459407111629844,,,,,,,,,,,,,,,,,,,,,,,,,,,,,,,,,,,,,,,,,,,,,,,,,,,,
15,5479,,,0.02892589569091797,0.406280517578125,16.0,1.0,1.0,1.0,1.0,1.0,1.0,1.0,1.0,0.0,0.0,0.0,0.0,0.0,0.0,0.0,0.0,0.0,27.0,1.0,0.0029387418180704117,1.0,0.7500228881835938,0.9442138671875,0.023438215255737305,0.015625,0.0234375,0.0,1.0,0.0654173493385315,1.0,16.25782012939453,0.48779296875,0.24658203125,0.8574257493019104,0.8407766819000244,0.2412109375,0.88720703125,0.31717127561569214,0.0,0.75,0.046875,1.0,0.0004899384221062064,1.0,1.0,0.0,0.0,0.0,0.0004899384221062064,,,,,,,,,,,,,,,,,,,,,,,,,,,,,,,,,,,,,,,,,,,,,,,,,,,,
15,5484,,,0.03382587432861328,0.411468505859375,16.0,1.0,1.0,1.0,1.0,1.0,1.0,1.0,1.0,0.0,0.0,0.0,0.0,0.0,0.0,0.0,0.0,0.0,27.0,1.0,0.0027286293916404247,1.0,0.6418185234069824,0.9547119140625,0.0200568288564682,0.015625,0.02001953125,0.0,1.0,0.058461420238018036,1.0,16.220624923706055,0.49658203125,0.24755859375,0.8619329333305359,0.853515625,0.2490234375,0.88134765625,0.2824729084968567,0.0,0.90625,0.056640625,1.0,0.0005458800005726516,1.0,1.0,0.0,0.0,0.0,0.0005458800005726516,,,,,,,,,,,,,,,,,,,,,,,,,,,,,,,,,,,,,,,,,,,,,,,,,,,,
15,5489,,,0.033847808837890625,0.4073486328125,16.0,1.0,1.0,1.0,1.0,1.0,1.0,1.0,1.0,0.0,0.0,0.0,0.0,0.0,0.0,0.0,0.0,0.0,27.0,1.0,0.003059065667912364,1.0,0.7367119789123535,0.9696044921875,0.023022249341011047,0.015625,0.0230712890625,0.0,1.0,0.058836326003074646,1.0,16.253244400024414,0.49951171875,0.263671875,0.8685185313224792,0.9124513864517212,0.23583984375,0.90673828125,0.28162825107574463,0.0,0.90625,0.05641084536910057,1.0,0.0009458506247028708,1.0,1.0,0.0,0.0,0.0,0.0009458506247028708,,,,,,,,,,,,,,,,,,,,,,,,,,,,,,,,,,,,,,,,,,,,,,,,,,,,
15,5494,,,0.03568077087402344,0.401123046875,16.0,1.0,1.0,1.0,1.0,1.0,1.0,1.0,1.0,0.0,0.0,0.0,0.0,0.0,0.0,0.0,0.0,0.0,27.0,1.0,0.002082407707348466,1.0,0.7771115303039551,0.970458984375,0.024284735321998596,0.015625,0.0242919921875,0.0,1.0,0.05121845379471779,1.0,16.267131805419922,0.49560546875,0.25244140625,0.8936170339584351,0.90234375,0.2431640625,0.91748046875,0.24632906913757324,0.0,0.9375,0.05859375,1.0,0.0005888575105927885,1.0,1.0,0.0,0.0,0.0,0.0005888575105927885,,,,,,,,,,,,,,,,,,,,,,,,,,,,,,,,,,,,,,,,,,,,,,,,,,,,
,5500,62.01540019645454,8.062513479169409,,,,,,,,,,,,,,,,,,,,,,,,,,,,,,,,,,,,,,,,,,,,,,,,,,,,,,,,,,,,,,,,,,,,,,,,,,,,,,,,,,,,,,,,,,,,,,,,,,,,,,,,
15,5499,,,0.029254913330078125,0.404052734375,16.0,1.0,1.0,1.0,1.0,1.0,1.0,1.0,1.0,0.0,0.0,0.0,0.0,0.0,0.0,0.0,0.0,0.0,27.0,1.0,0.0018437388353049755,1.0,0.7007160186767578,0.9764404296875,0.02189737558364868,0.015625,0.0218505859375,0.0,1.0,0.06598486006259918,1.0,16.24087142944336,0.4951171875,0.25732421875,0.8861480355262756,0.912109375,0.23779296875,0.8798828125,0.3211248517036438,0.0,1.0,0.0625,1.0,0.0005696237785741687,1.0,1.0,0.0,0.0,0.0,0.0005696237785741687,,,,,,,,,,,,,,,,,,,,,,,,,,,,,,,,,,,,,,,,,,,,,,,,,,,,
15,5504,,,0.03219795227050781,0.4052734375,16.0,1.0,1.0,1.0,1.0,1.0,1.0,1.0,1.0,0.0,0.0,0.0,0.0,0.0,0.0,0.0,0.0,0.0,27.0,1.0,0.0026635623071342707,1.0,0.6739635467529297,0.9608154296875,0.021061360836029053,0.015625,0.0211181640625,0.0,1.0,0.0785851702094078,1.0,16.231674194335938,0.50439453125,0.23388671875,0.9060542583465576,0.844357967376709,0.2705078125,0.84521484375,0.3822667598724365,0.0,1.0,0.06227022036910057,1.0,0.0007224242435768247,1.0,1.0,0.0,0.0,0.0,0.0007224242435768247,,,,,,,,,,,,,,,,,,,,,,,,,,,,,,,,,,,,,,,,,,,,,,,,,,,,
15,5509,,,0.034850120544433594,0.404022216796875,16.0,1.0,1.0,1.0,1.0,1.0,1.0,1.0,1.0,0.0,0.0,0.0,0.0,0.0,0.0,0.0,0.0,0.0,27.0,1.0,0.005560950376093388,1.0,0.6692967414855957,0.971435546875,0.020915523171424866,0.015625,0.0208740234375,0.0,1.0,0.07768509536981583,1.0,16.230070114135742,0.49267578125,0.251953125,0.8701550364494324,0.876953125,0.24072265625,0.85009765625,0.37031447887420654,0.0,1.0,0.0625,1.0,0.0014657501596957445,1.0,1.0,0.0,0.0,0.0,0.0014657501596957445,,,,,,,,,,,,,,,,,,,,,,,,,,,,,,,,,,,,,,,,,,,,,,,,,,,,
15,5514,,,0.032245635986328125,0.4013671875,16.0,1.0,1.0,1.0,1.0,1.0,1.0,1.0,1.0,0.0,0.0,0.0,0.0,0.0,0.0,0.0,0.0,0.0,27.0,1.0,0.004904076922684908,1.0,0.7485060691833496,0.9708251953125,0.023390814661979675,0.015625,0.0234375,0.0,1.0,0.07398770749568939,1.0,16.257299423217773,0.49462890625,0.27685546875,0.8112874627113342,0.8984375,0.2177734375,0.86279296875,0.354339599609375,0.0,0.90625,0.056640625,1.0,0.0011021059472113848,1.0,1.0,0.0,0.0,0.0,0.0011021059472113848,,,,,,,,,,,,,,,,,,,,,,,,,,,,,,,,,,,,,,,,,,,,,,,,,,,,
15,5519,,,0.0317230224609375,0.40570068359375,16.0,1.0,1.0,1.0,1.0,1.0,1.0,1.0,1.0,0.0,0.0,0.0,0.0,0.0,0.0,0.0,0.0,0.0,27.0,1.0,0.0032247817143797874,1.0,0.7136502265930176,0.9742431640625,0.0223015695810318,0.015625,0.0223388671875,0.0,1.0,0.05391668155789375,1.0,16.245317459106445,0.48486328125,0.25537109375,0.8910133838653564,0.9083820581436157,0.2294921875,0.9052734375,0.25749146938323975,0.0,1.0,0.062385112047195435,1.0,0.0008486418519169092,1.0,1.0,0.0,0.0,0.0,0.0008486418519169092,,,,,,,,,,,,,,,,,,,,,,,,,,,,,,,,,,,,,,,,,,,,,,,,,,,,
15,5524,,,0.03138160705566406,0.40283203125,16.0,1.0,1.0,1.0,1.0,1.0,1.0,1.0,1.0,0.0,0.0,0.0,0.0,0.0,0.0,0.0,0.0,0.0,27.0,1.0,0.002999227959662676,1.0,0.7225337028503418,0.9774169921875,0.02257917821407318,0.015625,0.0225830078125,0.0,1.0,0.05517193675041199,1.0,16.248371124267578,0.5,0.26953125,0.8478260636329651,0.9140625,0.23046875,0.89013671875,0.2639768719673157,0.0,0.9375,0.05859375,1.0,0.000860895321238786,1.0,1.0,0.0,0.0,0.0,0.000860895321238786,,,,,,,,,,,,,,,,,,,,,,,,,,,,,,,,,,,,,,,,,,,,,,,,,,,,
15,5529,,,0.03505706787109375,0.4049072265625,16.0,1.0,1.0,1.0,1.0,1.0,1.0,1.0,1.0,0.0,0.0,0.0,0.0,0.0,0.0,0.0,0.0,0.0,27.0,1.0,0.002428297884762287,1.0,0.7826411724090576,0.9722900390625,0.02445753663778305,0.015625,0.0244140625,0.0,1.0,0.06523463875055313,1.0,16.269033432006836,0.48583984375,0.25927734375,0.8983050584793091,0.931640625,0.2265625,0.90087890625,0.3155767321586609,0.0,0.9375,0.05859375,1.0,0.0006733579793944955,1.0,1.0,0.0,0.0,0.0,0.0006733579793944955,,,,,,,,,,,,,,,,,,,,,,,,,,,,,,,,,,,,,,,,,,,,,,,,,,,,
15,5534,,,0.03762340545654297,0.398529052734375,16.0,1.0,1.0,1.0,1.0,1.0,1.0,1.0,1.0,0.0,0.0,0.0,0.0,0.0,0.0,0.0,0.0,0.0,27.0,1.0,0.002843187190592289,1.0,0.7719225883483887,0.97998046875,0.024122580885887146,0.015625,0.024169921875,0.0,1.0,0.06939572095870972,1.0,16.265348434448242,0.49267578125,0.2529296875,0.8976833820343018,0.9046692848205566,0.23974609375,0.890625,0.3346211016178131,0.0,0.78125,0.04859834536910057,1.0,0.0009019119897857308,1.0,1.0,0.0,0.0,0.0,0.0009019119897857308,,,,,,,,,,,,,,,,,,,,,,,,,,,,,,,,,,,,,,,,,,,,,,,,,,,,
15,5539,,,0.03184032440185547,0.404693603515625,16.0,1.0,1.0,1.0,1.0,1.0,1.0,1.0,1.0,0.0,0.0,0.0,0.0,0.0,0.0,0.0,0.0,0.0,27.0,1.0,0.0016823706682771444,1.0,0.7536807060241699,0.977783203125,0.02355252206325531,0.015625,0.0235595703125,0.0,1.0,0.1034742072224617,1.0,16.259077072143555,0.419921875,0.232421875,0.9348739385604858,0.869140625,0.1875,0.84716796875,0.5088897943496704,0.0,1.0,0.0625,1.0,0.0004861330962739885,1.0,1.0,0.0,0.0,0.0,0.0004861330962739885,,,,,,,,,,,,,,,,,,,,,,,,,,,,,,,,,,,,,,,,,,,,,,,,,,,,
15,5544,,,0.03235816955566406,0.403564453125,16.0,1.0,1.0,1.0,1.0,1.0,1.0,1.0,1.0,0.0,0.0,0.0,0.0,0.0,0.0,0.0,0.0,0.0,27.0,1.0,0.002546797040849924,1.0,0.8402042388916016,0.9742431640625,0.02625638246536255,0.015625,0.0262451171875,0.0,1.0,0.09513431787490845,1.0,16.288820266723633,0.4462890625,0.2470703125,0.9031620621681213,0.8891050815582275,0.19921875,0.8037109375,0.4653046727180481,0.0,1.0,0.06227022036910057,1.0,0.0005866789724677801,1.0,1.0,0.0,0.0,0.0,0.0005866789724677801,,,,,,,,,,,,,,,,,,,,,,,,,,,,,,,,,,,,,,,,,,,,,,,,,,,,
15,5549,,,0.03626441955566406,0.40911865234375,16.0,1.0,1.0,1.0,1.0,1.0,1.0,1.0,1.0,0.0,0.0,0.0,0.0,0.0,0.0,0.0,0.0,0.0,27.0,1.0,0.0025443602353334427,1.0,0.9261026382446289,0.953369140625,0.028940707445144653,0.015625,0.0289306640625,0.0,1.0,0.0997464582324028,1.0,16.318347930908203,0.67138671875,0.2646484375,0.830258309841156,0.87890625,0.40673828125,0.7451171875,0.48700636625289917,0.0,0.96875,0.060546875,1.0,0.0007666148594580591,1.0,1.0,0.0,0.0,0.0,0.0007666148594580591,,,,,,,,,,,,,,,,,,,,,,,,,,,,,,,,,,,,,,,,,,,,,,,,,,,,
15,5554,,,0.037062644958496094,0.410003662109375,16.0,1.0,1.0,1.0,1.0,1.0,1.0,1.0,1.0,0.0,0.0,0.0,0.0,0.0,0.0,0.0,0.0,0.0,27.0,1.0,0.0030432569328695536,1.0,0.8856077194213867,0.9637451171875,0.027675241231918335,0.015625,0.0277099609375,0.0,1.0,0.09208937734365463,1.0,16.304428100585938,0.64501953125,0.2431640625,0.8835341334342957,0.8560311198234558,0.40185546875,0.76953125,0.4483698010444641,0.0,1.0,0.06227022036910057,1.0,0.0007308459025807679,1.0,1.0,0.0,0.0,0.0,0.0007308459025807679,,,,,,,,,,,,,,,,,,,,,,,,,,,,,,,,,,,,,,,,,,,,,,,,,,,,
15,5559,,,0.030881881713867188,0.40777587890625,16.0,0.96875,0.998046875,1.0,1.0,1.0,1.0,1.0,1.0,0.0,0.0,1.0,0.03125,0.0,0.0,0.0,0.00048828125,0.0,27.0,0.96875,0.006458601914346218,1.0,0.9264726638793945,0.95263671875,0.02895227074623108,0.015625,0.0289306640625,0.0,1.0,0.08356364816427231,0.999504029750824,16.3184757232666,0.4013671875,0.2529296875,0.88416987657547,0.892787516117096,0.1484375,0.8251953125,0.4001452326774597,0.0,1.0,0.062385112047195435,0.99951171875,0.0010312992380931973,1.0,1.0,0.0,0.0,0.0,0.0010312992380931973,,,,,,,,,,,,,,,,,,,,,,,,,,,,,,,,,,,,,,,,,,,,,,,,,,,,
15,5564,,,0.030335426330566406,0.408660888671875,16.0,1.0,1.0,1.0,1.0,1.0,1.0,1.0,1.0,0.0,0.0,0.0,0.0,0.0,0.0,0.0,0.0,0.0,27.0,1.0,0.005574916023761034,1.0,0.8410711288452148,0.954833984375,0.026283472776412964,0.015625,0.0262451171875,0.0,1.0,0.07558141648769379,1.0,16.28911781311035,0.3779296875,0.2646484375,0.9059040546417236,0.958984375,0.11328125,0.822265625,0.36363494396209717,0.0,1.0,0.0625,1.0,0.0006309153395704925,1.0,1.0,0.0,0.0,0.0,0.0006309153395704925,,,,,,,,,,,,,,,,,,,,,,,,,,,,,,,,,,,,,,,,,,,,,,,,,,,,
15,5569,,,0.03246879577636719,0.4097900390625,16.0,1.0,1.0,1.0,1.0,1.0,1.0,1.0,1.0,0.0,0.0,0.0,0.0,0.0,0.0,0.0,0.0,0.0,27.0,1.0,0.002409746404737234,1.0,0.7841372489929199,0.9515380859375,0.024504289031028748,0.015625,0.0245361328125,0.0,1.0,0.06686382740736008,1.0,16.269546508789062,0.44677734375,0.283203125,0.8620689511299133,0.9765625,0.16357421875,0.861328125,0.3245694637298584,0.0,0.9375,0.05859375,1.0,0.0005307141109369695,1.0,1.0,0.0,0.0,0.0,0.0005307141109369695,,,,,,,,,,,,,,,,,,,,,,,,,,,,,,,,,,,,,,,,,,,,,,,,,,,,
15,5574,,,0.032158851623535156,0.406585693359375,16.0,1.0,1.0,1.0,1.0,1.0,1.0,1.0,1.0,0.0,0.0,0.0,0.0,0.0,0.0,0.0,0.0,0.0,27.0,1.0,0.0020496677607297897,1.0,0.7482051849365234,0.96142578125,0.023381412029266357,0.015625,0.0234375,0.0,1.0,0.07178360223770142,1.0,16.2571964263916,0.4912109375,0.25390625,0.8942307829856873,0.908203125,0.2373046875,0.8896484375,0.349218487739563,0.0,0.75,0.046875,1.0,0.0006366848829202354,1.0,1.0,0.0,0.0,0.0,0.0006366848829202354,,,,,,,,,,,,,,,,,,,,,,,,,,,,,,,,,,,,,,,,,,,,,,,,,,,,
15,5579,,,0.037474632263183594,0.408599853515625,16.0,1.0,1.0,1.0,1.0,1.0,1.0,1.0,1.0,0.0,0.0,0.0,0.0,0.0,0.0,0.0,0.0,0.0,27.0,1.0,0.0019678876269608736,1.0,0.7235784530639648,0.9580078125,0.0226118266582489,0.015625,0.0225830078125,0.0,1.0,0.07200419902801514,1.0,16.248729705810547,0.484375,0.2353515625,0.908713698387146,0.85546875,0.2490234375,0.88427734375,0.35078591108322144,0.0,0.84375,0.052734375,1.0,0.0005282534402795136,1.0,1.0,0.0,0.0,0.0,0.0005282534402795136,,,,,,,,,,,,,,,,,,,,,,,,,,,,,,,,,,,,,,,,,,,,,,,,,,,,
15,5579,,,,,,,,,,,,,,,,,,,,,,,,,,,,,,,,,,,,,,,,,,,,,,,,,,,,,,,0.02633112110197544,0.40762606263160706,16.0,1.0,1.0,1.0,1.0,1.0,1.0,1.0,1.0,0.0,0.0,0.0,0.0,0.0,0.0,0.0,0.0,0.0,27.0,1.0,0.0021172133274376392,1.0,0.6795335412025452,0.9538352489471436,0.021235423162579536,0.015625,0.021251332014799118,0.0,1.0,0.06655797362327576,1.0,16.23358917236328,0.4701704680919647,0.24289773404598236,0.9093645215034485,0.8835227489471436,0.22727273404598236,0.875,0.32377684116363525,0.0,0.8636363744735718,0.053977273404598236,1.0,0.0005851724417880177,1.0,1.0,0.0,0.0,0.0,0.0005851724417880177
15,5584,,,0.032036781311035156,0.411102294921875,16.0,1.0,1.0,1.0,1.0,1.0,1.0,1.0,1.0,0.0,0.0,0.0,0.0,0.0,0.0,0.0,0.0,0.0,27.0,1.0,0.002455658046528697,1.0,0.7021198272705078,0.9239501953125,0.02194124460220337,0.015625,0.02197265625,0.0,1.0,0.06098704785108566,1.0,16.24135398864746,0.45703125,0.2451171875,0.9203187227249146,0.90234375,0.2119140625,0.88427734375,0.2942744791507721,0.0,0.84375,0.052734375,1.0,0.0007591797620989382,1.0,1.0,0.0,0.0,0.0,0.0007591797620989382,,,,,,,,,,,,,,,,,,,,,,,,,,,,,,,,,,,,,,,,,,,,,,,,,,,,
15,5589,,,0.02856159210205078,0.407257080078125,16.0,1.0,1.0,1.0,1.0,1.0,1.0,1.0,1.0,0.0,0.0,0.0,0.0,0.0,0.0,0.0,0.0,0.0,27.0,1.0,0.003652807790786028,1.0,0.6997256278991699,0.906005859375,0.02186642587184906,0.015625,0.0218505859375,0.0,1.0,0.06480339914560318,1.0,16.240530014038086,0.4951171875,0.26171875,0.871268630027771,0.912109375,0.2333984375,0.8876953125,0.31045180559158325,0.0,0.78125,0.048828125,1.0,0.0010774347465485334,1.0,1.0,0.0,0.0,0.0,0.0010774347465485334,,,,,,,,,,,,,,,,,,,,,,,,,,,,,,,,,,,,,,,,,,,,,,,,,,,,
15,5594,,,0.02745532989501953,0.410797119140625,16.0,1.0,1.0,1.0,1.0,1.0,1.0,1.0,1.0,0.0,0.0,0.0,0.0,0.0,0.0,0.0,0.0,0.0,27.0,1.0,0.002883193315938115,1.0,0.6881189346313477,0.91845703125,0.021503716707229614,0.015625,0.021484375,0.0,1.0,0.06316743791103363,1.0,16.236541748046875,0.49267578125,0.25537109375,0.8680688142776489,0.8832684755325317,0.2373046875,0.8916015625,0.3051668107509613,0.0,1.0,0.06227022036910057,1.0,0.0007095715845935047,1.0,1.0,0.0,0.0,0.0,0.0007095715845935047,,,,,,,,,,,,,,,,,,,,,,,,,,,,,,,,,,,,,,,,,,,,,,,,,,,,
,5600,49.773284251928565,8.036439748990468,,,,,,,,,,,,,,,,,,,,,,,,,,,,,,,,,,,,,,,,,,,,,,,,,,,,,,,,,,,,,,,,,,,,,,,,,,,,,,,,,,,,,,,,,,,,,,,,,,,,,,,,
15,5599,,,0.03141975402832031,0.41522216796875,16.0,1.0,1.0,1.0,1.0,1.0,1.0,1.0,1.0,0.0,0.0,0.0,0.0,0.0,0.0,0.0,0.0,0.0,27.0,1.0,0.003266148269176483,1.0,0.7090082168579102,0.89111328125,0.022156506776809692,0.015625,0.022216796875,0.0,1.0,0.061678387224674225,1.0,16.24372100830078,0.4921875,0.25146484375,0.8951456546783447,0.900390625,0.24072265625,0.89794921875,0.2966175079345703,0.0,1.0,0.0625,1.0,0.0007797377184033394,1.0,1.0,0.0,0.0,0.0,0.0007797377184033394,,,,,,,,,,,,,,,,,,,,,,,,,,,,,,,,,,,,,,,,,,,,,,,,,,,,
15,5604,,,0.03322315216064453,0.404693603515625,16.0,1.0,1.0,1.0,1.0,1.0,1.0,1.0,1.0,0.0,0.0,0.0,0.0,0.0,0.0,0.0,0.0,0.0,27.0,1.0,0.003266494255512953,1.0,0.7245144844055176,0.9696044921875,0.022641077637672424,0.015625,0.0225830078125,0.0,1.0,0.05441465973854065,1.0,16.249052047729492,0.49169921875,0.2470703125,0.8893280625343323,0.87890625,0.24462890625,0.90771484375,0.2589713931083679,0.0,0.9375,0.05859375,1.0,0.001019483432173729,1.0,1.0,0.0,0.0,0.0,0.001019483432173729,,,,,,,,,,,,,,,,,,,,,,,,,,,,,,,,,,,,,,,,,,,,,,,,,,,,
15,5609,,,0.03460979461669922,0.414947509765625,16.0,1.0,1.0,1.0,1.0,1.0,1.0,1.0,1.0,0.0,0.0,0.0,0.0,0.0,0.0,0.0,0.0,0.0,27.0,1.0,0.002841642126441002,1.0,0.6558871269226074,0.9598388671875,0.020496472716331482,0.015625,0.0205078125,0.0,1.0,0.05550628900527954,1.0,16.225461959838867,0.5068359375,0.26611328125,0.8697247505187988,0.92578125,0.24072265625,0.9033203125,0.2666756510734558,0.0,0.90625,0.056640625,1.0,0.0007045689271762967,1.0,1.0,0.0,0.0,0.0,0.0007045689271762967,,,,,,,,,,,,,,,,,,,,,,,,,,,,,,,,,,,,,,,,,,,,,,,,,,,,
15,5614,,,0.03238201141357422,0.412506103515625,16.0,1.0,1.0,1.0,1.0,1.0,1.0,1.0,1.0,0.0,0.0,0.0,0.0,0.0,0.0,0.0,0.0,0.0,27.0,1.0,0.002535797655582428,1.0,0.6609072685241699,0.9580078125,0.02065335214138031,0.015625,0.0206298828125,0.0,1.0,0.05098584294319153,1.0,16.22718620300293,0.49951171875,0.26220703125,0.8919925689697266,0.935546875,0.2373046875,0.9072265625,0.2442447990179062,0.0,1.0,0.0625,1.0,0.0007671263883821666,1.0,1.0,0.0,0.0,0.0,0.0007671263883821666,,,,,,,,,,,,,,,,,,,,,,,,,,,,,,,,,,,,,,,,,,,,,,,,,,,,
15,5619,,,0.03304481506347656,0.40997314453125,16.0,1.0,1.0,1.0,1.0,1.0,1.0,1.0,1.0,0.0,0.0,0.0,0.0,0.0,0.0,0.0,0.0,0.0,27.0,1.0,0.0033672035206109285,1.0,0.6919417381286621,0.970458984375,0.02162317931652069,0.015625,0.0216064453125,0.0,1.0,0.05624735727906227,1.0,16.237855911254883,0.51025390625,0.26708984375,0.864716649055481,0.923828125,0.2431640625,0.8984375,0.26852405071258545,0.0,1.0,0.0625,1.0,0.0009373314096592367,1.0,1.0,0.0,0.0,0.0,0.0009373314096592367,,,,,,,,,,,,,,,,,,,,,,,,,,,,,,,,,,,,,,,,,,,,,,,,,,,,
15,5624,,,0.03562641143798828,0.409942626953125,16.0,1.0,1.0,1.0,1.0,1.0,1.0,1.0,1.0,0.0,0.0,0.0,0.0,0.0,0.0,0.0,0.0,0.0,27.0,1.0,0.0036184885539114475,1.0,0.6942410469055176,0.946533203125,0.021695032715797424,0.015625,0.021728515625,0.0,1.0,0.05685102194547653,1.0,16.238645553588867,0.50244140625,0.26025390625,0.8761726021766663,0.912109375,0.2421875,0.900390625,0.26951926946640015,0.0,0.84375,0.052734375,1.0,0.0012514041736721992,1.0,1.0,0.0,0.0,0.0,0.0012514041736721992,,,,,,,,,,,,,,,,,,,,,,,,,,,,,,,,,,,,,,,,,,,,,,,,,,,,
15,5629,,,0.03133583068847656,0.4127197265625,16.0,1.0,1.0,1.0,1.0,1.0,1.0,1.0,1.0,0.0,0.0,0.0,0.0,0.0,0.0,0.0,0.0,0.0,27.0,1.0,0.002624856075271964,1.0,0.6663074493408203,0.9432373046875,0.020822107791900635,0.015625,0.0208740234375,0.0,1.0,0.04902133345603943,1.0,16.22904396057129,0.4892578125,0.2568359375,0.8840304017066956,0.908203125,0.232421875,0.9052734375,0.2334260642528534,0.0,0.9375,0.05859375,1.0,0.0009488360374234617,1.0,1.0,0.0,0.0,0.0,0.0009488360374234617,,,,,,,,,,,,,,,,,,,,,,,,,,,,,,,,,,,,,,,,,,,,,,,,,,,,
16,5634,,,0.03166770935058594,0.41058349609375,16.0,1.0,1.0,1.0,1.0,1.0,1.0,1.0,1.0,0.0,0.0,0.0,0.0,0.0,0.0,0.0,0.0,0.0,27.0,1.0,0.002353988355025649,1.0,0.7069787979125977,0.954345703125,0.022093087434768677,0.015625,0.0220947265625,0.0,1.0,0.054044242948293686,1.0,16.243024826049805,0.4833984375,0.25341796875,0.8824662566184998,0.89453125,0.22998046875,0.90576171875,0.2596137821674347,0.0,0.9375,0.05859375,1.0,0.0007738059503026307,1.0,1.0,0.0,0.0,0.0,0.0007738059503026307,,,,,,,,,,,,,,,,,,,,,,,,,,,,,,,,,,,,,,,,,,,,,,,,,,,,
16,5639,,,0.037726402282714844,0.412567138671875,16.0,1.0,1.0,1.0,1.0,1.0,1.0,1.0,1.0,0.0,0.0,0.0,0.0,0.0,0.0,0.0,0.0,0.0,27.0,1.0,0.002535362960770726,1.0,0.7170295715332031,0.9381103515625,0.022407174110412598,0.015625,0.0224609375,0.0,1.0,0.05772469937801361,1.0,16.246479034423828,0.4970703125,0.2548828125,0.8812260627746582,0.8984375,0.2421875,0.89453125,0.2773970663547516,0.0,1.0,0.0625,1.0,0.0007840439793653786,1.0,1.0,0.0,0.0,0.0,0.0007840439793653786,,,,,,,,,,,,,,,,,,,,,,,,,,,,,,,,,,,,,,,,,,,,,,,,,,,,
16,5644,,,0.032288551330566406,0.410552978515625,16.0,1.0,1.0,1.0,1.0,1.0,1.0,1.0,1.0,0.0,0.0,0.0,0.0,0.0,0.0,0.0,0.0,0.0,27.0,1.0,0.0031344520393759012,1.0,0.746737003326416,0.951904296875,0.0233355313539505,0.015625,0.0233154296875,0.0,1.0,0.04723557457327843,1.0,16.256690979003906,0.50390625,0.2626953125,0.886617124080658,0.931640625,0.2412109375,0.91552734375,0.22401680052280426,0.0,1.0,0.0625,1.0,0.0008603209280408919,1.0,1.0,0.0,0.0,0.0,0.0008603209280408919,,,,,,,,,,,,,,,,,,,,,,,,,,,,,,,,,,,,,,,,,,,,,,,,,,,,
16,5649,,,0.03837013244628906,0.41485595703125,16.0,1.0,1.0,1.0,1.0,1.0,1.0,1.0,1.0,0.0,0.0,0.0,0.0,0.0,0.0,0.0,0.0,0.0,27.0,1.0,0.0030899643898010254,1.0,0.7546353340148926,0.9339599609375,0.023582354187965393,0.015625,0.0235595703125,0.0,1.0,0.040235813707113266,1.0,16.2594051361084,0.50146484375,0.25732421875,0.9070208668708801,0.9281553626060486,0.244140625,0.9267578125,0.18938162922859192,0.0,0.96875,0.06020220369100571,1.0,0.0007321782177314162,1.0,1.0,0.0,0.0,0.0,0.0007321782177314162,,,,,,,,,,,,,,,,,,,,,,,,,,,,,,,,,,,,,,,,,,,,,,,,,,,,
16,5654,,,0.032713890075683594,0.410247802734375,16.0,1.0,1.0,1.0,1.0,1.0,1.0,1.0,1.0,0.0,0.0,0.0,0.0,0.0,0.0,0.0,0.0,0.0,27.0,1.0,0.0024322879035025835,1.0,0.7612729072570801,0.9451904296875,0.023789778351783752,0.015625,0.0238037109375,0.0,1.0,0.0437520407140255,1.0,16.261688232421875,0.4951171875,0.251953125,0.8992248177528381,0.90625,0.2431640625,0.9169921875,0.20772868394851685,0.0,1.0,0.0625,1.0,0.0007942553493194282,1.0,1.0,0.0,0.0,0.0,0.0007942553493194282,,,,,,,,,,,,,,,,,,,,,,,,,,,,,,,,,,,,,,,,,,,,,,,,,,,,
16,5659,,,0.03724098205566406,0.41033935546875,16.0,1.0,1.0,1.0,1.0,1.0,1.0,1.0,1.0,0.0,0.0,0.0,0.0,0.0,0.0,0.0,0.0,0.0,27.0,1.0,0.002000478096306324,1.0,0.7456793785095215,0.9461669921875,0.023302480578422546,0.015625,0.0233154296875,0.0,1.0,0.046858709305524826,1.0,16.25632667541504,0.4814453125,0.25244140625,0.9129593968391418,0.921875,0.22900390625,0.92333984375,0.22508937120437622,0.0,0.96875,0.060546875,1.0,0.0005029098829254508,1.0,1.0,0.0,0.0,0.0,0.0005029098829254508,,,,,,,,,,,,,,,,,,,,,,,,,,,,,,,,,,,,,,,,,,,,,,,,,,,,
16,5664,,,0.03308868408203125,0.40911865234375,16.0,1.0,1.0,1.0,1.0,1.0,1.0,1.0,1.0,0.0,0.0,0.0,0.0,0.0,0.0,0.0,0.0,0.0,27.0,1.0,0.003009956330060959,1.0,0.7412171363830566,0.9024658203125,0.02316303551197052,0.015625,0.023193359375,0.0,1.0,0.04655647650361061,1.0,16.254793167114258,0.4921875,0.24560546875,0.9045725464820862,0.888671875,0.24658203125,0.91943359375,0.22132742404937744,0.0,0.9375,0.05859375,1.0,0.0007441300549544394,1.0,1.0,0.0,0.0,0.0,0.0007441300549544394,,,,,,,,,,,,,,,,,,,,,,,,,,,,,,,,,,,,,,,,,,,,,,,,,,,,
16,5669,,,0.03701972961425781,0.410888671875,16.0,1.0,1.0,1.0,1.0,1.0,1.0,1.0,1.0,0.0,0.0,0.0,0.0,0.0,0.0,0.0,0.0,0.0,27.0,1.0,0.0026176529936492443,1.0,0.7167177200317383,0.9268798828125,0.02239742875099182,0.015625,0.0223388671875,0.0,1.0,0.05950674042105675,1.0,16.24637222290039,0.51171875,0.25439453125,0.9001919627189636,0.9124513864517212,0.25732421875,0.88623046875,0.2866610586643219,0.0,1.0,0.06227022036910057,1.0,0.0007035961025394499,1.0,1.0,0.0,0.0,0.0,0.0007035961025394499,,,,,,,,,,,,,,,,,,,,,,,,,,,,,,,,,,,,,,,,,,,,,,,,,,,,
16,5674,,,0.033919334411621094,0.406036376953125,16.0,1.0,1.0,1.0,1.0,1.0,1.0,1.0,1.0,0.0,0.0,0.0,0.0,0.0,0.0,0.0,0.0,0.0,27.0,1.0,0.010977858677506447,1.0,0.9662363529205322,0.8834228515625,0.030194886028766632,0.015625,0.0301513671875,0.0,1.0,0.08207057416439056,1.0,16.332143783569336,0.5244140625,0.28076171875,0.8139130473136902,0.9105058312416077,0.24365234375,0.86181640625,0.3806767463684082,0.0,1.0,0.06227022036910057,1.0,0.0022488380782306194,1.0,1.0,0.0,0.0,0.0,0.0022488380782306194,,,,,,,,,,,,,,,,,,,,,,,,,,,,,,,,,,,,,,,,,,,,,,,,,,,,
16,5679,,,0.03189563751220703,0.405242919921875,16.0,1.0,1.0,1.0,1.0,1.0,1.0,1.0,1.0,0.0,0.0,0.0,0.0,0.0,0.0,0.0,0.0,0.0,27.0,1.0,0.007138132583349943,1.0,0.6480586528778076,0.965576171875,0.020251832902431488,0.015625,0.020263671875,0.0,1.0,0.08776556700468063,1.0,16.22277069091797,0.48095703125,0.234375,0.8687499761581421,0.814453125,0.24658203125,0.841796875,0.41940611600875854,0.0,0.9375,0.05859375,1.0,0.001376496977172792,1.0,1.0,0.0,0.0,0.0,0.001376496977172792,,,,,,,,,,,,,,,,,,,,,,,,,,,,,,,,,,,,,,,,,,,,,,,,,,,,
16,5684,,,0.033156394958496094,0.408721923828125,16.0,1.0,1.0,1.0,1.0,1.0,1.0,1.0,1.0,0.0,0.0,0.0,0.0,0.0,0.0,0.0,0.0,0.0,27.0,1.0,0.004453427158296108,1.0,0.5652055740356445,0.983154296875,0.01766267418861389,0.015625,0.0177001953125,0.0,1.0,0.09228234738111496,1.0,16.194290161132812,0.53466796875,0.24267578125,0.818913459777832,0.794921875,0.2919921875,0.8193359375,0.4459821581840515,0.0,1.0,0.0625,1.0,0.0012862232979387045,1.0,1.0,0.0,0.0,0.0,0.0012862232979387045,,,,,,,,,,,,,,,,,,,,,,,,,,,,,,,,,,,,,,,,,,,,,,,,,,,,
16,5689,,,0.03188133239746094,0.4085693359375,16.0,1.0,1.0,1.0,1.0,1.0,1.0,1.0,1.0,0.0,0.0,0.0,0.0,0.0,0.0,0.0,0.0,0.0,27.0,1.0,0.0034958727192133665,1.0,0.6586337089538574,0.9813232421875,0.020582303404808044,0.015625,0.0206298828125,0.0,1.0,0.07887136191129684,1.0,16.22640609741211,0.49365234375,0.25341796875,0.8400770425796509,0.8515625,0.240234375,0.841796875,0.38045835494995117,0.0,0.84375,0.052734375,1.0,0.0011749257100746036,1.0,1.0,0.0,0.0,0.0,0.0011749257100746036,,,,,,,,,,,,,,,,,,,,,,,,,,,,,,,,,,,,,,,,,,,,,,,,,,,,
16,5694,,,0.033095359802246094,0.405975341796875,16.0,1.0,1.0,1.0,1.0,1.0,1.0,1.0,1.0,0.0,0.0,0.0,0.0,0.0,0.0,0.0,0.0,0.0,27.0,1.0,0.0023615192621946335,1.0,0.6684136390686035,0.9781494140625,0.02088792622089386,0.015625,0.0208740234375,0.0,1.0,0.07242567092180252,1.0,16.229766845703125,0.4814453125,0.22509765625,0.8785249590873718,0.791015625,0.25634765625,0.8583984375,0.350894957780838,0.0,0.9375,0.05859375,1.0,0.0009076352580450475,1.0,1.0,0.0,0.0,0.0,0.0009076352580450475,,,,,,,,,,,,,,,,,,,,,,,,,,,,,,,,,,,,,,,,,,,,,,,,,,,,
,5700,37.28830988473684,8.045416939714892,,,,,,,,,,,,,,,,,,,,,,,,,,,,,,,,,,,,,,,,,,,,,,,,,,,,,,,,,,,,,,,,,,,,,,,,,,,,,,,,,,,,,,,,,,,,,,,,,,,,,,,,
16,5699,,,0.03903484344482422,0.410308837890625,16.0,1.0,1.0,1.0,1.0,1.0,1.0,1.0,1.0,0.0,0.0,0.0,0.0,0.0,0.0,0.0,0.0,0.0,27.0,1.0,0.0023239145521074533,1.0,0.6350908279418945,0.9744873046875,0.019846588373184204,0.015625,0.0198974609375,0.0,1.0,0.06281772255897522,1.0,16.218313217163086,0.4970703125,0.259765625,0.8345864415168762,0.8654970526695251,0.2373046875,0.873046875,0.30299144983291626,0.0,0.875,0.054572612047195435,1.0,0.0008494714857079089,1.0,1.0,0.0,0.0,0.0,0.0008494714857079089,,,,,,,,,,,,,,,,,,,,,,,,,,,,,,,,,,,,,,,,,,,,,,,,,,,,
16,5704,,,0.031813621520996094,0.408782958984375,16.0,1.0,1.0,1.0,1.0,1.0,1.0,1.0,1.0,0.0,0.0,0.0,0.0,0.0,0.0,0.0,0.0,0.0,27.0,1.0,0.005350969731807709,1.0,0.7280254364013672,0.982177734375,0.022750794887542725,0.015625,0.022705078125,0.0,1.0,0.05772022902965546,1.0,16.250259399414062,0.49365234375,0.27294921875,0.8515205979347229,0.9296875,0.220703125,0.90283203125,0.27244746685028076,0.0,0.96875,0.060546875,1.0,0.0011209091171622276,1.0,1.0,0.0,0.0,0.0,0.0011209091171622276,,,,,,,,,,,,,,,,,,,,,,,,,,,,,,,,,,,,,,,,,,,,,,,,,,,,
16,5709,,,0.03394794464111328,0.411773681640625,16.0,1.0,1.0,1.0,1.0,1.0,1.0,1.0,1.0,0.0,0.0,0.0,0.0,0.0,0.0,0.0,0.0,0.0,27.0,1.0,0.0028244629502296448,1.0,0.7155613899230957,0.984375,0.02236129343509674,0.015625,0.0223388671875,0.0,1.0,0.052107907831668854,1.0,16.245973587036133,0.4873046875,0.2724609375,0.8709677457809448,0.94921875,0.21484375,0.91015625,0.24893471598625183,0.0,0.8125,0.05078125,1.0,0.0008290486875921488,1.0,1.0,0.0,0.0,0.0,0.0008290486875921488,,,,,,,,,,,,,,,,,,,,,,,,,,,,,,,,,,,,,,,,,,,,,,,,,,,,
16,5714,,,0.034397125244140625,0.408935546875,16.0,1.0,1.0,1.0,1.0,1.0,1.0,1.0,1.0,0.0,0.0,0.0,0.0,0.0,0.0,0.0,0.0,0.0,27.0,1.0,0.003025950863957405,1.0,0.7418270111083984,0.983642578125,0.02318209409713745,0.015625,0.023193359375,0.0,1.0,0.0460137277841568,1.0,16.255002975463867,0.490234375,0.26220703125,0.8957169651985168,0.939453125,0.22802734375,0.91748046875,0.21771186590194702,0.0,0.96875,0.060546875,1.0,0.0009074101108126342,1.0,1.0,0.0,0.0,0.0,0.0009074101108126342,,,,,,,,,,,,,,,,,,,,,,,,,,,,,,,,,,,,,,,,,,,,,,,,,,,,
16,5719,,,0.03603553771972656,0.40643310546875,16.0,1.0,1.0,1.0,1.0,1.0,1.0,1.0,1.0,0.0,0.0,0.0,0.0,0.0,0.0,0.0,0.0,0.0,27.0,1.0,0.0018112023826688528,1.0,0.7455153465270996,0.982666015625,0.023297354578971863,0.015625,0.0233154296875,0.0,1.0,0.038874007761478424,1.0,16.256271362304688,0.49072265625,0.2685546875,0.8999999761581421,0.9649122953414917,0.22216796875,0.93212890625,0.18580147624015808,0.0,1.0,0.062385112047195435,1.0,0.0004351645475253463,1.0,1.0,0.0,0.0,0.0,0.0004351645475253463,,,,,,,,,,,,,,,,,,,,,,,,,,,,,,,,,,,,,,,,,,,,,,,,,,,,
16,5724,,,0.042736053466796875,0.40625,16.0,1.0,1.0,1.0,1.0,1.0,1.0,1.0,1.0,0.0,0.0,0.0,0.0,0.0,0.0,0.0,0.0,0.0,27.0,1.0,0.0018545594066381454,1.0,0.6973786354064941,0.978271484375,0.021793082356452942,0.015625,0.0218505859375,0.0,1.0,0.04173007979989052,1.0,16.239723205566406,0.4853515625,0.25244140625,0.9071566462516785,0.916015625,0.23291015625,0.927734375,0.19979920983314514,0.0,1.0,0.0625,1.0,0.00044245400931686163,1.0,1.0,0.0,0.0,0.0,0.00044245400931686163,,,,,,,,,,,,,,,,,,,,,,,,,,,,,,,,,,,,,,,,,,,,,,,,,,,,
16,5729,,,0.03342914581298828,0.403289794921875,16.0,1.0,1.0,1.0,1.0,1.0,1.0,1.0,1.0,0.0,0.0,0.0,0.0,0.0,0.0,0.0,0.0,0.0,27.0,1.0,0.0018417234532535076,1.0,0.700528621673584,0.9752197265625,0.0218915194272995,0.015625,0.0218505859375,0.0,1.0,0.03994886204600334,1.0,16.240806579589844,0.4912109375,0.2490234375,0.9235293865203857,0.919921875,0.2421875,0.93701171875,0.19123093783855438,0.0,1.0,0.0625,1.0,0.00047117029316723347,1.0,1.0,0.0,0.0,0.0,0.00047117029316723347,,,,,,,,,,,,,,,,,,,,,,,,,,,,,,,,,,,,,,,,,,,,,,,,,,,,
16,5734,,,0.03458690643310547,0.406341552734375,16.0,1.0,1.0,1.0,1.0,1.0,1.0,1.0,1.0,0.0,0.0,0.0,0.0,0.0,0.0,0.0,0.0,0.0,27.0,1.0,0.0020583246368914843,1.0,0.6181135177612305,0.9656982421875,0.019316047430038452,0.015625,0.019287109375,0.0,1.0,0.03917035087943077,1.0,16.21247673034668,0.48876953125,0.24609375,0.9464285969734192,0.931640625,0.24267578125,0.92822265625,0.18641634285449982,0.0,1.0,0.0625,1.0,0.0006413498194888234,1.0,1.0,0.0,0.0,0.0,0.0006413498194888234,,,,,,,,,,,,,,,,,,,,,,,,,,,,,,,,,,,,,,,,,,,,,,,,,,,,
16,5739,,,0.03255653381347656,0.4083251953125,16.0,1.0,1.0,1.0,1.0,1.0,1.0,1.0,1.0,0.0,0.0,0.0,0.0,0.0,0.0,0.0,0.0,0.0,27.0,1.0,0.002202664501965046,1.0,0.5985383987426758,0.9691162109375,0.018704324960708618,0.015625,0.0186767578125,0.0,1.0,0.03552807494997978,1.0,16.205747604370117,0.49365234375,0.24609375,0.9444444179534912,0.9296875,0.24755859375,0.93603515625,0.16764679551124573,0.0,1.0,0.0625,1.0,0.0007486431277357042,1.0,1.0,0.0,0.0,0.0,0.0007486431277357042,,,,,,,,,,,,,,,,,,,,,,,,,,,,,,,,,,,,,,,,,,,,,,,,,,,,
16,5744,,,0.03295612335205078,0.404571533203125,16.0,1.0,1.0,1.0,1.0,1.0,1.0,1.0,1.0,0.0,0.0,0.0,0.0,0.0,0.0,0.0,0.0,0.0,27.0,1.0,0.0020854102913290262,1.0,0.6576077938079834,0.97998046875,0.02055024355649948,0.015625,0.0205078125,0.0,1.0,0.04374922066926956,1.0,16.22605323791504,0.4921875,0.25439453125,0.9136276245117188,0.9296875,0.23779296875,0.92138671875,0.2093571573495865,0.0,1.0,0.0625,1.0,0.0006167962565086782,1.0,1.0,0.0,0.0,0.0,0.0006167962565086782,,,,,,,,,,,,,,,,,,,,,,,,,,,,,,,,,,,,,,,,,,,,,,,,,,,,
16,5749,,,0.03428363800048828,0.408782958984375,16.0,1.0,1.0,1.0,1.0,1.0,1.0,1.0,1.0,0.0,0.0,0.0,0.0,0.0,0.0,0.0,0.0,0.0,27.0,1.0,0.004056412260979414,1.0,0.6392486095428467,0.955810546875,0.01997651904821396,0.015625,0.02001953125,0.0,1.0,0.04016619175672531,1.0,16.219741821289062,0.48388671875,0.2548828125,0.9061302542686462,0.923828125,0.22900390625,0.927734375,0.1870555430650711,0.0,1.0,0.0625,1.0,0.0009976024739444256,1.0,1.0,0.0,0.0,0.0,0.0009976024739444256,,,,,,,,,,,,,,,,,,,,,,,,,,,,,,,,,,,,,,,,,,,,,,,,,,,,
16,5754,,,0.036049842834472656,0.408355712890625,16.0,1.0,1.0,1.0,1.0,1.0,1.0,1.0,1.0,0.0,0.0,0.0,0.0,0.0,0.0,0.0,0.0,0.0,27.0,1.0,0.0018102433532476425,1.0,0.6182010173797607,0.95947265625,0.019318781793117523,0.015625,0.019287109375,0.0,1.0,0.04055383428931236,1.0,16.212507247924805,0.49560546875,0.24609375,0.9246031641960144,0.9083820581436157,0.24951171875,0.93359375,0.19411468505859375,0.0,0.875,0.054572612047195435,1.0,0.0005325524834915996,1.0,1.0,0.0,0.0,0.0,0.0005325524834915996,,,,,,,,,,,,,,,,,,,,,,,,,,,,,,,,,,,,,,,,,,,,,,,,,,,,
16,5759,,,0.031003952026367188,0.40802001953125,16.0,1.0,1.0,1.0,1.0,1.0,1.0,1.0,1.0,0.0,0.0,0.0,0.0,0.0,0.0,0.0,0.0,0.0,27.0,1.0,0.0016903564101085067,1.0,0.676060676574707,0.9727783203125,0.021126896142959595,0.015625,0.0211181640625,0.0,1.0,0.043968234211206436,1.0,16.23239517211914,0.49560546875,0.2431640625,0.9236947894096375,0.8984375,0.25244140625,0.92041015625,0.21172131597995758,0.0,0.9375,0.05859375,1.0,0.00046981609193608165,1.0,1.0,0.0,0.0,0.0,0.00046981609193608165,,,,,,,,,,,,,,,,,,,,,,,,,,,,,,,,,,,,,,,,,,,,,,,,,,,,
16,5764,,,0.0324859619140625,0.4033203125,16.0,1.0,1.0,1.0,1.0,1.0,1.0,1.0,1.0,0.0,0.0,0.0,0.0,0.0,0.0,0.0,0.0,0.0,27.0,1.0,0.001897580223158002,1.0,0.6904013156890869,0.9647216796875,0.021575041115283966,0.015625,0.0216064453125,0.0,1.0,0.034123003482818604,1.0,16.23732566833496,0.49755859375,0.2529296875,0.9401544332504272,0.951171875,0.24462890625,0.94482421875,0.16140608489513397,0.0,0.96875,0.060546875,1.0,0.0006095640128478408,1.0,1.0,0.0,0.0,0.0,0.0006095640128478408,,,,,,,,,,,,,,,,,,,,,,,,,,,,,,,,,,,,,,,,,,,,,,,,,,,,
16,5769,,,0.03566169738769531,0.40313720703125,16.0,1.0,1.0,1.0,1.0,1.0,1.0,1.0,1.0,0.0,0.0,0.0,0.0,0.0,0.0,0.0,0.0,0.0,27.0,1.0,0.0017088691238313913,1.0,0.6496837139129639,0.973876953125,0.02030261605978012,0.015625,0.020263671875,0.0,1.0,0.04003532975912094,1.0,16.223329544067383,0.4912109375,0.25048828125,0.9278752207756042,0.9296875,0.24072265625,0.9267578125,0.19169437885284424,0.0,1.0,0.0625,1.0,0.0005082592251710594,1.0,1.0,0.0,0.0,0.0,0.0005082592251710594,,,,,,,,,,,,,,,,,,,,,,,,,,,,,,,,,,,,,,,,,,,,,,,,,,,,
16,5774,,,0.03427600860595703,0.404754638671875,16.0,1.0,1.0,1.0,1.0,1.0,1.0,1.0,1.0,0.0,0.0,0.0,0.0,0.0,0.0,0.0,0.0,0.0,27.0,1.0,0.0019042310304939747,1.0,0.6195478439331055,0.9813232421875,0.019360870122909546,0.015625,0.0194091796875,0.0,1.0,0.03347579017281532,1.0,16.212968826293945,0.4921875,0.2470703125,0.9466403126716614,0.9319066405296326,0.2451171875,0.9443359375,0.15903808176517487,0.0,0.96875,0.06031709536910057,1.0,0.0004602558328770101,1.0,1.0,0.0,0.0,0.0,0.0004602558328770101,,,,,,,,,,,,,,,,,,,,,,,,,,,,,,,,,,,,,,,,,,,,,,,,,,,,
16,5779,,,0.03137493133544922,0.405975341796875,16.0,1.0,1.0,1.0,1.0,1.0,1.0,1.0,1.0,0.0,0.0,0.0,0.0,0.0,0.0,0.0,0.0,0.0,27.0,1.0,0.0015695994952693582,1.0,0.5894153118133545,0.9693603515625,0.018419228494167328,0.015625,0.0184326171875,0.0,1.0,0.04772617295384407,1.0,16.202611923217773,0.48974609375,0.2509765625,0.9105058312416077,0.9140625,0.23876953125,0.9140625,0.23115915060043335,0.0,0.96875,0.060546875,1.0,0.00042007211595773697,1.0,1.0,0.0,0.0,0.0,0.00042007211595773697,,,,,,,,,,,,,,,,,,,,,,,,,,,,,,,,,,,,,,,,,,,,,,,,,,,,
16,5784,,,0.032367706298828125,0.4130859375,16.0,1.0,1.0,1.0,1.0,1.0,1.0,1.0,1.0,0.0,0.0,0.0,0.0,0.0,0.0,0.0,0.0,0.0,27.0,1.0,0.0013724882155656815,1.0,0.5696041584014893,0.976318359375,0.01780012995004654,0.015625,0.017822265625,0.0,1.0,0.04887660965323448,1.0,16.19580078125,0.5068359375,0.25146484375,0.90873783826828,0.9105058312416077,0.25537109375,0.91162109375,0.2373104840517044,0.0,0.9375,0.05859375,1.0,0.0003910367377102375,1.0,1.0,0.0,0.0,0.0,0.0003910367377102375,,,,,,,,,,,,,,,,,,,,,,,,,,,,,,,,,,,,,,,,,,,,,,,,,,,,
16,5789,,,0.03100109100341797,0.407135009765625,16.0,1.0,1.0,1.0,1.0,1.0,1.0,1.0,1.0,0.0,0.0,0.0,0.0,0.0,0.0,0.0,0.0,0.0,27.0,1.0,0.0025332022923976183,1.0,0.5865979194641113,0.9791259765625,0.01833118498325348,0.015625,0.018310546875,0.0,1.0,0.05733589455485344,1.0,16.201642990112305,0.49560546875,0.2490234375,0.9235293865203857,0.919921875,0.24658203125,0.90771484375,0.27270209789276123,0.0,0.90625,0.056640625,1.0,0.001485951361246407,1.0,1.0,0.0,0.0,0.0,0.001485951361246407,,,,,,,,,,,,,,,,,,,,,,,,,,,,,,,,,,,,,,,,,,,,,,,,,,,,
16,5794,,,0.038784027099609375,0.4039306640625,16.0,1.0,1.0,1.0,1.0,1.0,1.0,1.0,1.0,0.0,0.0,0.0,0.0,0.0,0.0,0.0,0.0,0.0,27.0,1.0,0.001617132918909192,1.0,0.5252556800842285,0.953369140625,0.01641424000263214,0.015625,0.016357421875,0.0,1.0,0.05872892588376999,1.0,16.180557250976562,0.4990234375,0.25732421875,0.8899430632591248,0.916015625,0.24169921875,0.88623046875,0.2833419144153595,0.0,0.6875,0.04296875,1.0,0.0009403573349118233,1.0,1.0,0.0,0.0,0.0,0.0009403573349118233,,,,,,,,,,,,,,,,,,,,,,,,,,,,,,,,,,,,,,,,,,,,,,,,,,,,
,5800,24.828030850827584,8.055411289024295,,,,,,,,,,,,,,,,,,,,,,,,,,,,,,,,,,,,,,,,,,,,,,,,,,,,,,,,,,,,,,,,,,,,,,,,,,,,,,,,,,,,,,,,,,,,,,,,,,,,,,,,
16,5799,,,0.029860496520996094,0.406707763671875,16.0,1.0,1.0,1.0,1.0,1.0,1.0,1.0,1.0,0.0,0.0,0.0,0.0,0.0,0.0,0.0,0.0,0.0,27.0,1.0,0.003634848166257143,1.0,0.5158421993255615,0.9700927734375,0.016120068728923798,0.015625,0.01611328125,0.0,1.0,0.05711305886507034,1.0,16.17732048034668,0.48486328125,0.25,0.890625,0.887159526348114,0.23486328125,0.89306640625,0.27229100465774536,0.0,0.96875,0.06031709536910057,1.0,0.0011251985561102629,1.0,1.0,0.0,0.0,0.0,0.0011251985561102629,,,,,,,,,,,,,,,,,,,,,,,,,,,,,,,,,,,,,,,,,,,,,,,,,,,,
16,5804,,,0.03415203094482422,0.402313232421875,16.0,1.0,1.0,1.0,1.0,1.0,1.0,1.0,1.0,0.0,0.0,0.0,0.0,0.0,0.0,0.0,0.0,0.0,27.0,1.0,0.004428630694746971,1.0,0.5851836204528809,0.9775390625,0.018286988139152527,0.015625,0.018310546875,0.0,1.0,0.0472857691347599,1.0,16.201156616210938,0.49462890625,0.26416015625,0.9001848697662354,0.9437984228134155,0.23046875,0.931640625,0.22349587082862854,0.0,0.9375,0.05813419073820114,1.0,0.0007717084954492748,1.0,1.0,0.0,0.0,0.0,0.0007717084954492748,,,,,,,,,,,,,,,,,,,,,,,,,,,,,,,,,,,,,,,,,,,,,,,,,,,,
16,5809,,,0.03072071075439453,0.406036376953125,16.0,1.0,1.0,1.0,1.0,1.0,1.0,1.0,1.0,0.0,0.0,0.0,0.0,0.0,0.0,0.0,0.0,0.0,27.0,1.0,0.0027892342768609524,1.0,0.5600476264953613,0.973876953125,0.01750148832798004,0.015625,0.0174560546875,0.0,1.0,0.043336667120456696,1.0,16.192516326904297,0.48681640625,0.26123046875,0.9009345769882202,0.94140625,0.2255859375,0.93212890625,0.2047494649887085,0.0,0.96875,0.060546875,1.0,0.0010332129895687103,1.0,1.0,0.0,0.0,0.0,0.0010332129895687103,,,,,,,,,,,,,,,,,,,,,,,,,,,,,,,,,,,,,,,,,,,,,,,,,,,,
16,5814,,,0.034275054931640625,0.4005126953125,16.0,1.0,1.0,1.0,1.0,1.0,1.0,1.0,1.0,0.0,0.0,0.0,0.0,0.0,0.0,0.0,0.0,0.0,27.0,1.0,0.0032856781035661697,1.0,0.5524144172668457,0.97802734375,0.017262950539588928,0.015625,0.0172119140625,0.0,1.0,0.044769011437892914,1.0,16.189891815185547,0.4951171875,0.2529296875,0.9208494424819946,0.931640625,0.2421875,0.93310546875,0.21213994920253754,0.0,0.96875,0.060546875,1.0,0.0008335268357768655,1.0,1.0,0.0,0.0,0.0,0.0008335268357768655,,,,,,,,,,,,,,,,,,,,,,,,,,,,,,,,,,,,,,,,,,,,,,,,,,,,
16,5819,,,0.03360939025878906,0.4012451171875,16.0,1.0,1.0,1.0,1.0,1.0,1.0,1.0,1.0,0.0,0.0,0.0,0.0,0.0,0.0,0.0,0.0,0.0,27.0,1.0,0.00231728982180357,1.0,0.5735344886779785,0.9805908203125,0.01792295277118683,0.015625,0.0179443359375,0.0,1.0,0.04386003687977791,1.0,16.197153091430664,0.4921875,0.25537109375,0.90439772605896,0.923828125,0.23681640625,0.9287109375,0.2092609405517578,0.0,0.96875,0.060546875,1.0,0.0007338521536439657,1.0,1.0,0.0,0.0,0.0,0.0007338521536439657,,,,,,,,,,,,,,,,,,,,,,,,,,,,,,,,,,,,,,,,,,,,,,,,,,,,
16,5824,,,0.031691551208496094,0.400665283203125,16.0,1.0,1.0,1.0,1.0,1.0,1.0,1.0,1.0,0.0,0.0,0.0,0.0,0.0,0.0,0.0,0.0,0.0,27.0,1.0,0.001699233427643776,1.0,0.5984718799591064,0.9779052734375,0.018702246248722076,0.015625,0.0186767578125,0.0,1.0,0.041996147483587265,1.0,16.205724716186523,0.4912109375,0.25146484375,0.9359223246574402,0.9377431869506836,0.23974609375,0.93212890625,0.2017752230167389,0.0,1.0,0.06227022036910057,1.0,0.0005255391588434577,1.0,1.0,0.0,0.0,0.0,0.0005255391588434577,,,,,,,,,,,,,,,,,,,,,,,,,,,,,,,,,,,,,,,,,,,,,,,,,,,,
16,5829,,,0.029756546020507812,0.40191650390625,16.0,1.0,1.0,1.0,1.0,1.0,1.0,1.0,1.0,0.0,0.0,0.0,0.0,0.0,0.0,0.0,0.0,0.0,27.0,1.0,0.001241547055542469,1.0,0.5885834693908691,0.9788818359375,0.01839323341846466,0.015625,0.0184326171875,0.0,1.0,0.042986489832401276,1.0,16.20232582092285,0.48388671875,0.25537109375,0.9254302382469177,0.943469762802124,0.228515625,0.92724609375,0.20800372958183289,0.0,1.0,0.062385112047195435,1.0,0.0004096750053577125,1.0,1.0,0.0,0.0,0.0,0.0004096750053577125,,,,,,,,,,,,,,,,,,,,,,,,,,,,,,,,,,,,,,,,,,,,,,,,,,,,
16,5834,,,0.032115936279296875,0.4033203125,16.0,1.0,1.0,1.0,1.0,1.0,1.0,1.0,1.0,0.0,0.0,0.0,0.0,0.0,0.0,0.0,0.0,0.0,27.0,1.0,0.0011480457615107298,1.0,0.5890986919403076,0.9818115234375,0.018409334123134613,0.015625,0.0184326171875,0.0,1.0,0.04928458109498024,1.0,16.202503204345703,0.4853515625,0.24853515625,0.9371316432952881,0.9280155897140503,0.23681640625,0.91943359375,0.2396964132785797,0.0,1.0,0.06227022036910057,1.0,0.00036901183193549514,1.0,1.0,0.0,0.0,0.0,0.00036901183193549514,,,,,,,,,,,,,,,,,,,,,,,,,,,,,,,,,,,,,,,,,,,,,,,,,,,,
16,5839,,,0.02921581268310547,0.404754638671875,16.0,1.0,1.0,1.0,1.0,1.0,1.0,1.0,1.0,0.0,0.0,0.0,0.0,0.0,0.0,0.0,0.0,0.0,27.0,1.0,0.0018207402899861336,1.0,0.5683624744415283,0.95849609375,0.01776132732629776,0.015625,0.017822265625,0.0,1.0,0.07607781141996384,1.0,16.195375442504883,0.4677734375,0.2451171875,0.9422310590744019,0.923828125,0.22265625,0.88232421875,0.37206488847732544,0.0,1.0,0.0625,1.0,0.000560817657969892,1.0,1.0,0.0,0.0,0.0,0.000560817657969892,,,,,,,,,,,,,,,,,,,,,,,,,,,,,,,,,,,,,,,,,,,,,,,,,,,,
16,5844,,,0.035180091857910156,0.403656005859375,16.0,1.0,1.0,1.0,1.0,1.0,1.0,1.0,1.0,0.0,0.0,0.0,0.0,0.0,0.0,0.0,0.0,0.0,27.0,1.0,0.0017306047957390547,1.0,0.5581455230712891,0.9544677734375,0.017442047595977783,0.015625,0.0174560546875,0.0,1.0,0.07843061536550522,1.0,16.191862106323242,0.4501953125,0.2490234375,0.9313725233078003,0.927734375,0.201171875,0.8408203125,0.38424938917160034,0.0,1.0,0.0625,1.0,0.00044724135659635067,1.0,1.0,0.0,0.0,0.0,0.00044724135659635067,,,,,,,,,,,,,,,,,,,,,,,,,,,,,,,,,,,,,,,,,,,,,,,,,,,,
16,5849,,,0.03188133239746094,0.40142822265625,16.0,1.0,1.0,1.0,1.0,1.0,1.0,1.0,1.0,0.0,0.0,0.0,0.0,0.0,0.0,0.0,0.0,0.0,27.0,1.0,0.0012332707410678267,1.0,0.5455918312072754,0.9691162109375,0.017049744725227356,0.015625,0.01708984375,0.0,1.0,0.0992496907711029,1.0,16.18754768371582,0.62109375,0.2353515625,0.8838174343109131,0.83203125,0.3857421875,0.798828125,0.4893660545349121,0.0,1.0,0.0625,1.0,0.0004079323261976242,1.0,1.0,0.0,0.0,0.0,0.0004079323261976242,,,,,,,,,,,,,,,,,,,,,,,,,,,,,,,,,,,,,,,,,,,,,,,,,,,,
16,5854,,,0.0350799560546875,0.40472412109375,16.0,1.0,1.0,1.0,1.0,1.0,1.0,1.0,1.0,0.0,0.0,0.0,0.0,0.0,0.0,0.0,0.0,0.0,27.0,1.0,0.0027496684342622757,1.0,0.5716509819030762,0.927978515625,0.01786409318447113,0.015625,0.017822265625,0.0,1.0,0.1091100424528122,1.0,16.196504592895508,0.59033203125,0.22705078125,0.8838709592819214,0.8011695742607117,0.36328125,0.77685546875,0.5341861844062805,0.0,0.96875,0.060431987047195435,1.0,0.0008779127965681255,1.0,1.0,0.0,0.0,0.0,0.0008779127965681255,,,,,,,,,,,,,,,,,,,,,,,,,,,,,,,,,,,,,,,,,,,,,,,,,,,,
16,5859,,,0.033209800720214844,0.407623291015625,16.0,1.0,1.0,1.0,1.0,1.0,1.0,1.0,1.0,0.0,0.0,0.0,0.0,0.0,0.0,0.0,0.0,0.0,27.0,1.0,0.007693910971283913,1.0,0.6051754951477051,0.9775390625,0.018911734223365784,0.015625,0.0189208984375,0.0,1.0,0.0849107876420021,1.0,16.20802879333496,0.4365234375,0.2431640625,0.8935742974281311,0.869140625,0.193359375,0.85888671875,0.406570702791214,0.0,0.96875,0.060546875,1.0,0.0009634213056415319,1.0,1.0,0.0,0.0,0.0,0.0009634213056415319,,,,,,,,,,,,,,,,,,,,,,,,,,,,,,,,,,,,,,,,,,,,,,,,,,,,
16,5864,,,0.030826568603515625,0.406005859375,16.0,1.0,1.0,1.0,1.0,1.0,1.0,1.0,1.0,0.0,0.0,0.0,0.0,0.0,0.0,0.0,0.0,0.0,27.0,1.0,0.0031494733411818743,1.0,0.7011756896972656,0.9793701171875,0.02191174030303955,0.015625,0.02197265625,0.0,1.0,0.06420446932315826,1.0,16.241029739379883,0.43115234375,0.2783203125,0.8719298243522644,0.963178277015686,0.15283203125,0.86572265625,0.3097585439682007,0.0,0.96875,0.0601128488779068,1.0,0.0007184345158748329,1.0,1.0,0.0,0.0,0.0,0.0007184345158748329,,,,,,,,,,,,,,,,,,,,,,,,,,,,,,,,,,,,,,,,,,,,,,,,,,,,
16,5869,,,0.0388031005859375,0.40655517578125,16.0,1.0,1.0,1.0,1.0,1.0,1.0,1.0,1.0,0.0,0.0,0.0,0.0,0.0,0.0,0.0,0.0,0.0,27.0,1.0,0.0015305313281714916,1.0,0.6806235313415527,0.97998046875,0.021269485354423523,0.015625,0.021240234375,0.0,1.0,0.061593446880578995,1.0,16.233964920043945,0.46728515625,0.28515625,0.8527397513389587,0.9707602262496948,0.18212890625,0.88037109375,0.3000338077545166,0.0,0.9375,0.058478862047195435,1.0,0.00039067910984158516,1.0,1.0,0.0,0.0,0.0,0.00039067910984158516,,,,,,,,,,,,,,,,,,,,,,,,,,,,,,,,,,,,,,,,,,,,,,,,,,,,
16,5874,,,0.030320167541503906,0.408416748046875,16.0,1.0,1.0,1.0,1.0,1.0,1.0,1.0,1.0,0.0,0.0,0.0,0.0,0.0,0.0,0.0,0.0,0.0,27.0,1.0,0.0013069146079942584,1.0,0.5393989086151123,0.982177734375,0.01685621589422226,0.015625,0.016845703125,0.0,1.0,0.05502469465136528,1.0,16.1854190826416,0.47607421875,0.24365234375,0.9098196625709534,0.8832684755325317,0.232421875,0.8955078125,0.2685966491699219,0.0,0.9375,0.05836397036910057,1.0,0.000337832432705909,1.0,1.0,0.0,0.0,0.0,0.000337832432705909,,,,,,,,,,,,,,,,,,,,,,,,,,,,,,,,,,,,,,,,,,,,,,,,,,,,
16,5879,,,0.03461742401123047,0.405548095703125,16.0,1.0,1.0,1.0,1.0,1.0,1.0,1.0,1.0,0.0,0.0,0.0,0.0,0.0,0.0,0.0,0.0,0.0,27.0,1.0,0.0014091404154896736,1.0,0.5464520454406738,0.98291015625,0.017076626420021057,0.015625,0.01708984375,0.0,1.0,0.06553293019533157,1.0,16.187843322753906,0.505859375,0.248046875,0.8897637724876404,0.8828125,0.2578125,0.88134765625,0.32016628980636597,0.0,0.875,0.0546875,1.0,0.00045979232527315617,1.0,1.0,0.0,0.0,0.0,0.00045979232527315617,,,,,,,,,,,,,,,,,,,,,,,,,,,,,,,,,,,,,,,,,,,,,,,,,,,,
16,5884,,,0.03642749786376953,0.411468505859375,16.0,1.0,1.0,1.0,1.0,1.0,1.0,1.0,1.0,0.0,0.0,0.0,0.0,0.0,0.0,0.0,0.0,0.0,27.0,1.0,0.0017715925350785255,1.0,0.525000810623169,0.9798583984375,0.01640627533197403,0.015625,0.016357421875,0.0,1.0,0.0625661090016365,1.0,16.180469512939453,0.529296875,0.24462890625,0.8782435059547424,0.859375,0.28466796875,0.880859375,0.3046931028366089,0.0,1.0,0.0625,1.0,0.0004922484513372183,1.0,1.0,0.0,0.0,0.0,0.0004922484513372183,,,,,,,,,,,,,,,,,,,,,,,,,,,,,,,,,,,,,,,,,,,,,,,,,,,,
16,5889,,,0.03340435028076172,0.407073974609375,16.0,1.0,1.0,1.0,1.0,1.0,1.0,1.0,1.0,0.0,0.0,0.0,0.0,0.0,0.0,0.0,0.0,0.0,27.0,1.0,0.0022502364590764046,1.0,0.5039448738098145,0.97900390625,0.0157482773065567,0.015625,0.0157470703125,0.0,1.0,0.06600994616746902,1.0,16.17323112487793,0.51611328125,0.259765625,0.8402255773544312,0.873046875,0.25634765625,0.88232421875,0.3212897777557373,0.0,1.0,0.0625,1.0,0.0005406770505942404,1.0,1.0,0.0,0.0,0.0,0.0005406770505942404,,,,,,,,,,,,,,,,,,,,,,,,,,,,,,,,,,,,,,,,,,,,,,,,,,,,
16,5894,,,0.03609466552734375,0.40911865234375,16.0,1.0,1.0,1.0,1.0,1.0,1.0,1.0,1.0,0.0,0.0,0.0,0.0,0.0,0.0,0.0,0.0,0.0,27.0,1.0,0.002727665938436985,1.0,0.46598386764526367,0.968994140625,0.01456199586391449,0.015625,0.01458740234375,0.0,1.0,0.05671022832393646,1.0,16.160181045532227,0.4794921875,0.25927734375,0.8644067645072937,0.896484375,0.22021484375,0.89501953125,0.27392080426216125,0.0,1.0,0.0625,1.0,0.0005913799977861345,1.0,1.0,0.0,0.0,0.0,0.0005913799977861345,,,,,,,,,,,,,,,,,,,,,,,,,,,,,,,,,,,,,,,,,,,,,,,,,,,,
,5900,12.399231967491525,8.065015660823295,,,,,,,,,,,,,,,,,,,,,,,,,,,,,,,,,,,,,,,,,,,,,,,,,,,,,,,,,,,,,,,,,,,,,,,,,,,,,,,,,,,,,,,,,,,,,,,,,,,,,,,,
16,5899,,,0.03240776062011719,0.40863037109375,16.0,1.0,1.0,1.0,1.0,1.0,1.0,1.0,1.0,0.0,0.0,0.0,0.0,0.0,0.0,0.0,0.0,0.0,27.0,1.0,0.0023870491422712803,1.0,0.5345621109008789,0.9736328125,0.016705065965652466,0.015625,0.0167236328125,0.0,1.0,0.0473046638071537,1.0,16.18375587463379,0.45849609375,0.248046875,0.9330708384513855,0.92578125,0.21044921875,0.90966796875,0.22691796720027924,0.0,0.90625,0.056640625,1.0,0.0006664436659775674,1.0,1.0,0.0,0.0,0.0,0.0006664436659775674,,,,,,,,,,,,,,,,,,,,,,,,,,,,,,,,,,,,,,,,,,,,,,,,,,,,
16,5904,,,0.033005714416503906,0.406219482421875,16.0,1.0,1.0,1.0,1.0,1.0,1.0,1.0,1.0,0.0,0.0,0.0,0.0,0.0,0.0,0.0,0.0,0.0,27.0,1.0,0.0021251006983220577,1.0,0.5671045780181885,0.968505859375,0.01772201806306839,0.015625,0.0177001953125,0.0,1.0,0.04246293753385544,1.0,16.194942474365234,0.4892578125,0.26953125,0.8949275612831116,0.96484375,0.2197265625,0.92822265625,0.20377521216869354,0.0,0.96875,0.060546875,1.0,0.0004917946644127369,1.0,1.0,0.0,0.0,0.0,0.0004917946644127369,,,,,,,,,,,,,,,,,,,,,,,,,,,,,,,,,,,,,,,,,,,,,,,,,,,,
16,5909,,,0.03075122833251953,0.413055419921875,16.0,1.0,1.0,1.0,1.0,1.0,1.0,1.0,1.0,0.0,0.0,0.0,0.0,0.0,0.0,0.0,0.0,0.0,27.0,1.0,0.0024147513322532177,1.0,0.504847526550293,0.9205322265625,0.015776485204696655,0.015625,0.0157470703125,0.0,1.0,0.04495878890156746,1.0,16.173542022705078,0.51171875,0.26171875,0.8992537260055542,0.94140625,0.25,0.9189453125,0.21533703804016113,0.0,0.875,0.0546875,1.0,0.000665468571241945,1.0,1.0,0.0,0.0,0.0,0.000665468571241945,,,,,,,,,,,,,,,,,,,,,,,,,,,,,,,,,,,,,,,,,,,,,,,,,,,,
16,5914,,,0.032100677490234375,0.40869140625,16.0,1.0,1.0,1.0,1.0,1.0,1.0,1.0,1.0,0.0,0.0,0.0,0.0,0.0,0.0,0.0,0.0,0.0,27.0,1.0,0.0017158963019028306,1.0,0.5153095722198486,0.945068359375,0.01610342413187027,0.015625,0.01611328125,0.0,1.0,0.05132267624139786,1.0,16.17713737487793,0.50146484375,0.24365234375,0.8937875628471375,0.87109375,0.2578125,0.90185546875,0.24893900752067566,0.0,1.0,0.0625,1.0,0.00046255451161414385,1.0,1.0,0.0,0.0,0.0,0.00046255451161414385,,,,,,,,,,,,,,,,,,,,,,,,,,,,,,,,,,,,,,,,,,,,,,,,,,,,
16,5919,,,0.036881446838378906,0.407745361328125,16.0,1.0,1.0,1.0,1.0,1.0,1.0,1.0,1.0,0.0,0.0,0.0,0.0,0.0,0.0,0.0,0.0,0.0,27.0,1.0,0.0018080930458381772,1.0,0.5038962364196777,0.944580078125,0.01574675738811493,0.015625,0.0157470703125,0.0,1.0,0.04625144973397255,1.0,16.173213958740234,0.49951171875,0.25,0.892578125,0.892578125,0.24951171875,0.9091796875,0.22329068183898926,0.0,1.0,0.0625,1.0,0.00045776256592944264,1.0,1.0,0.0,0.0,0.0,0.00045776256592944264,,,,,,,,,,,,,,,,,,,,,,,,,,,,,,,,,,,,,,,,,,,,,,,,,,,,
16,5924,,,0.031230926513671875,0.403564453125,16.0,1.0,1.0,1.0,1.0,1.0,1.0,1.0,1.0,0.0,0.0,0.0,0.0,0.0,0.0,0.0,0.0,0.0,27.0,1.0,0.002174261026084423,1.0,0.5829014778137207,0.96142578125,0.018215671181678772,0.015625,0.0181884765625,0.0,1.0,0.04591880738735199,1.0,16.20037269592285,0.50048828125,0.251953125,0.9108527302742004,0.91796875,0.24853515625,0.92333984375,0.2211192101240158,0.0,1.0,0.0625,1.0,0.0004747897619381547,1.0,1.0,0.0,0.0,0.0,0.0004747897619381547,,,,,,,,,,,,,,,,,,,,,,,,,,,,,,,,,,,,,,,,,,,,,,,,,,,,
16,5929,,,0.03141021728515625,0.40631103515625,16.0,1.0,1.0,1.0,1.0,1.0,1.0,1.0,1.0,0.0,0.0,0.0,0.0,0.0,0.0,0.0,0.0,0.0,27.0,1.0,0.0020666553173214197,1.0,0.5746784210205078,0.9705810546875,0.01795870065689087,0.015625,0.0179443359375,0.0,1.0,0.045438386499881744,1.0,16.197546005249023,0.5107421875,0.26025390625,0.9005628228187561,0.9375,0.25048828125,0.91796875,0.21900853514671326,0.0,0.96875,0.060546875,1.0,0.0004473314038477838,1.0,1.0,0.0,0.0,0.0,0.0004473314038477838,,,,,,,,,,,,,,,,,,,,,,,,,,,,,,,,,,,,,,,,,,,,,,,,,,,,
16,5931,,,,,,,,,,,,,,,,,,,,,,,,,,,,,,,,,,,,,,,,,,,,,,,,,,,,,,,0.028774088248610497,0.4056285619735718,16.0,1.0,1.0,1.0,1.0,1.0,1.0,1.0,1.0,0.0,0.0,0.0,0.0,0.0,0.0,0.0,0.0,0.0,27.0,1.0,0.0021702898666262627,1.0,0.5873183608055115,0.9607599377632141,0.018353698775172234,0.015625,0.018354935571551323,0.0,1.0,0.044651735574007034,1.0,16.20189094543457,0.5028409361839294,0.2634943127632141,0.8921974301338196,0.9403409361839294,0.23934659361839294,0.9190340638160706,0.21511417627334595,0.0,0.9090909361839294,0.05681818351149559,1.0,0.00043150794226676226,1.0,1.0,0.0,0.0,0.0,0.00043150794226676226
16,5934,,,0.03440570831298828,0.406219482421875,16.0,1.0,1.0,1.0,1.0,1.0,1.0,1.0,1.0,0.0,0.0,0.0,0.0,0.0,0.0,0.0,0.0,0.0,27.0,1.0,0.0019183445256203413,1.0,0.586550235748291,0.9613037109375,0.018329694867134094,0.015625,0.018310546875,0.0,1.0,0.0406499058008194,1.0,16.20162582397461,0.50244140625,0.26171875,0.8973880410194397,0.939453125,0.24072265625,0.92333984375,0.19512319564819336,0.0,0.90625,0.056640625,1.0,0.00043541163904592395,1.0,1.0,0.0,0.0,0.0,0.00043541163904592395,,,,,,,,,,,,,,,,,,,,,,,,,,,,,,,,,,,,,,,,,,,,,,,,,,,,
16,5939,,,0.033501625061035156,0.406097412109375,16.0,1.0,1.0,1.0,1.0,1.0,1.0,1.0,1.0,0.0,0.0,0.0,0.0,0.0,0.0,0.0,0.0,0.0,27.0,1.0,0.0014996468089520931,1.0,0.5672430992126465,0.935302734375,0.017726346850395203,0.015625,0.0177001953125,0.0,1.0,0.04530654475092888,1.0,16.194990158081055,0.48876953125,0.2490234375,0.927450954914093,0.923828125,0.23974609375,0.9189453125,0.21934232115745544,0.0,0.875,0.0546875,1.0,0.00037338753463700414,1.0,1.0,0.0,0.0,0.0,0.00037338753463700414,,,,,,,,,,,,,,,,,,,,,,,,,,,,,,,,,,,,,,,,,,,,,,,,,,,,
16,5944,,,0.032344818115234375,0.4053955078125,16.0,1.0,1.0,1.0,1.0,1.0,1.0,1.0,1.0,0.0,0.0,0.0,0.0,0.0,0.0,0.0,0.0,0.0,27.0,1.0,0.0015833363868296146,1.0,0.5692083835601807,0.9642333984375,0.017787761986255646,0.015625,0.017822265625,0.0,1.0,0.051643434911966324,1.0,16.19566535949707,0.4775390625,0.2490234375,0.927450954914093,0.923828125,0.228515625,0.912109375,0.2509709596633911,0.0,1.0,0.0625,1.0,0.00037328421603888273,1.0,1.0,0.0,0.0,0.0,0.00037328421603888273,,,,,,,,,,,,,,,,,,,,,,,,,,,,,,,,,,,,,,,,,,,,,,,,,,,,
16,5949,,,0.03453636169433594,0.4072265625,16.0,1.0,1.0,1.0,1.0,1.0,1.0,1.0,1.0,0.0,0.0,0.0,0.0,0.0,0.0,0.0,0.0,0.0,27.0,1.0,0.0012786195147782564,1.0,0.563241720199585,0.9588623046875,0.01760130375623703,0.015625,0.017578125,0.0,1.0,0.048340778797864914,1.0,16.193614959716797,0.490234375,0.2529296875,0.9054054021835327,0.916015625,0.2373046875,0.916015625,0.2347569614648819,0.0,0.96875,0.060546875,1.0,0.000373413204215467,1.0,1.0,0.0,0.0,0.0,0.000373413204215467,,,,,,,,,,,,,,,,,,,,,,,,,,,,,,,,,,,,,,,,,,,,,,,,,,,,
16,5954,,,0.0367431640625,0.40338134765625,16.0,1.0,1.0,1.0,1.0,1.0,1.0,1.0,1.0,0.0,0.0,0.0,0.0,0.0,0.0,0.0,0.0,0.0,27.0,1.0,0.003584453370422125,1.0,0.6012108325958252,0.9439697265625,0.018787838518619537,0.015625,0.018798828125,0.0,1.0,0.05476776510477066,1.0,16.206666946411133,0.4912109375,0.2578125,0.8787878751754761,0.90625,0.2333984375,0.8955078125,0.2621825933456421,0.0,0.875,0.0546875,1.0,0.0006919529405422509,1.0,1.0,0.0,0.0,0.0,0.0006919529405422509,,,,,,,,,,,,,,,,,,,,,,,,,,,,,,,,,,,,,,,,,,,,,,,,,,,,
16,5959,,,0.035129547119140625,0.40728759765625,16.0,1.0,1.0,0.90625,0.994140625,1.0,1.0,1.0,1.0,0.0,0.0,1.0,0.09375,0.0,0.0,1.0,0.00146484375,0.0,27.0,0.90625,0.0069268206134438515,1.0,0.5940849781036377,0.9736328125,0.018565155565738678,0.015625,0.0185546875,0.0,1.0,0.05637243017554283,0.9985119700431824,16.20421600341797,0.4794921875,0.2509765625,0.9143968820571899,0.91796875,0.228515625,0.9091796875,0.2527695596218109,0.0,0.96875,0.060546875,0.99853515625,0.0033635818399488926,1.0,1.0,0.0,0.0,0.0,0.0033635818399488926,,,,,,,,,,,,,,,,,,,,,,,,,,,,,,,,,,,,,,,,,,,,,,,,,,,,
16,5964,,,0.029542922973632812,0.40557861328125,16.0,1.0,1.0,1.0,1.0,1.0,1.0,1.0,1.0,0.0,0.0,0.0,0.0,0.0,0.0,0.0,0.0,0.0,27.0,1.0,0.0019902519416064024,1.0,0.6300749778747559,0.97314453125,0.01968984305858612,0.015625,0.0196533203125,0.0,1.0,0.044064491987228394,1.0,16.216588973999023,0.490234375,0.2451171875,0.9143426418304443,0.896484375,0.2451171875,0.921875,0.21175210177898407,0.0,1.0,0.0625,1.0,0.0005281635094434023,1.0,1.0,0.0,0.0,0.0,0.0005281635094434023,,,,,,,,,,,,,,,,,,,,,,,,,,,,,,,,,,,,,,,,,,,,,,,,,,,,
16,5969,,,0.03393363952636719,0.40814208984375,16.0,1.0,1.0,1.0,1.0,1.0,1.0,1.0,1.0,0.0,0.0,0.0,0.0,0.0,0.0,0.0,0.0,0.0,27.0,1.0,0.0016525639221072197,1.0,0.6224031448364258,0.9471435546875,0.019450098276138306,0.015625,0.0194091796875,0.0,1.0,0.04419469088315964,1.0,16.213951110839844,0.5087890625,0.24560546875,0.9224652051925659,0.90625,0.26318359375,0.92626953125,0.21253514289855957,0.0,1.0,0.0625,1.0,0.0005460830871015787,1.0,1.0,0.0,0.0,0.0,0.0005460830871015787,,,,,,,,,,,,,,,,,,,,,,,,,,,,,,,,,,,,,,,,,,,,,,,,,,,,
16,5974,,,0.03368854522705078,0.405609130859375,16.0,1.0,1.0,1.0,1.0,1.0,1.0,1.0,1.0,0.0,0.0,0.0,0.0,0.0,0.0,0.0,0.0,0.0,27.0,1.0,0.002033721189945936,1.0,0.6451284885406494,0.9561767578125,0.020160265266895294,0.015625,0.0201416015625,0.0,1.0,0.05018536001443863,1.0,16.221763610839844,0.51318359375,0.255859375,0.8950381875038147,0.9124513864517212,0.25732421875,0.9130859375,0.24207696318626404,0.0,0.9375,0.05836397036910057,1.0,0.000522201880812645,1.0,1.0,0.0,0.0,0.0,0.000522201880812645,,,,,,,,,,,,,,,,,,,,,,,,,,,,,,,,,,,,,,,,,,,,,,,,,,,,
16,5979,,,0.03709220886230469,0.40704345703125,16.0,1.0,1.0,1.0,1.0,1.0,1.0,1.0,1.0,0.0,0.0,0.0,0.0,0.0,0.0,0.0,0.0,0.0,27.0,1.0,0.002666180022060871,1.0,0.6202974319458008,0.9683837890625,0.019384294748306274,0.015625,0.0194091796875,0.0,1.0,0.04669675976037979,1.0,16.213226318359375,0.501953125,0.2587890625,0.8924528360366821,0.923828125,0.2431640625,0.92333984375,0.221208393573761,0.0,0.84375,0.052734375,1.0,0.0010285169119015336,1.0,1.0,0.0,0.0,0.0,0.0010285169119015336,,,,,,,,,,,,,,,,,,,,,,,,,,,,,,,,,,,,,,,,,,,,,,,,,,,,
17,5984,,,0.032652854919433594,0.405242919921875,16.0,1.0,1.0,1.0,1.0,1.0,1.0,1.0,1.0,0.0,0.0,0.0,0.0,0.0,0.0,0.0,0.0,0.0,27.0,1.0,0.001973597565665841,1.0,0.6299076080322266,0.96923828125,0.01968461275100708,0.015625,0.0196533203125,0.0,1.0,0.04147880896925926,1.0,16.216529846191406,0.49609375,0.2470703125,0.9367588758468628,0.92578125,0.2490234375,0.931640625,0.19879187643527985,0.0,0.9375,0.05859375,1.0,0.000507589487824589,1.0,1.0,0.0,0.0,0.0,0.000507589487824589,,,,,,,,,,,,,,,,,,,,,,,,,,,,,,,,,,,,,,,,,,,,,,,,,,,,
17,5989,,,0.03180885314941406,0.4034423828125,16.0,1.0,1.0,1.0,1.0,1.0,1.0,1.0,1.0,0.0,0.0,0.0,0.0,0.0,0.0,0.0,0.0,0.0,27.0,1.0,0.0019620878156274557,1.0,0.6306285858154297,0.978759765625,0.019707143306732178,0.015625,0.0196533203125,0.0,1.0,0.038090676069259644,1.0,16.216777801513672,0.49658203125,0.25048828125,0.9278752207756042,0.9296875,0.24609375,0.935546875,0.18135417997837067,0.0,1.0,0.0625,1.0,0.0006183123332448304,1.0,1.0,0.0,0.0,0.0,0.0006183123332448304,,,,,,,,,,,,,,,,,,,,,,,,,,,,,,,,,,,,,,,,,,,,,,,,,,,,
17,5994,,,0.038092613220214844,0.400787353515625,16.0,1.0,1.0,1.0,1.0,1.0,1.0,1.0,1.0,0.0,0.0,0.0,0.0,0.0,0.0,0.0,0.0,0.0,27.0,1.0,0.001197464531287551,1.0,0.6249353885650635,0.9853515625,0.019529230892658234,0.015625,0.01953125,0.0,1.0,0.03615451976656914,1.0,16.214820861816406,0.501953125,0.251953125,0.9418604373931885,0.94921875,0.25,0.9443359375,0.17377018928527832,0.0,1.0,0.0625,1.0,0.00032918236684054136,1.0,1.0,0.0,0.0,0.0,0.00032918236684054136,,,,,,,,,,,,,,,,,,,,,,,,,,,,,,,,,,,,,,,,,,,,,,,,,,,,
,6000,0.0,8.04131827132442,,,,,,,,,,,,,,,,,,,,,,,,,,,,,,,,,,,,,,,,,,,,,,,,,,,,,,,,,,,,,,,,,,,,,,,,,,,,,,,,,,,,,,,,,,,,,,,,,,,,,,,,
17,5999,,,0.03493309020996094,0.41021728515625,16.0,1.0,1.0,1.0,1.0,1.0,1.0,1.0,1.0,0.0,0.0,0.0,0.0,0.0,0.0,0.0,0.0,0.0,27.0,1.0,0.0015470318030565977,1.0,0.505864143371582,0.975341796875,0.01580825448036194,0.015625,0.015869140625,0.0,1.0,0.0437452495098114,1.0,16.173891067504883,0.50390625,0.251953125,0.9031007885932922,0.91015625,0.251953125,0.921875,0.2109784185886383,0.0,0.96875,0.060546875,1.0,0.0004968547145836055,1.0,1.0,0.0,0.0,0.0,0.0004968547145836055,,,,,,,,,,,,,,,,,,,,,,,,,,,,,,,,,,,,,,,,,,,,,,,,,,,,
